lots;boards;panels;anzahlFrames;panelSize;boardsInFrame;projNr;process;subProcess;prozessOrder;frame_tactTime_brutto;frame_tactTime_netto;panel_tactTime_brutto;panel_tactTime_netto;board_tactTime_brutto;board_tactTime_netto;manufacturingTime
48;25034;12517;NULL;2;NULL;00671I;1_SMT;1_SMTA;1;NULL;NULL;0,7056;0,5865;0,3528;0,2933;2025-04-28
48;40194;20097;NULL;2;NULL;00671I;2_ODD;2_ODDA;2;NULL;NULL;2,1185;1,8696;1,0593;0,9348;2025-04-09
48;12638;6319;6499;2;4;00671I;3_SEL;3_SELA;3;3,4638;2,8;1,7319;1,4;0,866;0,7;2025-04-28
48;9482;4741;NULL;2;NULL;00671I;4_AOI;4_AOI_SIDEA;4;NULL;NULL;0,4737;0,4132;0,2368;0,2066;2025-04-09
48;34968;17484;NULL;2;NULL;00671I;4_AOI;4_AOI_SIDEB;5;NULL;NULL;0,5981;0,4566;0,299;0,2283;2025-04-09
48;28828;14414;NULL;2;NULL;00671I;4_AOI;4_AOI_SMT;6;NULL;NULL;0,4547;0,4093;0,2273;0,2047;2025-11-04
48;40188;20094;NULL;2;NULL;00671I;5_FPT;5_FPT_BASIC;7;NULL;NULL;1,2693;1,1283;0,6347;0,5642;2025-04-09
48;31164;15582;NULL;2;NULL;00671I;6_DEP;6_DEP;8;NULL;NULL;0,6897;0,596;0,3448;0,298;2025-10-03
4;186;93;97;2;4;0067AH;3_SEL;3_SELA;1;5,1334;3,9;2,5667;1,95;1,2833;0,975;2024-09-06
4;2012;1006;NULL;2;NULL;0067AH;4_AOI;4_AOI_SIDEA;2;NULL;NULL;0,4584;0,4209;0,2292;0,2104;2024-09-06
4;2012;1006;NULL;2;NULL;0067AH;4_AOI;4_AOI_SIDEB;3;NULL;NULL;0,5791;0,5125;0,2896;0,2563;2024-09-06
4;2012;1006;NULL;2;NULL;0067AH;5_FPT;5_FPT_BASIC;4;NULL;NULL;1,1708;1,0375;0,5854;0,5188;2024-09-06
5;3076;1538;NULL;2;NULL;0067AI;1_SMT;1_SMTA;1;NULL;NULL;0,7125;0,675;0,3563;0,3375;2025-05-28
5;4030;2015;NULL;2;NULL;0067AI;2_ODD;2_ODDA;2;NULL;NULL;2,17;1,8633;1,085;0,9317;2025-05-28
5;1974;987;1015;2;4;0067AI;3_SEL;3_SELA;3;3,7466;2,8733;1,8733;1,4367;0,9367;0,7183;2025-05-28
5;1008;504;NULL;2;NULL;0067AI;4_AOI;4_AOI_SIDEA;4;NULL;NULL;0,425;0,3916;0,2125;0,1958;2025-05-28
5;4030;2015;NULL;2;NULL;0067AI;4_AOI;4_AOI_SIDEB;5;NULL;NULL;0,62;0,49;0,31;0,245;2025-05-28
5;3024;1512;NULL;2;NULL;0067AI;4_AOI;4_AOI_SMT;6;NULL;NULL;0,4555;0,4167;0,2278;0,2083;2026-02-17
5;3942;1971;NULL;2;NULL;0067AI;5_FPT;5_FPT_BASIC;7;NULL;NULL;1,3042;1,1396;0,6521;0,5698;2025-05-28
5;90;45;NULL;2;NULL;0067AI;5_FPT;5_FPT_PREMIUM;8;NULL;NULL;2,65;2,4333;1,325;1,2167;2025-05-28
5;3020;1510;NULL;2;NULL;0067AI;6_DEP;6_DEP;9;NULL;NULL;0,7778;0,7;0,3889;0,35;2026-02-17
2;400;200;NULL;2;NULL;0067BI;1_SMT;1_SMTA;1;NULL;NULL;0,65;0,6;0,325;0,3;2026-01-16
2;250;125;143;2;4;0067BI;3_SEL;3_SELA;2;1,8;1,3167;0,9;0,6583;0,45;0,3292;2025-11-05
2;500;250;NULL;2;NULL;0067BI;4_AOI;4_AOI_SIDEB;3;NULL;NULL;1,3667;1,1833;0,6834;0,5917;2025-11-05
2;496;248;NULL;2;NULL;0067BI;5_FPT;5_FPT_BASIC;4;NULL;NULL;1,1917;1,0833;0,5958;0,5416;2025-11-05
2;500;250;NULL;2;NULL;0067BI;6_DEP;6_DEP;5;NULL;NULL;0,6666;0,5917;0,3333;0,2958;2025-11-05
2;801;89;NULL;9;NULL;00681A;4_AOI;4_AOI_SIDEB;1;NULL;NULL;1,0333;0,875;0,1148;0,0972;2025-09-04
2;792;88;NULL;9;NULL;00681A;5_FPT;5_FPT_PREMIUM;2;NULL;NULL;2,025;1,5667;0,225;0,1741;2025-09-04
30;110040;1834;NULL;60;NULL;0069CF;1_SMT;1_SMTA;1;NULL;NULL;1,8389;1,4722;0,0306;0,0245;2026-02-13
30;34960;1748;NULL;20;NULL;0069CF;4_AOI;4_AOI_SIDEA;2;NULL;NULL;0,4857;0,419;0,0243;0,021;2024-10-23
30;182820;3047;NULL;60;NULL;0069CF;4_AOI;4_AOI_SIDEA;3;NULL;NULL;0,8015;0,7015;0,0134;0,0117;2025-02-25
30;41000;2050;NULL;20;NULL;0069CF;5_FPT;5_FPT_PREMIUM;4;NULL;NULL;1,4606;1,3545;0,073;0,0677;2024-10-23
30;183780;3063;NULL;60;NULL;0069CF;5_FPT;5_FPT_PREMIUM;5;NULL;NULL;4,2667;4,0839;0,0711;0,0681;2025-02-25
1;3800;190;NULL;20;NULL;0069FE;4_AOI;4_AOI_SIDEA;1;NULL;NULL;0,4833;0,4167;0,0242;0,0208;2024-11-26
1;3800;190;NULL;20;NULL;0069FE;5_FPT;5_FPT_PREMIUM;2;NULL;NULL;1,4;1,3833;0,07;0,0692;2024-11-26
135;533880;8898;NULL;60;NULL;0069FF;1_SMT;1_SMTA;1;NULL;NULL;1,72;1,4556;0,0287;0,0243;2026-01-07
135;100900;5045;NULL;20;NULL;0069FF;4_AOI;4_AOI_SIDEA;2;NULL;NULL;0,4587;0,4056;0,0229;0,0203;2024-08-27
135;1016280;16938;NULL;60;NULL;0069FF;4_AOI;4_AOI_SIDEA;3;NULL;NULL;0,7372;0,6526;0,0123;0,0109;2025-01-23
135;166820;8341;NULL;20;NULL;0069FF;5_FPT;5_FPT_PREMIUM;4;NULL;NULL;1,4021;1,3175;0,0701;0,0659;2024-08-27
135;1024080;17068;NULL;60;NULL;0069FF;5_FPT;5_FPT_PREMIUM;5;NULL;NULL;4,1319;3,9772;0,0689;0,0663;2025-01-23
1;400;20;NULL;20;NULL;0069GE;4_AOI;4_AOI_SIDEA;1;NULL;NULL;0,65;0,4;0,0325;0,02;2024-09-06
1;420;21;NULL;20;NULL;0069GE;5_FPT;5_FPT_PREMIUM;2;NULL;NULL;1,75;1,2833;0,0875;0,0642;2024-09-06
7;402;201;NULL;2;NULL;006D1A;1_SMT;1_SMTA;1;NULL;NULL;0,8166;0,6167;0,4083;0,3083;2026-04-14
7;1402;701;NULL;2;NULL;006D1A;2_ODD;2_ODDA;2;NULL;NULL;4,9944;4,1139;2,4972;2,057;2025-09-04
7;416;208;421;2;2;006D1A;3_SEL;3_SELA;3;3,4042;2,6334;3,4042;2,6334;1,7021;1,3167;2025-09-04
7;1710;855;NULL;2;NULL;006D1A;4_AOI;4_AOI_SIDEB;4;NULL;NULL;1,7521;1,4771;0,876;0,7385;2024-08-26
7;1690;845;NULL;2;NULL;006D1A;5_FPT;5_FPT_PREMIUM;5;NULL;NULL;5,9303;4,9652;2,9651;2,4826;2024-08-26
7;1100;550;NULL;2;NULL;006D1A;6_DEP;6_DEP;6;NULL;NULL;1,11;0,7767;0,555;0,3883;2025-10-14
7;240;120;NULL;2;NULL;006E1B;1_SMT;1_SMTA;1;NULL;NULL;0,6833;0,5167;0,3417;0,2584;2026-05-27
7;142;71;105;2;4;006E1B;3_SEL;3_SELA;2;4,2333;2,8;2,1166;1,4;1,0583;0,7;2025-01-24
7;610;305;NULL;2;NULL;006E1B;4_AOI;4_AOI_SIDEA;3;NULL;NULL;1,15;0,9611;0,575;0,4806;2024-11-11
7;700;350;NULL;2;NULL;006E1B;4_AOI;4_AOI_SIDEB;4;NULL;NULL;1,1458;0,9292;0,5729;0,4646;2025-04-07
7;1300;650;NULL;2;NULL;006E1B;5_FPT;5_FPT_BASIC;5;NULL;NULL;0,7238;0,4476;0,3619;0,2238;2024-11-11
7;300;150;NULL;2;NULL;006E1B;6_DEP;6_DEP;6;NULL;NULL;0,8583;0,7167;0,4292;0,3583;2026-05-07
1;98;49;NULL;2;NULL;006EAA;4_AOI;4_AOI_SIDEB;1;NULL;NULL;1,2167;0,8833;0,6083;0,4416;2024-09-20
1;98;49;NULL;2;NULL;006EAA;5_FPT;5_FPT_BASIC;2;NULL;NULL;0,7833;0,5833;0,3916;0,2917;2024-09-20
1;50;25;NULL;2;NULL;006EAB;4_AOI;4_AOI_SIDEB;1;NULL;NULL;1,0833;0,9333;0,5416;0,4667;2026-05-07
1;50;25;NULL;2;NULL;006EAB;5_FPT;5_FPT_BASIC;2;NULL;NULL;1;0,6;0,5;0,3;2026-05-07
1;50;25;NULL;2;NULL;006EAB;6_DEP;6_DEP;3;NULL;NULL;0,75;0,75;0,375;0,375;2026-05-07
7;1008;504;NULL;2;NULL;006IBC;1_SMT;1_SMTA;1;NULL;NULL;0,9417;0,7416;0,4708;0,3708;2026-06-05
7;2036;1018;NULL;2;NULL;006IBC;2_ODD;2_ODDA;2;NULL;NULL;3,8583;3,0958;1,9292;1,5479;2025-04-07
7;607;303,5;620;2;2;006IBC;3_SEL;3_SELA;3;3,0333;2,2056;3,0333;2,2056;1,5167;1,1028;2025-04-07
7;1000;500;NULL;2;NULL;006IBC;4_AOI;4_AOI_SIDEA;4;NULL;NULL;0,5583;0,4917;0,2792;0,2458;2024-08-28
7;3536;1768;NULL;2;NULL;006IBC;4_AOI;4_AOI_SIDEB;5;NULL;NULL;0,6262;0,5024;0,3131;0,2512;2024-08-28
7;2538;1269;NULL;2;NULL;006IBC;4_AOI;4_AOI_SMT;6;NULL;NULL;0,5433;0,48;0,2717;0,24;2024-11-19
7;3538;1769;NULL;2;NULL;006IBC;5_FPT;5_FPT_PREMIUM;7;NULL;NULL;6,1683;5,9683;3,0842;2,9842;2024-08-28
7;998;499;NULL;2;NULL;006IBC;6_DEP;6_DEP;8;NULL;NULL;0,6916;0,5084;0,3458;0,2542;2026-06-05
5;1008;504;NULL;2;NULL;006ICC;1_SMT;1_SMTA;1;NULL;NULL;0,9;0,825;0,45;0,4125;2026-04-10
5;1004;502;NULL;2;NULL;006ICC;2_ODD;2_ODDA;2;NULL;NULL;3,6666;3,1833;1,8333;1,5917;2026-04-10
5;842;421;1013;2;2;006ICC;3_SEL;3_SELA;3;5,1792;3,9208;5,1792;3,9208;2,5896;1,9604;2024-12-19
5;2456;1228;NULL;2;NULL;006ICC;4_AOI;4_AOI_SIDEB;4;NULL;NULL;0,6767;0,52;0,3383;0,26;2024-11-18
5;2458;1229;NULL;2;NULL;006ICC;4_AOI;4_AOI_SMT;5;NULL;NULL;0,54;0,4667;0,27;0,2333;2024-11-18
5;2404;1202;NULL;2;NULL;006ICC;5_FPT;5_FPT_PREMIUM;6;NULL;NULL;6,3916;6,1083;3,1958;3,0542;2024-11-18
5;1002;501;NULL;2;NULL;006ICC;6_DEP;6_DEP;7;NULL;NULL;0,75;0,625;0,375;0,3125;2026-04-10
3;400;100;NULL;4;NULL;006S1A;1_SMT;1_SMTA;1;NULL;NULL;1,0166;0,6167;0,2542;0,1542;2026-04-16
3;592;148;NULL;4;NULL;006S1A;2_ODD;2_ODDA;2;NULL;NULL;2,3722;1,8278;0,5931;0,4569;2025-09-18
3;49;12,25;20;4;12;006S1A;3_SEL;3_SELA;3;5,4999;4,5501;1,8333;1,5167;0,4583;0,3792;2026-04-16
3;600;150;NULL;4;NULL;006S1A;4_AOI;4_AOI_SIDEB;4;NULL;NULL;1,0611;0,9222;0,2653;0,2306;2025-09-18
3;596;149;NULL;4;NULL;006S1A;5_FPT;5_FPT_PREMIUM;5;NULL;NULL;2,5167;2,0833;0,6292;0,5208;2025-09-18
3;196;49;NULL;4;NULL;006S1A;6_DEP;6_DEP;6;NULL;NULL;0,9667;0,6667;0,2417;0,1667;2026-08-04
26;1800;900;NULL;2;NULL;006T1C;1_SMT;1_SMTA;1;NULL;NULL;0,6604;0,5104;0,3302;0,2552;2026-03-06
26;3928;1964;NULL;2;NULL;006T1C;2_ODD;2_ODDA;2;NULL;NULL;2,1625;1,7542;1,0813;0,8771;2025-06-06
26;1319;659,5;736;2;4;006T1C;3_SEL;3_SELA;3;5,1528;4,3306;2,5764;2,1653;1,2882;1,0826;2024-10-01
26;4998;2499;NULL;2;NULL;006T1C;4_AOI;4_AOI_SIDEA;4;NULL;NULL;1,3294;1,1706;0,6647;0,5853;2024-09-02
26;1000;500;NULL;2;NULL;006T1C;4_AOI;4_AOI_SIDEB;5;NULL;NULL;1,375;1,1722;0,6875;0,5861;2026-06-01
26;5988;2994;NULL;2;NULL;006T1C;5_FPT;5_FPT_PREMIUM;6;NULL;NULL;4,1299;3,8161;2,065;1,9081;2024-09-02
26;3188;1594;NULL;2;NULL;006T1C;6_DEP;6_DEP;7;NULL;NULL;0,7486;0,6097;0,3743;0,3049;2025-10-28
1;50;25;NULL;2;NULL;006VAC;4_AOI;4_AOI_SIDEB;1;NULL;NULL;1,7333;1,1833;0,8667;0,5917;2024-10-09
1;52;26;NULL;2;NULL;006VAC;5_FPT;5_FPT_PREMIUM;2;NULL;NULL;6,45;5,3;3,225;2,65;2024-10-09
3;795;159;NULL;5;NULL;006Y1C;2_ODD;2_ODDA;1;NULL;NULL;1,975;1,4667;0,395;0,2933;2025-08-05
3;79;15,8;23;5;20;006Y1C;3_SEL;3_SELA;2;5,7332;4,2;1,4333;1,05;0,2867;0,21;2025-12-03
3;800;160;NULL;5;NULL;006Y1C;4_AOI;4_AOI_SIDEB;3;NULL;NULL;1,2333;0,975;0,2467;0,195;2025-08-05
3;1200;240;NULL;5;NULL;006Y1C;5_FPT;5_FPT_PREMIUM;4;NULL;NULL;0,9889;0,7611;0,1978;0,1522;2025-01-22
3;395;79;NULL;5;NULL;006Y1C;6_DEP;6_DEP;5;NULL;NULL;1,0333;0,9667;0,2067;0,1933;2025-12-03
3;100;20;NULL;5;NULL;015H1C;4_AOI;4_AOI_SIDEB;1;NULL;NULL;1,6334;1,1416;0,3267;0,2283;2025-08-01
3;155;31;NULL;5;NULL;015H1C;5_FPT;5_FPT_BASIC;2;NULL;NULL;2,6111;1,7889;0,5222;0,3578;2024-09-24
3;65;13;NULL;5;NULL;015H1C;5_FPT;5_FPT_PREMIUM;3;NULL;NULL;3,7;2,55;0,74;0,51;2024-09-24
1;10;1;10;10;10;015N1C;3_SEL;3_SELA;1;3,2833;2,0833;3,2833;2,0833;0,3283;0,2083;2025-01-20
1;100;10;NULL;10;NULL;015N1C;4_AOI;4_AOI_SIDEB;2;NULL;NULL;1,8167;1,1;0,1817;0,11;2025-01-20
1;100;10;NULL;10;NULL;015N1C;5_FPT;5_FPT_BASIC;3;NULL;NULL;1,9667;1,4667;0,1967;0,1467;2025-01-20
1;100;10;NULL;10;NULL;015R1A;4_AOI;4_AOI_SIDEB;1;NULL;NULL;1,6;1,1667;0,16;0,1167;2025-01-31
1;110;11;NULL;10;NULL;015R1A;5_FPT;5_FPT_BASIC;2;NULL;NULL;1,8;0,4333;0,18;0,0433;2025-01-31
6;6080;95;NULL;64;NULL;01621A;1_SMT;1_SMTA;1;NULL;NULL;1,45;1,1166;0,0227;0,0174;2026-05-27
6;6016;94;NULL;64;NULL;01621A;1_SMT;1_SMTB;2;NULL;NULL;2,1167;2,0167;0,0331;0,0315;2026-05-27
6;14272;223;NULL;64;NULL;01621A;4_AOI;4_AOI_SIDEA;3;NULL;NULL;1,2583;1,0555;0,0197;0,0165;2025-02-05
6;1920;30;NULL;64;NULL;01621A;4_AOI;4_AOI_SIDEB;4;NULL;NULL;1,5;1,1833;0,0234;0,0185;2024-09-20
6;15936;249;NULL;64;NULL;01621A;5_FPT;5_FPT_BASIC;5;NULL;NULL;1,5028;1,2028;0,0235;0,0188;2024-09-20
3;4600;92;NULL;50;NULL;01631A;4_AOI;4_AOI_SIDEB;1;NULL;NULL;1,4555;1,0556;0,0291;0,0211;2025-05-23
3;4650;93;NULL;50;NULL;01631A;5_FPT;5_FPT_BASIC;2;NULL;NULL;1,2111;0,8167;0,0242;0,0163;2025-05-23
2;200;20;NULL;10;NULL;016AAA;1_SMT;1_SMTA;1;NULL;NULL;1,5333;0,7833;0,1533;0,0783;2026-03-16
2;450;45;NULL;10;NULL;016AAA;4_AOI;4_AOI_SIDEA;2;NULL;NULL;0,6333;0,3833;0,0633;0,0383;2025-04-25
2;450;45;NULL;10;NULL;016AAA;5_FPT;5_FPT_BASIC;3;NULL;NULL;1,1917;0,8417;0,1192;0,0842;2025-04-25
2;200;20;NULL;10;NULL;016AAA;6_DEP;6_DEP;4;NULL;NULL;1,9833;1,5167;0,1983;0,1517;2026-03-16
2;20;2;21;10;10;016B1B;3_SEL;3_SELA;1;3,5583;2,6666;3,5583;2,6666;0,3558;0,2667;2025-04-30
2;200;20;NULL;10;NULL;016B1B;4_AOI;4_AOI_SMT;2;NULL;NULL;1,4916;0,925;0,1492;0,0925;2025-04-30
2;200;20;NULL;10;NULL;016B1B;4_AOI;4_AOI_THT;3;NULL;NULL;2,5084;1,0167;0,2508;0,1017;2025-04-30
2;100;10;NULL;10;NULL;016B1B;5_FPT;5_FPT_BASIC;4;NULL;NULL;4,75;3,25;0,475;0,325;2026-01-19
3;765;51;NULL;15;NULL;029U1A;4_AOI;4_AOI_SIDEA;1;NULL;NULL;0,9389;0,4333;0,0626;0,0289;2024-11-08
7;78;13;NULL;6;NULL;029V1B;1_SMT;1_SMTA;1;NULL;NULL;1,7333;0,5833;0,2889;0,0972;2026-06-23
7;624;104;NULL;6;NULL;029V1B;4_AOI;4_AOI_SIDEA;2;NULL;NULL;1,1929;0,6333;0,1988;0,1056;2025-03-06
5;20;4;20;5;5;04041A;3_SEL;3_SELA;1;3,6833;2,6166;3,6833;2,6166;0,7367;0,5233;2025-01-27
5;150;30;NULL;5;NULL;04041A;4_AOI;4_AOI_SIDEA;2;NULL;NULL;1,7056;1,5389;0,3411;0,3078;2025-01-27
5;100;20;NULL;5;NULL;04041A;4_AOI;4_AOI_SIDEB;3;NULL;NULL;2,475;1,35;0,495;0,27;2026-05-19
1;73;36,5;41;2;4;040D1A;3_SEL;3_SELA;1;7,2666;5,1;3,6333;2,55;1,8167;1,275;2024-09-19
1;150;75;NULL;2;NULL;040D1A;4_AOI;4_AOI_SIDEB;2;NULL;NULL;1,4333;1,2667;0,7167;0,6333;2024-09-19
1;146;73;NULL;2;NULL;040D1A;5_FPT;5_FPT_BASIC;3;NULL;NULL;1,25;0,7833;0,625;0,3916;2024-09-19
1;50;25;40;2;8;040J1B;3_SEL;3_SELA;1;6,6668;4,3332;1,6667;1,0833;0,8334;0,5416;2025-02-11
1;100;50;NULL;2;NULL;040J1B;4_AOI;4_AOI_SIDEA;2;NULL;NULL;1,4333;1,1833;0,7167;0,5917;2025-02-11
1;98;49;NULL;2;NULL;040J1B;5_FPT;5_FPT_BASIC;3;NULL;NULL;1,3667;0,8667;0,6834;0,4334;2025-02-11
1;50;50;NULL;1;NULL;040R1B;4_AOI;4_AOI_SIDEA;1;NULL;NULL;1,1167;0,8333;1,1167;0,8333;2024-12-09
1;50;50;NULL;1;NULL;040R1B;5_FPT;5_FPT_BASIC;2;NULL;NULL;1,0333;0,5333;1,0333;0,5333;2024-12-09
1;64;32;NULL;2;NULL;04511F;4_AOI;4_AOI_SIDEB;1;NULL;NULL;4,8;1,05;2,4;0,525;2025-03-20
2;438;219;NULL;2;NULL;04511G;1_SMT;1_SMTA;1;NULL;NULL;1,4167;1,15;0,7084;0,575;2026-04-23
2;1212;606;NULL;2;NULL;04511G;2_ODD;2_ODDA;2;NULL;NULL;2,625;2,275;1,3125;1,1375;2025-07-21
2;242;121;244;2;2;04511G;3_SEL;3_SELA;3;2,2833;1,9833;2,2833;1,9833;1,1417;0,9917;2026-04-23
2;1212;606;NULL;2;NULL;04511G;4_AOI;4_AOI_SIDEB;4;NULL;NULL;1,6222;1,3833;0,8111;0,6917;2025-07-21
2;1172;586;NULL;2;NULL;04511G;5_FPT;5_FPT_BASIC;5;NULL;NULL;1,8917;1,5084;0,9458;0,7542;2025-07-21
1;602;301;NULL;2;NULL;0451AG;2_ODD;2_ODDA;1;NULL;NULL;2,4167;2,1;1,2084;1,05;2025-08-26
1;602;301;NULL;2;NULL;0451AG;4_AOI;4_AOI_SIDEB;2;NULL;NULL;1,5167;1,45;0,7583;0,725;2025-08-26
1;598;299;NULL;2;NULL;0451AG;5_FPT;5_FPT_BASIC;3;NULL;NULL;1,6667;1,4833;0,8334;0,7417;2025-08-26
3;436;218;NULL;2;NULL;0451BG;1_SMT;1_SMTA;1;NULL;NULL;1,5667;1,1;0,7833;0,55;2026-03-31
3;1552;776;NULL;2;NULL;0451BG;2_ODD;2_ODDA;2;NULL;NULL;2,0222;1,7333;1,0111;0,8667;2025-07-24
3;136;68;138;2;2;0451BG;3_SEL;3_SELA;3;2,6333;2,2833;2,6333;2,2833;1,3167;1,1417;2025-09-10
3;1650;825;NULL;2;NULL;0451BG;4_AOI;4_AOI_SIDEB;4;NULL;NULL;1,6444;1,4778;0,8222;0,7389;2025-07-24
3;1644;822;NULL;2;NULL;0451BG;5_FPT;5_FPT_BASIC;5;NULL;NULL;2,0333;1,5542;1,0167;0,7771;2025-07-24
2;100;50;NULL;2;NULL;05611B;1_SMT;1_SMTA;1;NULL;NULL;0,7667;0,4667;0,3833;0,2334;2026-06-16
2;25;12,5;13;2;4;05611B;3_SEL;3_SELB;2;1,8334;1,8334;0,9167;0,9167;0,4583;0,4583;2026-06-16
2;100;50;NULL;2;NULL;05611B;4_AOI;4_AOI_SIDEB;3;NULL;NULL;1,0834;0,9917;0,5417;0,4959;2026-06-16
2;100;50;NULL;2;NULL;05611B;4_AOI;4_AOI_SMT;4;NULL;NULL;0,7167;0,3417;0,3584;0,1708;2026-06-16
2;50;25;NULL;2;NULL;05611B;5_FPT;5_FPT_PREMIUM;5;NULL;NULL;1,05;0,85;0,525;0,425;2026-06-16
2;100;50;NULL;2;NULL;05631B;1_SMT;1_SMTA;1;NULL;NULL;1,175;0,675;0,5875;0,3375;2026-06-22
2;100;50;NULL;2;NULL;05631B;4_AOI;4_AOI_SIDEB;2;NULL;NULL;1,1583;0,9167;0,5792;0,4583;2026-06-22
2;50;25;NULL;2;NULL;05631B;5_FPT;5_FPT_PREMIUM;3;NULL;NULL;1,6333;1,4333;0,8166;0,7167;2026-06-22
1;52;26;NULL;2;NULL;05641C;1_SMT;1_SMTA;1;NULL;NULL;0,9833;0,7833;0,4916;0,3916;2026-06-23
1;26;13;14;2;6;05641C;3_SEL;3_SELA;2;6,0999;4,35;2,0333;1,45;1,0167;0,725;2026-06-23
1;52;26;NULL;2;NULL;05641C;4_AOI;4_AOI_SIDEB;3;NULL;NULL;1,2833;1,1;0,6417;0,55;2026-06-23
1;52;26;NULL;2;NULL;05641C;5_FPT;5_FPT_PREMIUM;4;NULL;NULL;1,1167;0,7333;0,5584;0,3666;2026-06-23
1;71;71;37;1;2;07411A;3_SEL;3_SELA;1;3,7666;2,7334;1,8833;1,3667;1,8833;1,3667;2025-04-18
1;71;71;NULL;1;NULL;07411A;5_FPT;5_FPT_BASIC;2;NULL;NULL;1,2667;0,5667;1,2667;0,5667;2025-04-18
1;50;50;NULL;1;NULL;07451A;2_ODD;2_ODDA;1;NULL;NULL;2,8;2,6;2,8;2,6;2026-06-03
1;50;50;NULL;1;NULL;07451A;4_AOI;4_AOI_SIDEA;2;NULL;NULL;1,1;0,9333;1,1;0,9333;2026-06-03
1;50;50;NULL;1;NULL;07451A;5_FPT;5_FPT_BASIC;3;NULL;NULL;0,4;0,3;0,4;0,3;2026-06-03
1;50;50;NULL;1;NULL;07451A;6_DEP;6_DEP;4;NULL;NULL;0,6167;0,3167;0,6167;0,3167;2026-06-03
1;50;50;NULL;1;NULL;07461A;4_AOI;4_AOI_SIDEA;1;NULL;NULL;1;0,8333;1;0,8333;2026-06-05
1;50;25;NULL;2;NULL;074A1A;4_AOI;4_AOI_SIDEA;1;NULL;NULL;1,3667;1,05;0,6834;0,525;2025-09-22
3;150;30;NULL;5;NULL;074F1A;4_AOI;4_AOI_SIDEA;1;NULL;NULL;1,4;0,9556;0,28;0,1911;2025-01-13
3;100;20;NULL;5;NULL;074F1A;5_FPT;5_FPT_BASIC;2;NULL;NULL;1,425;0,675;0,285;0,135;2025-01-13
3;50;10;NULL;5;NULL;074F1A;6_DEP;6_DEP;3;NULL;NULL;1,55;1,1333;0,31;0,2267;2026-04-03
9;200;200;NULL;1;NULL;074H1A;1_SMT;1_SMTA;1;NULL;NULL;0,4583;0,3583;0,4583;0,3583;2026-03-19
9;150;150;39;1;4;074H1A;3_SEL;3_SELA;2;9,2;7,4223;2,3;1,8556;2,3;1,8556;2026-03-19
9;450;450;NULL;1;NULL;074H1A;4_AOI;4_AOI_SIDEA;3;NULL;NULL;1,4685;1,2889;1,4685;1,2889;2024-11-28
9;450;450;NULL;1;NULL;074H1A;5_FPT;5_FPT_BASIC;4;NULL;NULL;0,6667;0,4111;0,6667;0,4111;2024-11-28
3;50;25;NULL;2;NULL;074L1A;1_SMT;1_SMTA;1;NULL;NULL;1,3333;0,9333;0,6666;0,4667;2026-08-11
3;150;75;NULL;2;NULL;074L1A;4_AOI;4_AOI_SIDEB;2;NULL;NULL;1,6167;1,2222;0,8083;0,6111;2025-11-19
3;150;75;NULL;2;NULL;074L1A;5_FPT;5_FPT_BASIC;3;NULL;NULL;1,5556;1,1556;0,7778;0,5778;2025-11-19
7;150;75;NULL;2;NULL;074M1A;1_SMT;1_SMTA;1;NULL;NULL;0,6667;0,3333;0,3333;0,1667;2026-06-17
7;150;75;NULL;2;NULL;074M1A;2_ODD;2_ODDA;2;NULL;NULL;1,1333;0,7333;0,5667;0,3667;2026-06-17
7;75;37,5;39;2;4;074M1A;3_SEL;3_SELA;3;2,9667;2,3555;1,4833;1,1778;0,7417;0,5889;2026-06-17
7;350;175;NULL;2;NULL;074M1A;4_AOI;4_AOI_SIDEA;4;NULL;NULL;1,1833;0,9524;0,5917;0,4762;2024-09-05
7;350;175;NULL;2;NULL;074M1A;5_FPT;5_FPT_BASIC;5;NULL;NULL;0,6857;0,3429;0,3429;0,1714;2024-09-05
7;150;75;NULL;2;NULL;074M1A;6_DEP;6_DEP;6;NULL;NULL;0,7389;0,6055;0,3694;0,3028;2026-06-17
2;1120;560;NULL;2;NULL;08311B;1_SMT;1_SMTA;1;NULL;NULL;1,7334;1,2334;0,8667;0,6167;2026-02-27
2;1118;559;NULL;2;NULL;08311B;1_SMT;1_SMTB;2;NULL;NULL;1,3667;1,05;0,6833;0,525;2026-02-27
2;990;495;NULL;2;NULL;08311B;2_ODD;2_ODDA;3;NULL;NULL;2,1;1,7084;1,05;0,8542;2026-03-02
2;491;245,5;384;2;4;08311B;3_SEL;3_SELA;4;6,25;5;3,125;2,5;1,5625;1,25;2026-02-27
2;990;495;NULL;2;NULL;08311B;4_AOI;4_AOI_SIDEA;5;NULL;NULL;1,4833;1,35;0,7417;0,675;2026-02-27
2;990;495;NULL;2;NULL;08311B;5_FPT;5_FPT_BASIC;6;NULL;NULL;4,4416;3,9667;2,2208;1,9833;2026-02-27
2;984;492;NULL;2;NULL;08311B;6_DEP;6_DEP;7;NULL;NULL;0,8;0,6666;0,4;0,3333;2026-02-27
1;2964;247;NULL;12;NULL;0921AB;4_AOI;4_AOI_SIDEA;1;NULL;NULL;0,5333;0,4167;0,0444;0,0347;2025-03-12
2;910;91;NULL;10;NULL;09221B;2_ODD;2_ODDA;1;NULL;NULL;3,7917;3,225;0,3792;0,3225;2026-06-25
2;118;11,8;43;10;30;09221B;3_SEL;3_SELA;2;4,2251;3,6;1,4083;1,2;0,1408;0,12;2026-06-25
2;1200;120;NULL;10;NULL;09221B;4_AOI;4_AOI_SIDEB;3;NULL;NULL;0,9083;0,8333;0,0908;0,0833;2026-06-25
2;1200;60;NULL;20;NULL;09231B;4_AOI;4_AOI_SIDEA;1;NULL;NULL;1,25;0,9416;0,0625;0,0471;2026-06-23
1;47;11,75;24;4;8;09311A;3_SEL;3_SELA;1;3,6666;2,9334;1,8333;1,4667;0,4583;0,3667;2025-01-10
1;200;50;NULL;4;NULL;09311A;4_AOI;4_AOI_SIDEB;2;NULL;NULL;1,5;1,2333;0,375;0,3083;2025-01-10
1;200;50;NULL;4;NULL;09311A;5_FPT;5_FPT_BASIC;3;NULL;NULL;1,0333;0,7333;0,2583;0,1833;2025-01-10
2;102;34;NULL;3;NULL;10011G;1_SMT;1_SMTA;1;NULL;NULL;2,6;2,0167;0,8667;0,6722;2026-08-14
2;102;34;NULL;3;NULL;10011G;1_SMT;1_SMTB;2;NULL;NULL;1,7833;0,9;0,5944;0,3;2026-08-14
2;34;11,3333333333333;37;3;3;10011G;3_SEL;3_SELA;3;6,4167;4,6167;6,4167;4,6167;2,1389;1,5389;2024-10-25
2;102;34;NULL;3;NULL;10011G;4_AOI;4_AOI_SIDEA;4;NULL;NULL;0,8333;0,8333;0,2778;0,2778;2024-10-25
2;204;68;NULL;3;NULL;10011G;4_AOI;4_AOI_SIDEB;5;NULL;NULL;1,8833;1,35;0,6278;0,45;2024-10-25
2;102;34;NULL;3;NULL;10011G;5_FPT;5_FPT_BASIC;6;NULL;NULL;3;1,9667;1;0,6556;2024-10-25
5;100;50;NULL;2;NULL;11421D;1_SMT;1_SMTA;1;NULL;NULL;1,0333;0,6333;0,5167;0,3166;2026-07-10
5;135;67,5;77;2;4;11421D;3_SEL;3_SELA;2;3,5777;2,1334;1,7889;1,0667;0,8944;0,5333;2025-03-26
5;504;252;NULL;2;NULL;11421D;4_AOI;4_AOI_SIDEA;3;NULL;NULL;1,19;0,88;0,595;0,44;2024-10-02
5;496;248;NULL;2;NULL;11421D;5_FPT;5_FPT_PREMIUM;4;NULL;NULL;2,4367;1,93;1,2183;0,965;2024-10-02
5;98;49;NULL;2;NULL;11421D;6_DEP;6_DEP;5;NULL;NULL;1;0,5833;0,5;0,2917;2026-07-10
1;200;10;NULL;20;NULL;114N1A;4_AOI;4_AOI_SIDEA;1;NULL;NULL;1,0333;0,5333;0,0517;0,0267;2025-08-27
1;200;10;NULL;20;NULL;114N1A;5_FPT;5_FPT_BASIC;2;NULL;NULL;1,5167;0,5167;0,0758;0,0258;2025-08-27
1;100;20;NULL;5;NULL;11561A;1_SMT;1_SMTA;1;NULL;NULL;1,15;0,65;0,23;0,13;2026-04-09
1;100;20;NULL;5;NULL;11561A;4_AOI;4_AOI_SIDEA;2;NULL;NULL;0,9;0,3333;0,18;0,0667;2026-04-09
1;100;20;NULL;5;NULL;11561A;5_FPT;5_FPT_PREMIUM;3;NULL;NULL;0,8167;0,5667;0,1633;0,1133;2026-04-09
1;100;20;NULL;5;NULL;11581B;4_AOI;4_AOI_SIDEA;1;NULL;NULL;1,2667;1,05;0,2533;0,21;2024-10-17
1;100;20;NULL;5;NULL;11581B;5_FPT;5_FPT_BASIC;2;NULL;NULL;1,7833;1,2833;0,3567;0,2567;2024-10-17
2;100;20;NULL;5;NULL;115O1B;4_AOI;4_AOI_SIDEB;1;NULL;NULL;1,6167;0,9083;0,3233;0,1817;2025-01-14
2;100;20;NULL;5;NULL;115O1B;5_FPT;5_FPT_BASIC;2;NULL;NULL;2,3917;1,3917;0,4783;0,2783;2025-01-14
2;50;10;NULL;5;NULL;115O1B;6_DEP;6_DEP;3;NULL;NULL;1,7;0,8;0,34;0,16;2026-01-19
9;800;160;NULL;5;NULL;115O1C;1_SMT;1_SMTA;1;NULL;NULL;1,375;0,8833;0,275;0,1767;2026-03-16
9;400;80;NULL;5;NULL;115O1C;1_SMT;1_SMTB;2;NULL;NULL;0,8667;0,4334;0,1733;0,0867;2026-03-16
9;1795;359;NULL;5;NULL;115O1C;4_AOI;4_AOI_SIDEA;3;NULL;NULL;1,1111;0,8444;0,2222;0,1689;2024-10-11
9;1775;355;NULL;5;NULL;115O1C;5_FPT;5_FPT_BASIC;4;NULL;NULL;1,3444;1,1352;0,2689;0,227;2024-10-11
9;995;199;NULL;5;NULL;115O1C;6_DEP;6_DEP;5;NULL;NULL;0,96;0,79;0,192;0,158;2026-02-03
6;770;77;NULL;10;NULL;115S1C;1_SMT;1_SMTA;1;NULL;NULL;1,9945;1,2833;0,1994;0,1283;2026-03-24
6;480;48;NULL;10;NULL;115S1C;1_SMT;1_SMTB;2;NULL;NULL;0,8667;0,6583;0,0867;0,0658;2026-06-03
6;315;35;NULL;9;NULL;115S1C;4_AOI;4_AOI_SIDEB;3;NULL;NULL;1,7333;1,35;0,1926;0,15;2025-01-14
6;1420;142;NULL;10;NULL;115S1C;4_AOI;4_AOI_SIDEB;4;NULL;NULL;1,4733;1,0467;0,1473;0,1047;2025-04-25
6;324;36;NULL;9;NULL;115S1C;5_FPT;5_FPT_BASIC;5;NULL;NULL;1,1167;0,7;0,1241;0,0778;2025-01-14
6;1430;143;NULL;10;NULL;115S1C;5_FPT;5_FPT_BASIC;6;NULL;NULL;1,3667;0,9767;0,1367;0,0977;2025-04-25
6;370;37;NULL;10;NULL;115S1C;6_DEP;6_DEP;7;NULL;NULL;1,95;1,4417;0,195;0,1442;2026-06-03
3;100;10;NULL;10;NULL;115SAC;1_SMT;1_SMTA;1;NULL;NULL;1,8167;1,3167;0,1817;0,1317;2026-03-23
3;300;30;NULL;10;NULL;115SAC;4_AOI;4_AOI_SIDEB;2;NULL;NULL;2,1778;1,1889;0,2178;0,1189;2025-01-14
3;300;30;NULL;10;NULL;115SAC;5_FPT;5_FPT_BASIC;3;NULL;NULL;1,5;1;0,15;0,1;2025-01-14
3;240;12;NULL;20;NULL;115Z1A;1_SMT;1_SMTA;1;NULL;NULL;1,65;0,8167;0,0825;0,0408;2026-08-17
3;800;40;NULL;20;NULL;115Z1A;4_AOI;4_AOI_SIDEA;2;NULL;NULL;0,8167;0,5889;0,0408;0,0294;2025-07-11
3;800;40;NULL;20;NULL;115Z1A;5_FPT;5_FPT_BASIC;3;NULL;NULL;1,5833;1,0833;0,0792;0,0542;2025-07-11
3;600;30;NULL;20;NULL;115ZAA;4_AOI;4_AOI_SIDEA;1;NULL;NULL;0,9778;0,4611;0,0489;0,0231;2025-07-11
3;600;30;NULL;20;NULL;115ZAA;5_FPT;5_FPT_BASIC;2;NULL;NULL;1,8556;0,8556;0,0928;0,0428;2025-07-11
2;70;14;NULL;5;NULL;122OAC;1_SMT;1_SMTA;1;NULL;NULL;1,1833;0,4667;0,2367;0,0933;2026-08-12
2;120;24;NULL;5;NULL;122OAC;4_AOI;4_AOI_SIDEB;2;NULL;NULL;1,575;1,1667;0,315;0,2333;2025-12-18
2;125;25;NULL;5;NULL;122OAC;5_FPT;5_FPT_PREMIUM;3;NULL;NULL;4,575;3,05;0,915;0,61;2025-12-18
2;120;24;NULL;5;NULL;122OAC;6_DEP;6_DEP;4;NULL;NULL;1,6667;0,9833;0,3333;0,1967;2025-12-18
2;130;26;NULL;5;NULL;122OBC;1_SMT;1_SMTA;1;NULL;NULL;0,8833;0,4833;0,1767;0,0967;2026-08-12
2;130;26;NULL;5;NULL;122OBC;1_SMT;1_SMTB;2;NULL;NULL;1,1333;0,7333;0,2267;0,1467;2026-08-12
2;235;47;NULL;5;NULL;122OBC;4_AOI;4_AOI_SIDEB;3;NULL;NULL;1,3334;0,9833;0,2667;0,1967;2025-12-18
2;235;47;NULL;5;NULL;122OBC;5_FPT;5_FPT_PREMIUM;4;NULL;NULL;3,175;2,5333;0,635;0,5067;2025-12-18
2;220;44;NULL;5;NULL;122OBC;6_DEP;6_DEP;5;NULL;NULL;1,3666;0,9;0,2733;0,18;2025-12-18
2;50;10;NULL;5;NULL;122OCC;1_SMT;1_SMTA;1;NULL;NULL;1,1333;0,6333;0,2267;0,1267;2026-08-11
2;100;20;NULL;5;NULL;122OCC;4_AOI;4_AOI_SIDEB;2;NULL;NULL;1,4667;0,9667;0,2933;0,1933;2025-12-18
2;100;20;NULL;5;NULL;122OCC;5_FPT;5_FPT_PREMIUM;3;NULL;NULL;4,7333;3,9834;0,9467;0,7967;2025-12-18
2;100;20;NULL;5;NULL;122OCC;6_DEP;6_DEP;4;NULL;NULL;1,5416;1,0416;0,3083;0,2083;2025-12-18
2;70;14;NULL;5;NULL;122ODC;1_SMT;1_SMTA;1;NULL;NULL;2,0833;1;0,4167;0,2;2026-08-14
2;70;14;NULL;5;NULL;122ODC;1_SMT;1_SMTB;2;NULL;NULL;1,4667;0,8;0,2933;0,16;2026-08-14
2;120;24;NULL;5;NULL;122ODC;4_AOI;4_AOI_SIDEB;3;NULL;NULL;1,475;1,0333;0,295;0,2067;2025-12-18
2;70;14;NULL;5;NULL;122ODC;5_FPT;5_FPT_PREMIUM;4;NULL;NULL;2,15;1,4333;0,43;0,2867;2026-08-14
2;70;14;NULL;5;NULL;122ODC;6_DEP;6_DEP;5;NULL;NULL;1,8833;1;0,3767;0,2;2026-08-14
1;50;10;NULL;5;NULL;122S1A;4_AOI;4_AOI_SIDEA;1;NULL;NULL;1,9333;0,9333;0,3867;0,1867;2025-12-10
1;50;10;NULL;5;NULL;122S1A;5_FPT;5_FPT_PREMIUM;2;NULL;NULL;0,9333;0,4333;0,1867;0,0867;2025-12-10
1;65;13;NULL;5;NULL;122WAB;4_AOI;4_AOI_SIDEB;1;NULL;NULL;1,7167;1,15;0,3433;0,23;2025-12-18
1;65;13;NULL;5;NULL;122WAB;5_FPT;5_FPT_BASIC;2;NULL;NULL;2,6;1,45;0,52;0,29;2025-12-18
1;60;12;NULL;5;NULL;122X1B;1_SMT;1_SMTA;1;NULL;NULL;1,1333;0,7167;0,2267;0,1433;2026-07-13
1;60;12;NULL;5;NULL;122X1B;1_SMT;1_SMTB;2;NULL;NULL;1,3333;0,9167;0,2667;0,1833;2026-07-13
1;60;12;NULL;5;NULL;122X1B;4_AOI;4_AOI_SIDEB;3;NULL;NULL;1,3167;0,9;0,2633;0,18;2026-07-13
1;60;12;NULL;5;NULL;122X1B;5_FPT;5_FPT_PREMIUM;4;NULL;NULL;1,6333;1,2167;0,3267;0,2433;2026-07-13
1;42;8,4;17;5;15;122Y1A;3_SEL;3_SELA;1;4,5501;3,2001;1,5167;1,0667;0,3033;0,2133;2025-12-11
1;210;42;NULL;5;NULL;122Y1A;4_AOI;4_AOI_SIDEB;2;NULL;NULL;1,1167;1,0333;0,2233;0,2067;2025-12-11
1;205;41;NULL;5;NULL;122Y1A;5_FPT;5_FPT_PREMIUM;3;NULL;NULL;5,2833;4,6667;1,0567;0,9333;2025-12-11
1;210;42;NULL;5;NULL;122Y1A;6_DEP;6_DEP;4;NULL;NULL;1,45;1;0,29;0,2;2025-12-11
2;22;4,4;24;5;5;122YAA;3_SEL;3_SELA;1;3,6166;2,3;3,6166;2,3;0,7233;0,46;2025-02-13
2;110;22;NULL;5;NULL;122YAA;4_AOI;4_AOI_SIDEB;2;NULL;NULL;1,6334;0,9416;0,3267;0,1883;2025-02-13
2;60;12;NULL;5;NULL;122YAA;5_FPT;5_FPT_BASIC;3;NULL;NULL;2,85;2,0167;0,57;0,4033;2025-02-13
2;200;40;NULL;5;NULL;12531A;4_AOI;4_AOI_SIDEA;1;NULL;NULL;1,125;0,8417;0,225;0,1683;2025-06-24
2;195;39;NULL;5;NULL;12531A;5_FPT;5_FPT_BASIC;2;NULL;NULL;1,5583;1,175;0,3117;0,235;2025-06-24
1;100;10;NULL;10;NULL;1258AA;4_AOI;4_AOI_SIDEA;1;NULL;NULL;2;1,4167;0,2;0,1417;2025-12-11
8;250;25;NULL;10;NULL;12591B;1_SMT;1_SMTA;1;NULL;NULL;0,8333;0,6333;0,0833;0,0633;2026-07-27
8;250;25;NULL;10;NULL;12591B;1_SMT;1_SMTB;2;NULL;NULL;1,8;1,2;0,18;0,12;2026-07-27
8;1990;199;NULL;10;NULL;12591B;4_AOI;4_AOI_SIDEA;3;NULL;NULL;1,3479;1,0104;0,1348;0,101;2024-10-15
8;1730;173;NULL;10;NULL;12591B;5_FPT;5_FPT_BASIC;4;NULL;NULL;1,0691;0,6714;0,1069;0,0671;2025-02-26
8;970;97;NULL;10;NULL;12591B;6_DEP;6_DEP;5;NULL;NULL;1,7375;1,3917;0,1737;0,1392;2025-12-18
3;510;51;NULL;10;NULL;125A1A;1_SMT;1_SMTA;1;NULL;NULL;1,0583;0,675;0,1058;0,0675;2026-06-01
3;510;51;NULL;10;NULL;125A1A;1_SMT;1_SMTB;2;NULL;NULL;0,9416;0,55;0,0942;0,055;2026-06-01
3;610;61;NULL;10;NULL;125A1A;4_AOI;4_AOI_SIDEB;3;NULL;NULL;0,9944;0,7167;0,0994;0,0717;2025-07-25
3;510;51;NULL;10;NULL;125A1A;5_FPT;5_FPT_BASIC;4;NULL;NULL;0,975;0,6834;0,0975;0,0683;2026-06-01
3;100;10;NULL;10;NULL;125A1A;5_FPT;5_FPT_PREMIUM;5;NULL;NULL;2,2667;1,7667;0,2267;0,1767;2025-07-25
1;60;15;NULL;4;NULL;125B1A;1_SMT;1_SMTA;1;NULL;NULL;1;0,3333;0,25;0,0833;2026-05-21
1;60;15;NULL;4;NULL;125B1A;1_SMT;1_SMTB;2;NULL;NULL;1,1167;0,45;0,2792;0,1125;2026-05-21
1;14;3,5;15;4;4;125B1A;3_SEL;3_SELA;3;2,5833;1,6833;2,5833;1,6833;0,6458;0,4208;2026-05-21
1;14;3,5;15;4;4;125B1A;3_SEL;3_SELB;4;1,7833;1,6667;1,7833;1,6667;0,4458;0,4167;2026-05-21
1;60;15;NULL;4;NULL;125B1A;4_AOI;4_AOI_SIDEA;5;NULL;NULL;1,35;0,9833;0,3375;0,2458;2026-05-21
1;60;15;NULL;4;NULL;125B1A;5_FPT;5_FPT_PREMIUM;6;NULL;NULL;2,3333;1,6667;0,5833;0,4167;2026-05-21
3;1500;300;NULL;5;NULL;12821C;4_AOI;4_AOI_SIDEA;1;NULL;NULL;1,2167;1,0389;0,2433;0,2078;2024-09-10
3;1495;299;NULL;5;NULL;12821C;5_FPT;5_FPT_BASIC;2;NULL;NULL;1,3333;1,0375;0,2667;0,2075;2024-09-10
13;1985;397;NULL;5;NULL;12821D;1_SMT;1_SMTA;1;NULL;NULL;1,1042;0,8291;0,2208;0,1658;2026-04-01
13;5525;1105;NULL;5;NULL;12821D;2_ODD;2_ODDA;2;NULL;NULL;3,0409;2,3136;0,6082;0,4627;2025-04-30
13;326;65,2;122;5;15;12821D;3_SEL;3_SELA;3;4,9375;3,7;1,6458;1,2333;0,3292;0,2467;2025-10-02
13;6525;1305;NULL;5;NULL;12821D;4_AOI;4_AOI_SIDEB;4;NULL;NULL;1,1949;1,0167;0,239;0,2033;2025-04-30
13;6510;1302;NULL;5;NULL;12821D;5_FPT;5_FPT_BASIC;5;NULL;NULL;2,1762;1,8643;0,4352;0,3729;2025-04-30
13;3455;691;NULL;5;NULL;12821D;6_DEP;6_DEP;6;NULL;NULL;0,8405;0,7524;0,1681;0,1505;2025-11-04
10;2020;202;NULL;10;NULL;12841A;1_SMT;1_SMTA;1;NULL;NULL;0,7875;0,6625;0,0788;0,0663;2026-05-11
10;156;15,6;162;10;10;12841A;3_SEL;3_SELA;2;3,34;2,54;3,34;2,54;0,334;0,254;2024-11-20
10;5030;503;NULL;10;NULL;12841A;4_AOI;4_AOI_SIDEB;3;NULL;NULL;1,2367;1,0634;0,1237;0,1063;2024-11-20
10;5070;507;NULL;10;NULL;12841A;5_FPT;5_FPT_BASIC;4;NULL;NULL;1,4033;1,1016;0,1403;0,1102;2024-11-20
10;990;99;NULL;10;NULL;12841A;6_DEP;6_DEP;5;NULL;NULL;1,5333;1,2833;0,1533;0,1283;2026-02-04
4;300;60;NULL;5;NULL;12881B;1_SMT;1_SMTA;1;NULL;NULL;1,8833;0,9833;0,3767;0,1967;2026-05-26
4;605;121;NULL;5;NULL;12881B;2_ODD;2_ODDA;2;NULL;NULL;7,1083;6,3666;1,4217;1,2733;2026-01-20
4;153;30,6;94;5;10;12881B;3_SEL;3_SELA;3;5,5778;4,0445;2,7889;2,0222;0,5578;0,4044;2025-04-18
4;1220;244;NULL;5;NULL;12881B;4_AOI;4_AOI_SMT;4;NULL;NULL;0,7667;0,5958;0,1533;0,1192;2025-04-18
4;1220;244;NULL;5;NULL;12881B;4_AOI;4_AOI_THT;5;NULL;NULL;1,85;1,65;0,37;0,33;2025-04-18
4;1220;244;NULL;5;NULL;12881B;5_FPT;5_FPT_BASIC;6;NULL;NULL;3,6583;2,8458;0,7317;0,5692;2025-04-18
4;290;58;NULL;5;NULL;12881B;6_DEP;6_DEP;7;NULL;NULL;1,3;0,8833;0,26;0,1767;2026-05-26
9;1000;200;NULL;5;NULL;1288AB;1_SMT;1_SMTA;1;NULL;NULL;1,6222;1,2389;0,3244;0,2478;2026-06-10
9;2515;503;NULL;5;NULL;1288AB;2_ODD;2_ODDA;2;NULL;NULL;4,8611;4,1833;0,9722;0,8367;2025-09-08
9;400;80;232;5;10;1288AB;3_SEL;3_SELA;3;6,25;4,8167;3,125;2,4083;0,625;0,4817;2025-04-18
9;1500;300;NULL;5;NULL;1288AB;4_AOI;4_AOI_SIDEA;4;NULL;NULL;1,7;1,5389;0,34;0,3078;2024-09-13
9;2515;503;NULL;5;NULL;1288AB;4_AOI;4_AOI_SMT;5;NULL;NULL;0,7667;0,5361;0,1533;0,1072;2025-09-08
9;2515;503;NULL;5;NULL;1288AB;4_AOI;4_AOI_THT;6;NULL;NULL;1,6194;1,4139;0,3239;0,2828;2025-09-08
9;4020;804;NULL;5;NULL;1288AB;5_FPT;5_FPT_BASIC;7;NULL;NULL;2,9242;2,3833;0,5848;0,4767;2024-09-13
9;1000;200;NULL;5;NULL;1288AB;6_DEP;6_DEP;8;NULL;NULL;1,1056;0,9222;0,2211;0,1844;2026-06-10
3;1020;34;NULL;30;NULL;128A1B;1_SMT;1_SMTA;1;NULL;NULL;1,6667;1,3667;0,0556;0,0456;2026-04-22
3;3090;103;NULL;30;NULL;128A1B;4_AOI;4_AOI_SIDEA;2;NULL;NULL;0,9;0,6222;0,03;0,0207;2025-03-31
3;3060;102;NULL;30;NULL;128A1B;5_FPT;5_FPT_BASIC;3;NULL;NULL;1,8556;1,3667;0,0619;0,0456;2025-03-31
3;2640;88;NULL;30;NULL;128AAB;4_AOI;4_AOI_SIDEA;1;NULL;NULL;0,8667;0,5889;0,0289;0,0196;2025-09-03
3;2340;78;NULL;30;NULL;128AAB;5_FPT;5_FPT_PREMIUM;2;NULL;NULL;1,6833;1,2778;0,0561;0,0426;2025-09-03
4;1040;208;NULL;5;NULL;128B1C;1_SMT;1_SMTA;1;NULL;NULL;1,35;0,9916;0,27;0,1983;2026-06-02
4;505;101;NULL;5;NULL;128B1C;2_ODD;2_ODDA;2;NULL;NULL;3,15;2,5;0,63;0,5;2026-06-24
4;100;20;51;5;10;128B1C;3_SEL;3_SELA;3;4,1334;3,1666;2,0667;1,5833;0,4133;0,3167;2026-06-24
4;1145;229;NULL;5;NULL;128B1C;4_AOI;4_AOI_SIDEB;4;NULL;NULL;1,5611;1,2055;0,3122;0,2411;2024-09-12
4;1340;268;NULL;5;NULL;128B1C;5_FPT;5_FPT_BASIC;5;NULL;NULL;2,2792;1,7125;0,4558;0,3425;2024-08-23
2;295;59;NULL;5;NULL;128C1C;4_AOI;4_AOI_SIDEB;1;NULL;NULL;2,7334;2,1416;0,5467;0,4283;2024-09-18
2;290;58;NULL;5;NULL;128C1C;5_FPT;5_FPT_BASIC;2;NULL;NULL;1,9917;1,0583;0,3983;0,2117;2024-09-18
8;960;480;NULL;2;NULL;128E1E;1_SMT;1_SMTA;1;NULL;NULL;0,8833;0,7792;0,4417;0,3896;2026-04-16
8;964;482;NULL;2;NULL;128E1E;2_ODD;2_ODDA;2;NULL;NULL;2,1875;1,8792;1,0938;0,9396;2025-11-04
8;65;32,5;36;2;4;128E1E;3_SEL;3_SELA;3;14,1;10,7334;7,05;5,3667;3,525;2,6833;2025-11-04
8;1930;965;NULL;2;NULL;128E1E;4_AOI;4_AOI_SIDEB;4;NULL;NULL;1,6796;1,4722;0,8398;0,7361;2024-08-29
8;1924;962;NULL;2;NULL;128E1E;4_AOI;4_AOI_SMT;5;NULL;NULL;0,6208;0,5375;0,3104;0,2688;2024-08-29
8;1888;944;NULL;2;NULL;128E1E;5_FPT;5_FPT_BASIC;6;NULL;NULL;2,25;1,9204;1,125;0,9602;2024-08-29
8;1308;654;NULL;2;NULL;128E1E;6_DEP;6_DEP;7;NULL;NULL;0,8306;0,6639;0,4153;0,3319;2025-10-30
1;120;60;NULL;2;NULL;128K1A;1_SMT;1_SMTA;1;NULL;NULL;0,7167;0,3833;0,3584;0,1916;2026-04-23
1;60;30;30;2;4;128K1A;3_SEL;3_SELA;2;5,0666;3,9334;2,5333;1,9667;1,2667;0,9833;2026-04-23
1;154;77;NULL;2;NULL;128K1A;4_AOI;4_AOI_SIDEA;3;NULL;NULL;0,5667;0,4;0,2833;0,2;2026-04-23
1;120;60;NULL;2;NULL;128K1A;4_AOI;4_AOI_SIDEB;4;NULL;NULL;1,6333;1,3167;0,8166;0,6583;2026-04-23
1;120;60;NULL;2;NULL;128K1A;4_AOI;4_AOI_SMT;5;NULL;NULL;0,5167;0,4;0,2584;0,2;2026-04-23
1;120;60;NULL;2;NULL;128K1A;5_FPT;5_FPT_BASIC;6;NULL;NULL;1,1833;0,85;0,5917;0,425;2026-04-23
13;300;60;NULL;5;NULL;128P1A;1_SMT;1_SMTA;1;NULL;NULL;1,5167;1,1833;0,3033;0,2367;2026-06-03
13;150;30;NULL;5;NULL;128P1A;2_ODD;2_ODDA;2;NULL;NULL;5,2333;4,4;1,0467;0,88;2026-08-04
13;48;9,6;27;5;10;128P1A;3_SEL;3_SELA;3;9,4833;6,2166;4,7416;3,1083;0,9483;0,6217;2025-10-17
13;900;180;NULL;5;NULL;128P1A;4_AOI;4_AOI_SIDEB;4;NULL;NULL;1,9375;1,3556;0,3875;0,2711;2024-08-26
13;950;190;NULL;5;NULL;128P1A;4_AOI;4_AOI_SMT;5;NULL;NULL;1,1577;0,6654;0,2315;0,1331;2024-08-26
13;930;186;NULL;5;NULL;128P1A;5_FPT;5_FPT_BASIC;6;NULL;NULL;2,2014;1,357;0,4403;0,2714;2024-09-26
13;50;10;NULL;5;NULL;128P1A;5_FPT;5_FPT_PREMIUM;7;NULL;NULL;3,25;2,75;0,65;0,55;2024-08-26
13;495;99;NULL;5;NULL;128P1A;6_DEP;6_DEP;8;NULL;NULL;1,4333;1,1625;0,2867;0,2325;2025-10-17
1;320;16;NULL;20;NULL;128Q1A;4_AOI;4_AOI_SIDEB;1;NULL;NULL;1,45;1,1333;0,0725;0,0567;2026-03-16
2;10020;501;NULL;20;NULL;128U1A;4_AOI;4_AOI_SIDEA;1;NULL;NULL;0,7111;0,6333;0,0356;0,0317;2025-12-12
2;10000;500;NULL;20;NULL;128U1A;5_FPT;5_FPT_PREMIUM;2;NULL;NULL;0,875;0,7916;0,0437;0,0396;2025-12-12
2;110;110;NULL;1;NULL;132D1A;1_SMT;1_SMTB;1;NULL;NULL;1,0333;0,8;1,0333;0,8;2026-05-29
2;105;105;30;1;4;132D1A;3_SEL;3_SELB;2;2,7332;2,6668;0,6833;0,6667;0,6833;0,6667;2026-05-29
2;210;210;NULL;1;NULL;132D1A;4_AOI;4_AOI_SIDEA;3;NULL;NULL;1,175;1;1,175;1;2025-09-23
2;153;153;NULL;1;NULL;132D1A;5_FPT;5_FPT_BASIC;4;NULL;NULL;1,175;0,9583;1,175;0,9583;2025-09-23
2;109;109;NULL;1;NULL;132D1A;6_DEP;6_DEP;5;NULL;NULL;0,95;0,4833;0,95;0,4833;2026-05-29
2;180;180;30;1;6;14211A;3_SEL;3_SELA;1;8,5998;7,2;1,4333;1,2;1,4333;1,2;2025-03-21
2;2000;2000;NULL;1;NULL;14211A;4_AOI;4_AOI_SIDEB;2;NULL;NULL;1,1417;1;1,1417;1;2024-09-12
2;1998;1998;NULL;1;NULL;14211A;5_FPT;5_FPT_BASIC;3;NULL;NULL;1,0667;0,7033;1,0667;0,7033;2024-09-12
2;1000;250;NULL;4;NULL;142E1A;2_ODD;2_ODDA;1;NULL;NULL;6,1333;5,55;1,5333;1,3875;2026-03-19
2;249;62,25;103;4;12;142E1A;3_SEL;3_SELA;2;8,3001;6,9;2,7667;2,3;0,6917;0,575;2025-05-07
2;2000;500;NULL;4;NULL;142E1A;4_AOI;4_AOI_SIDEA;3;NULL;NULL;1,3667;1,2833;0,3417;0,3208;2025-05-07
2;408;68;NULL;6;NULL;14621D;1_SMT;1_SMTA;1;NULL;NULL;1,7417;0,9833;0,2903;0,1639;2026-06-08
2;402;67;NULL;6;NULL;14621D;1_SMT;1_SMTB;2;NULL;NULL;2,3083;1,1417;0,3847;0,1903;2026-06-08
2;402;67;NULL;6;NULL;14621D;4_AOI;4_AOI_SIDEB;3;NULL;NULL;1,2;0,8333;0,2;0,1389;2026-06-08
2;336;56;NULL;6;NULL;14621D;5_FPT;5_FPT_BASIC;4;NULL;NULL;2,4333;1,3667;0,4056;0,2278;2026-08-17
2;60;10;NULL;6;NULL;14621D;5_FPT;5_FPT_PREMIUM;5;NULL;NULL;6,3667;5,3667;1,0611;0,8944;2026-06-08
1;50;25;NULL;2;NULL;14711A;4_AOI;4_AOI_SIDEB;1;NULL;NULL;1,1333;0,9333;0,5666;0,4667;2026-04-17
1;50;25;NULL;2;NULL;14711A;5_FPT;5_FPT_BASIC;2;NULL;NULL;1,6333;0,8333;0,8166;0,4167;2026-04-17
1;50;25;NULL;2;NULL;14711A;6_DEP;6_DEP;3;NULL;NULL;0,7667;0,5667;0,3834;0,2833;2026-04-17
1;100;10;NULL;10;NULL;14721A;4_AOI;4_AOI_SIDEA;1;NULL;NULL;1,05;0,3833;0,105;0,0383;2026-03-16
1;100;10;NULL;10;NULL;14721A;5_FPT;5_FPT_BASIC;2;NULL;NULL;1,2667;0,7667;0,1267;0,0767;2026-03-16
1;980;245;NULL;4;NULL;14741C;4_AOI;4_AOI_SIDEB;1;NULL;NULL;1,2333;1,1167;0,3083;0,2792;2024-10-30
1;980;245;NULL;4;NULL;14741C;5_FPT;5_FPT_BASIC;2;NULL;NULL;2,4333;1,7667;0,6083;0,4417;2024-10-30
6;1000;250;NULL;4;NULL;14741D;1_SMT;1_SMTA;1;NULL;NULL;1,4167;0,925;0,3542;0,2313;2026-03-31
6;1000;250;NULL;4;NULL;14741D;1_SMT;1_SMTB;2;NULL;NULL;0,7417;0,6;0,1854;0,15;2026-03-31
6;2076;519;NULL;4;NULL;14741D;2_ODD;2_ODDA;3;NULL;NULL;1,0625;0,7375;0,2656;0,1844;2025-05-02
6;375;93,75;129;4;12;14741D;3_SEL;3_SELA;4;4,3167;3,7666;1,4389;1,2555;0,3597;0,3139;2025-05-02
6;3004;751;NULL;4;NULL;14741D;4_AOI;4_AOI_SIDEB;5;NULL;NULL;1,2417;1,0806;0,3104;0,2701;2025-03-25
6;3000;750;NULL;4;NULL;14741D;5_FPT;5_FPT_BASIC;6;NULL;NULL;2,3095;1,8357;0,5774;0,4589;2025-03-25
6;1000;250;NULL;4;NULL;14741D;6_DEP;6_DEP;7;NULL;NULL;0,85;0,6916;0,2125;0,1729;2026-03-31
1;100;25;NULL;4;NULL;17521A;1_SMT;1_SMTA;1;NULL;NULL;1,0333;0,4667;0,2583;0,1167;2026-06-03
1;24;6;14;4;8;17521A;3_SEL;3_SELA;2;3,6666;2,5666;1,8333;1,2833;0,4583;0,3208;2026-06-03
1;23;5,75;25;4;8;17521A;3_SEL;3_SELB;3;3,0666;2,5334;1,5333;1,2667;0,3833;0,3167;2026-06-03
1;100;25;NULL;4;NULL;17521A;4_AOI;4_AOI_SIDEB;4;NULL;NULL;1,4;1,0167;0,35;0,2542;2026-06-03
1;100;25;NULL;4;NULL;17521A;5_FPT;5_FPT_BASIC;5;NULL;NULL;1,65;1,25;0,4125;0,3125;2026-06-03
1;100;25;NULL;4;NULL;17521A;6_DEP;6_DEP;6;NULL;NULL;1,2667;0,6833;0,3167;0,1708;2026-06-03
1;328;41;NULL;8;NULL;1762AA;4_AOI;4_AOI_SIDEA;1;NULL;NULL;0,65;0,45;0,0813;0,0563;2025-07-25
1;312;39;NULL;8;NULL;1762AA;5_FPT;5_FPT_PREMIUM;2;NULL;NULL;1,2333;0,85;0,1542;0,1062;2025-07-25
3;410;205;NULL;2;NULL;176A1A;4_AOI;4_AOI_SIDEA;1;NULL;NULL;1,2833;1,0833;0,6417;0,5417;2025-09-01
3;406;203;NULL;2;NULL;176A1A;5_FPT;5_FPT_PREMIUM;2;NULL;NULL;0,55;0,4333;0,275;0,2167;2025-09-01
3;1510;151;NULL;10;NULL;181B1C;4_AOI;4_AOI_SIDEA;1;NULL;NULL;1,5389;1,2556;0,1539;0,1256;2024-11-11
3;1510;151;NULL;10;NULL;181B1C;5_FPT;5_FPT_PREMIUM;2;NULL;NULL;1,55;1,3556;0,155;0,1356;2024-11-11
3;300;50;NULL;6;NULL;181C1C;4_AOI;4_AOI_SIDEA;1;NULL;NULL;1,2833;1,1833;0,2139;0,1972;2024-11-13
3;350;50;NULL;7;NULL;181C1C;4_AOI;4_AOI_SIDEA;2;NULL;NULL;1,3667;1,1833;0,1952;0,169;2025-04-10
3;400;50;NULL;8;NULL;181C1C;4_AOI;4_AOI_SIDEA;3;NULL;NULL;1,35;1,25;0,1688;0,1563;2025-07-28
3;300;50;NULL;6;NULL;181C1C;5_FPT;5_FPT_PREMIUM;4;NULL;NULL;0,85;0,75;0,1417;0,125;2024-11-13
3;350;50;NULL;7;NULL;181C1C;5_FPT;5_FPT_PREMIUM;5;NULL;NULL;0,9;0,7;0,1286;0,1;2025-04-10
3;400;50;NULL;8;NULL;181C1C;5_FPT;5_FPT_PREMIUM;6;NULL;NULL;0,9;0,7;0,1125;0,0875;2025-07-28
4;240;120;127;2;4;181D1C;3_SEL;3_SELA;1;3,9833;3,0333;1,9916;1,5166;0,9958;0,7583;2024-11-13
4;1998;999;NULL;2;NULL;181D1C;4_AOI;4_AOI_SIDEB;2;NULL;NULL;1,3917;1,2208;0,6958;0,6104;2024-10-23
4;2002;1001;NULL;2;NULL;181D1C;5_FPT;5_FPT_PREMIUM;3;NULL;NULL;1,8;1,5048;0,9;0,7524;2024-10-23
1;172;43;NULL;4;NULL;18741B;4_AOI;4_AOI_THT;1;NULL;NULL;2,0667;1,65;0,5167;0,4125;2024-08-23
1;172;43;NULL;4;NULL;18741B;5_FPT;5_FPT_BASIC;2;NULL;NULL;4,2;2,6833;1,05;0,6708;2024-08-23
1;100;100;NULL;1;NULL;20111A;4_AOI;4_AOI_SIDEB;1;NULL;NULL;1,0833;0,9333;1,0833;0,9333;2025-01-07
1;98;98;NULL;1;NULL;20111A;5_FPT;5_FPT_PREMIUM;2;NULL;NULL;2,7333;2,4333;2,7333;2,4333;2025-01-07
1;150;150;26;1;6;2014AC;3_SEL;3_SELA;1;3,1002;2,2002;0,5167;0,3667;0,5167;0,3667;2024-09-18
1;150;150;NULL;1;NULL;2014AC;4_AOI;4_AOI_SIDEB;2;NULL;NULL;0,9667;0,9;0,9667;0,9;2024-09-18
1;150;150;NULL;1;NULL;2014AC;5_FPT;5_FPT_PREMIUM;3;NULL;NULL;2,1;1,5333;2,1;1,5333;2024-09-18
1;50;50;NULL;1;NULL;2014BC;4_AOI;4_AOI_SIDEB;1;NULL;NULL;1,0333;0,8333;1,0333;0,8333;2024-10-15
1;50;50;NULL;1;NULL;2014BC;5_FPT;5_FPT_PREMIUM;2;NULL;NULL;2,2333;1,8333;2,2333;1,8333;2024-10-15
1;57;19;NULL;3;NULL;20171A;5_FPT;5_FPT_PREMIUM;1;NULL;NULL;3,8;2,2167;1,2667;0,7389;2024-11-21
1;73;73;40;1;2;201F1A;3_SEL;3_SELA;1;2,7334;1,5666;1,3667;0,7833;1,3667;0,7833;2024-12-05
1;79;79;NULL;1;NULL;201F1A;4_AOI;4_AOI_SIDEB;2;NULL;NULL;0,95;0,8167;0,95;0,8167;2024-12-05
1;79;79;NULL;1;NULL;201F1A;5_FPT;5_FPT_PREMIUM;3;NULL;NULL;1,6333;1;1,6333;1;2024-12-05
1;100;10;NULL;10;NULL;201O1A;4_AOI;4_AOI_SIDEA;1;NULL;NULL;1,65;0,9333;0,165;0,0933;2024-11-15
1;110;11;NULL;10;NULL;201O1A;5_FPT;5_FPT_PREMIUM;2;NULL;NULL;2,3;1,4;0,23;0,14;2024-11-15
1;92;92;36;1;3;201QAB;3_SEL;3_SELA;1;3,6501;3,2499;1,2167;1,0833;1,2167;1,0833;2024-11-26
1;100;100;NULL;1;NULL;201QAB;4_AOI;4_AOI_SIDEB;2;NULL;NULL;1,1;0,9667;1,1;0,9667;2024-11-26
1;97;97;NULL;1;NULL;201QAB;5_FPT;5_FPT_PREMIUM;3;NULL;NULL;2;1,4833;2;1,4833;2024-11-26
1;100;10;NULL;10;NULL;201S1A;4_AOI;4_AOI_SIDEB;1;NULL;NULL;1,7;0,7;0,17;0,07;2024-12-02
1;100;100;NULL;1;NULL;201W1B;4_AOI;4_AOI_SIDEB;1;NULL;NULL;0,9667;0,8667;0,9667;0,8667;2024-10-21
1;93;93;NULL;1;NULL;201W1B;5_FPT;5_FPT_PREMIUM;2;NULL;NULL;1,7;1,5;1,7;1,5;2024-10-21
2;500;25;NULL;20;NULL;20321B;1_SMT;1_SMTA;1;NULL;NULL;2,2916;1,1;0,1146;0,055;2026-06-15
2;520;26;NULL;20;NULL;20321B;1_SMT;1_SMTB;2;NULL;NULL;1,5;0,875;0,075;0,0437;2026-06-15
2;540;27;NULL;20;NULL;20321B;4_AOI;4_AOI_SIDEB;3;NULL;NULL;1,3583;0,75;0,0679;0,0375;2026-06-15
2;1680;84;NULL;20;NULL;20321B;5_FPT;5_FPT_BASIC;4;NULL;NULL;1,1583;0,6666;0,0579;0,0333;2026-06-15
8;600;300;NULL;2;NULL;20661C;1_SMT;1_SMTA;1;NULL;NULL;1,2167;0,9111;0,6083;0,4555;2026-03-24
8;598;299;NULL;2;NULL;20661C;1_SMT;1_SMTB;2;NULL;NULL;0,6945;0,4945;0,3472;0,2472;2026-03-24
8;200;100;NULL;2;NULL;20661C;2_ODD;2_ODDA;3;NULL;NULL;1,15;1;0,575;0,5;2026-07-22
8;380;190;228;2;4;20661C;3_SEL;3_SELA;4;2,6917;1,85;1,3458;0,925;0,6729;0,4625;2025-09-01
8;250;250;NULL;1;NULL;20661C;4_AOI;4_AOI_SIDEB;5;NULL;NULL;0,9333;0,85;0,9333;0,85;2024-11-26
8;1576;788;NULL;2;NULL;20661C;4_AOI;4_AOI_SIDEB;6;NULL;NULL;1,25;1,1;0,625;0,55;2025-05-15
8;250;250;NULL;1;NULL;20661C;5_FPT;5_FPT_PREMIUM;7;NULL;NULL;1,85;1,65;1,85;1,65;2024-11-26
8;1568;784;NULL;2;NULL;20661C;5_FPT;5_FPT_PREMIUM;8;NULL;NULL;2,7119;2,4952;1,356;1,2476;2025-05-15
8;1030;515;NULL;2;NULL;20661C;6_DEP;6_DEP;9;NULL;NULL;0,9033;0,7867;0,4517;0,3933;2025-11-14
2;50;25;NULL;2;NULL;2066AC;1_SMT;1_SMTA;1;NULL;NULL;0,5667;0,5667;0,2833;0,2833;2026-07-09
2;50;25;NULL;2;NULL;2066AC;1_SMT;1_SMTB;2;NULL;NULL;0,8667;0,4667;0,4334;0,2334;2026-07-09
2;50;50;NULL;1;NULL;2066AC;4_AOI;4_AOI_SIDEB;3;NULL;NULL;1,0167;0,8333;1,0167;0,8333;2024-10-23
2;50;25;NULL;2;NULL;2066AC;4_AOI;4_AOI_SIDEB;4;NULL;NULL;1,4167;1,05;0,7084;0,525;2026-07-09
2;50;50;NULL;1;NULL;2066AC;5_FPT;5_FPT_PREMIUM;5;NULL;NULL;2,1833;1,5833;2,1833;1,5833;2024-10-23
2;50;25;NULL;2;NULL;2066AC;5_FPT;5_FPT_PREMIUM;6;NULL;NULL;3;2,2;1,5;1,1;2026-07-09
2;50;25;NULL;2;NULL;2066AC;6_DEP;6_DEP;7;NULL;NULL;0,9833;0,5833;0,4916;0,2917;2026-07-09
75;15284;7642;NULL;2;NULL;206A1D;1_SMT;1_SMTA;1;NULL;NULL;0,6278;0,5653;0,3139;0,2826;2026-03-04
75;29270;14635;NULL;2;NULL;206A1D;2_ODD;2_ODDA;2;NULL;NULL;2,4748;2,2684;1,2374;1,1342;2025-04-04
75;10177;5088,5;5588;2;4;206A1D;3_SEL;3_SELA;3;5,4007;4,2;2,7004;2,1;1,3502;1,05;2024-11-06
75;866;433;NULL;2;NULL;206A1D;4_AOI;4_AOI_SIDEA;4;NULL;NULL;0,5167;0,45;0,2584;0,225;2026-02-19
75;32424;16212;NULL;2;NULL;206A1D;4_AOI;4_AOI_SIDEB;5;NULL;NULL;1,369;1,223;0,6845;0,6115;2024-10-02
75;35594;17797;NULL;2;NULL;206A1D;5_FPT;5_FPT_BASIC;6;NULL;NULL;1,0347;0,8597;0,5173;0,4298;2024-10-02
75;21232;10616;NULL;2;NULL;206A1D;6_DEP;6_DEP;7;NULL;NULL;0,6948;0,5799;0,3474;0,2899;2025-11-10
18;2700;1350;NULL;2;NULL;206AAD;1_SMT;1_SMTA;1;NULL;NULL;0,5917;0,5584;0,2959;0,2792;2026-03-26
18;5700;2850;NULL;2;NULL;206AAD;2_ODD;2_ODDA;2;NULL;NULL;2,5944;2,3181;1,2972;1,159;2025-05-28
18;1875;937,5;1069;2;4;206AAD;3_SEL;3_SELA;3;6,1433;4,7467;3,0717;2,3733;1,5358;1,1867;2024-11-08
18;7500;3750;NULL;2;NULL;206AAD;4_AOI;4_AOI_SIDEB;4;NULL;NULL;1,3546;1,2176;0,6773;0,6088;2024-11-08
18;7506;3753;NULL;2;NULL;206AAD;5_FPT;5_FPT_BASIC;5;NULL;NULL;0,9379;0,7614;0,4689;0,3807;2024-11-08
18;2696;1348;NULL;2;NULL;206AAD;6_DEP;6_DEP;6;NULL;NULL;0,7167;0,5833;0,3583;0,2916;2026-03-26
1;188;94;NULL;2;NULL;206AGC;4_AOI;4_AOI_SIDEB;1;NULL;NULL;1,4667;1,3;0,7333;0,65;2024-12-06
1;188;94;NULL;2;NULL;206AGC;5_FPT;5_FPT_BASIC;2;NULL;NULL;1,2;0,8833;0,6;0,4416;2024-12-06
1;329;164,5;165;2;4;206I1G;3_SEL;3_SELA;1;3,7;2,9666;1,85;1,4833;0,925;0,7417;2024-09-18
1;750;375;NULL;2;NULL;206I1G;4_AOI;4_AOI_SIDEB;2;NULL;NULL;1,25;1,1333;0,625;0,5666;2024-09-18
1;728;364;NULL;2;NULL;206I1G;5_FPT;5_FPT_PREMIUM;3;NULL;NULL;7,5167;6,9333;3,7584;3,4667;2024-09-18
9;734;367;370;2;4;206I1H;3_SEL;3_SELA;1;4,2889;3,6222;2,1445;1,8111;1,0722;0,9055;2025-04-22
9;4476;2238;NULL;2;NULL;206I1H;4_AOI;4_AOI_SIDEA;2;NULL;NULL;1,4204;1,2389;0,7102;0,6195;2024-09-11
9;4464;2232;NULL;2;NULL;206I1H;5_FPT;5_FPT_PREMIUM;3;NULL;NULL;5,6478;5,3678;2,8239;2,6839;2024-09-11
1;50;25;NULL;2;NULL;206IAH;4_AOI;4_AOI_SIDEA;1;NULL;NULL;1,6167;1,2333;0,8084;0,6167;2024-08-21
1;50;25;NULL;2;NULL;206IAH;5_FPT;5_FPT_PREMIUM;2;NULL;NULL;7,5667;5,9667;3,7833;2,9834;2024-08-21
3;100;50;NULL;2;NULL;206IAI;1_SMT;1_SMTA;1;NULL;NULL;1,2833;0,8833;0,6417;0,4416;2026-03-25
3;100;50;NULL;2;NULL;206IAI;1_SMT;1_SMTB;2;NULL;NULL;0,9167;0,7167;0,4583;0,3584;2026-03-25
3;50;25;51;2;2;206IAI;3_SEL;3_SELA;3;3,3667;2,7667;3,3667;2,7667;1,6833;1,3834;2026-03-25
3;200;100;NULL;2;NULL;206IAI;4_AOI;4_AOI_SIDEB;4;NULL;NULL;1,8056;1,4778;0,9028;0,7389;2025-08-07
3;200;100;NULL;2;NULL;206IAI;5_FPT;5_FPT_PREMIUM;5;NULL;NULL;5,7889;4,7222;2,8945;2,3611;2025-08-07
3;50;25;NULL;2;NULL;206IAI;6_DEP;6_DEP;6;NULL;NULL;1,0833;0,8833;0,5416;0,4416;2025-10-29
1;200;100;NULL;2;NULL;206JBB;1_SMT;1_SMTA;1;NULL;NULL;1,15;0,85;0,575;0,425;2026-06-30
1;99;49,5;71;2;4;206JBB;3_SEL;3_SELA;2;4,5334;3,3334;2,2667;1,6667;1,1334;0,8334;2026-06-30
1;200;100;NULL;2;NULL;206JBB;4_AOI;4_AOI_SIDEB;3;NULL;NULL;1,2167;1;0,6083;0,5;2026-06-30
1;194;97;NULL;2;NULL;206JBB;5_FPT;5_FPT_PREMIUM;4;NULL;NULL;2,5833;2,1667;1,2916;1,0834;2026-06-30
1;62;31;32;2;4;206KAA;3_SEL;3_SELA;1;5,9334;4,1666;2,9667;2,0833;1,4833;1,0416;2024-11-21
1;500;250;NULL;2;NULL;206KAA;4_AOI;4_AOI_SIDEB;2;NULL;NULL;1,2833;1,1667;0,6417;0,5834;2024-11-21
1;500;250;NULL;2;NULL;206KAA;5_FPT;5_FPT_PREMIUM;3;NULL;NULL;3,6833;3,5;1,8417;1,75;2024-11-21
1;500;250;NULL;2;NULL;206L1D;4_AOI;4_AOI_SIDEA;1;NULL;NULL;1,4667;1,25;0,7333;0,625;2024-12-17
1;500;250;NULL;2;NULL;206L1D;5_FPT;5_FPT_PREMIUM;2;NULL;NULL;6,5417;6,1666;3,2709;3,0833;2024-12-17
1;100;50;NULL;2;NULL;206LAA;4_AOI;4_AOI_SIDEA;1;NULL;NULL;1,3;1,1;0,65;0,55;2024-11-27
1;66;33;NULL;2;NULL;206LAA;5_FPT;5_FPT_PREMIUM;2;NULL;NULL;4,9667;4,65;2,4834;2,325;2024-11-27
1;512;256;NULL;2;NULL;206M1E;4_AOI;4_AOI_SIDEB;1;NULL;NULL;1,1333;1,0833;0,5666;0,5416;2024-09-24
1;512;256;NULL;2;NULL;206M1E;5_FPT;5_FPT_PREMIUM;2;NULL;NULL;5;4,4833;2,5;2,2417;2024-09-24
5;994;497;NULL;2;NULL;206M1F;4_AOI;4_AOI_SIDEA;1;NULL;NULL;1,3467;1,18;0,6734;0,59;2024-08-23
5;978;489;NULL;2;NULL;206M1F;5_FPT;5_FPT_PREMIUM;2;NULL;NULL;4,87;4,5633;2,435;2,2817;2024-08-23
1;50;10;NULL;5;NULL;206N1C;4_AOI;4_AOI_SIDEB;1;NULL;NULL;1,4167;0,9167;0,2833;0,1833;2026-01-27
1;50;10;NULL;5;NULL;206N1C;5_FPT;5_FPT_PREMIUM;2;NULL;NULL;3,0833;1,5833;0,6167;0,3167;2026-01-27
1;50;10;NULL;5;NULL;206N1C;6_DEP;6_DEP;3;NULL;NULL;1,45;0,95;0,29;0,19;2026-01-27
1;50;10;NULL;5;NULL;206NAC;4_AOI;4_AOI_SIDEB;1;NULL;NULL;1,4;0,9;0,28;0,18;2025-07-11
1;50;10;NULL;5;NULL;206NAC;5_FPT;5_FPT_PREMIUM;2;NULL;NULL;2,2333;1,2333;0,4467;0,2467;2025-07-11
1;50;10;NULL;5;NULL;206NCB;4_AOI;4_AOI_SIDEB;1;NULL;NULL;1,6167;1,1167;0,3233;0,2233;2024-11-21
1;50;10;NULL;5;NULL;206NCB;5_FPT;5_FPT_PREMIUM;2;NULL;NULL;2,6167;1,6167;0,5233;0,3233;2024-11-21
1;140;14;NULL;10;NULL;206P1B;1_SMT;1_SMTA;1;NULL;NULL;1,6167;0,9;0,1617;0,09;2026-08-11
1;150;15;NULL;10;NULL;206P1B;4_AOI;4_AOI_SIDEB;2;NULL;NULL;1,5;0,9;0,15;0,09;2026-08-11
1;150;15;NULL;10;NULL;206P1B;5_FPT;5_FPT_PREMIUM;3;NULL;NULL;1,7667;1,1;0,1767;0,11;2026-08-11
1;494;247;NULL;2;NULL;206Q1D;1_SMT;1_SMTA;1;NULL;NULL;0,75;0,5667;0,375;0,2833;2026-06-25
1;250;125;67;2;8;206Q1D;3_SEL;3_SELA;2;3,6;2,9332;0,9;0,7333;0,45;0,3666;2026-06-25
1;500;250;NULL;2;NULL;206Q1D;4_AOI;4_AOI_SIDEA;3;NULL;NULL;0,9333;0,8833;0,4667;0,4416;2026-06-25
1;500;250;NULL;2;NULL;206Q1D;5_FPT;5_FPT_PREMIUM;4;NULL;NULL;2,55;2,1167;1,275;1,0583;2026-06-25
1;496;248;NULL;2;NULL;206Q1D;6_DEP;6_DEP;5;NULL;NULL;0,65;0,5;0,325;0,25;2026-06-25
1;502;251;NULL;2;NULL;206R1C;1_SMT;1_SMTA;1;NULL;NULL;0,4167;0,3667;0,2084;0,1834;2026-04-20
1;139;69,5;108;2;8;206R1C;3_SEL;3_SELA;2;7,1332;5,1332;1,7833;1,2833;0,8917;0,6417;2026-04-20
1;502;251;NULL;2;NULL;206R1C;4_AOI;4_AOI_SIDEB;3;NULL;NULL;0,9;0,8;0,45;0,4;2026-04-20
1;500;250;NULL;2;NULL;206R1C;5_FPT;5_FPT_PREMIUM;4;NULL;NULL;0,8;0,7167;0,4;0,3584;2026-04-20
1;498;249;NULL;2;NULL;206R1C;6_DEP;6_DEP;5;NULL;NULL;0,65;0,55;0,325;0,275;2026-04-20
2;750;375;NULL;2;NULL;206S1C;1_SMT;1_SMTA;1;NULL;NULL;0,5584;0,4416;0,2792;0,2208;2026-07-15
2;748;374;NULL;2;NULL;206S1C;4_AOI;4_AOI_SIDEB;2;NULL;NULL;1,0333;0,8167;0,5166;0,4083;2026-07-15
2;748;374;NULL;2;NULL;206S1C;5_FPT;5_FPT_PREMIUM;3;NULL;NULL;0,7416;0,5667;0,3708;0,2833;2026-07-15
1;346;173;NULL;2;NULL;206V1B;4_AOI;4_AOI_SIDEB;1;NULL;NULL;1,2333;1,0833;0,6167;0,5416;2025-07-09
1;296;148;NULL;2;NULL;206V1B;5_FPT;5_FPT_PREMIUM;2;NULL;NULL;2,8667;2,6;1,4333;1,3;2025-07-09
2;140;28;NULL;5;NULL;2313BA;4_AOI;4_AOI_SIDEB;1;NULL;NULL;0,8166;0,4333;0,1633;0,0867;2025-03-06
2;140;28;NULL;5;NULL;2313BA;5_FPT;5_FPT_BASIC;2;NULL;NULL;0,8917;0,5083;0,1783;0,1017;2025-03-06
3;620;31;NULL;20;NULL;24131B;4_AOI;4_AOI_SIDEA;1;NULL;NULL;1,1778;0,7611;0,0589;0,0381;2025-02-14
3;600;30;NULL;20;NULL;24131B;5_FPT;5_FPT_BASIC;2;NULL;NULL;5,1944;4,1944;0,2597;0,2097;2025-02-14
3;200;10;NULL;20;NULL;24131B;6_DEP;6_DEP;3;NULL;NULL;3,3;2,3;0,165;0,115;2026-01-12
4;118;23,6;123;5;5;24141A;3_SEL;3_SELA;1;5,3375;4,175;5,3375;4,175;1,0675;0,835;2025-01-23
4;600;120;NULL;5;NULL;24141A;4_AOI;4_AOI_SIDEB;2;NULL;NULL;2,1959;1,7334;0,4392;0,3467;2025-01-23
4;595;119;NULL;5;NULL;24141A;5_FPT;5_FPT_BASIC;3;NULL;NULL;4,1458;3,1417;0,8292;0,6283;2025-01-23
4;350;70;NULL;5;NULL;24141A;6_DEP;6_DEP;4;NULL;NULL;1,3;1,0084;0,26;0,2017;2025-12-10
2;29;2,9;30;10;10;24151A;3_SEL;3_SELA;1;1,6667;1,25;1,6667;1,25;0,1667;0,125;2025-04-16
2;600;60;NULL;10;NULL;24151A;4_AOI;4_AOI_SIDEB;2;NULL;NULL;1,975;1,6917;0,1975;0,1692;2025-01-07
2;600;60;NULL;10;NULL;24151A;5_FPT;5_FPT_BASIC;3;NULL;NULL;3,2667;2,7667;0,3267;0,2767;2025-01-07
2;475;95;NULL;5;NULL;24151B;1_SMT;1_SMTA;1;NULL;NULL;1,1083;0,8917;0,2217;0,1783;2026-03-27
2;475;95;NULL;5;NULL;24151B;4_AOI;4_AOI_SIDEB;2;NULL;NULL;1,45;1,125;0,29;0,225;2026-03-27
2;470;94;NULL;5;NULL;24151B;5_FPT;5_FPT_BASIC;3;NULL;NULL;1,6833;1,4167;0,3367;0,2833;2026-03-27
2;450;90;NULL;5;NULL;24151B;6_DEP;6_DEP;4;NULL;NULL;1,075;0,9167;0,215;0,1833;2026-03-27
5;113;37,6666666666667;132;3;3;24161A;3_SEL;3_SELA;1;3,075;2,0583;3,075;2,0583;1,025;0,6861;2025-01-23
5;726;242;NULL;3;NULL;24161A;4_AOI;4_AOI_SIDEB;2;NULL;NULL;1,5133;1,2133;0,5044;0,4044;2024-10-01
5;726;242;NULL;3;NULL;24161A;5_FPT;5_FPT_BASIC;3;NULL;NULL;2,45;1,8533;0,8167;0,6178;2024-10-01
5;387;129;NULL;3;NULL;24161A;6_DEP;6_DEP;4;NULL;NULL;1,1666;1,025;0,3889;0,3417;2025-11-24
4;200;40;NULL;5;NULL;24171A;1_SMT;1_SMTA;1;NULL;NULL;2,1667;1,55;0,4333;0,31;2026-04-23
4;200;40;NULL;5;NULL;24171A;2_ODD;2_ODDA;2;NULL;NULL;2,65;2,2667;0,53;0,4533;2026-04-23
4;129;25,8;135;5;5;24171A;3_SEL;3_SELA;3;3,65;2,8542;3,65;2,8542;0,73;0,5708;2025-03-18
4;135;27;NULL;5;NULL;24171A;4_AOI;4_AOI_SIDEA;4;NULL;NULL;0,75;0,55;0,15;0,11;2025-03-18
4;600;120;NULL;5;NULL;24171A;4_AOI;4_AOI_SIDEB;5;NULL;NULL;1,5555;1,25;0,3111;0,25;2025-03-18
4;720;144;NULL;5;NULL;24171A;4_AOI;4_AOI_SMT;6;NULL;NULL;0,8875;0,6375;0,1775;0,1275;2025-03-18
4;675;135;NULL;5;NULL;24171A;5_FPT;5_FPT_BASIC;7;NULL;NULL;2,1867;1,56;0,4373;0,312;2025-03-18
4;380;76;NULL;5;NULL;24171A;6_DEP;6_DEP;8;NULL;NULL;1,65;1,3167;0,33;0,2633;2025-12-10
1;200;200;NULL;1;NULL;26621B;4_AOI;4_AOI_SIDEB;1;NULL;NULL;1,0333;0,9;1,0333;0,9;2024-11-08
1;197;197;NULL;1;NULL;26621B;5_FPT;5_FPT_PREMIUM;2;NULL;NULL;1,7667;1,4167;1,7667;1,4167;2024-11-08
2;500;125;NULL;4;NULL;26631B;1_SMT;1_SMTB;1;NULL;NULL;0,7167;0,55;0,1792;0,1375;2026-04-09
2;700;175;NULL;4;NULL;26631B;4_AOI;4_AOI_SIDEA;2;NULL;NULL;1,4555;1,2278;0,3639;0,3069;2024-08-29
2;700;175;NULL;4;NULL;26631B;5_FPT;5_FPT_BASIC;3;NULL;NULL;0,6916;0,425;0,1729;0,1063;2024-08-29
2;100;50;NULL;2;NULL;26641A;4_AOI;4_AOI_SIDEB;1;NULL;NULL;1,5084;1,125;0,7542;0,5625;2024-09-30
2;100;50;NULL;2;NULL;26641A;5_FPT;5_FPT_PREMIUM;2;NULL;NULL;3,15;2,85;1,575;1,425;2024-09-30
3;25;12,5;13;2;4;2664AA;3_SEL;3_SELA;1;2,5334;1,3666;1,2667;0,6833;0,6333;0,3417;2025-09-24
3;152;76;NULL;2;NULL;2664AA;4_AOI;4_AOI_SIDEB;2;NULL;NULL;1,3389;1,0389;0,6694;0,5194;2024-12-11
3;150;75;NULL;2;NULL;2664AA;5_FPT;5_FPT_PREMIUM;3;NULL;NULL;3,95;2,95;1,975;1,475;2024-12-11
5;3300;66;NULL;50;NULL;26651A;4_AOI;4_AOI_SIDEA;1;NULL;NULL;0,5;0,3667;0,01;0,0073;2024-11-20
5;10000;40;NULL;250;NULL;26651A;4_AOI;4_AOI_SIDEB;2;NULL;NULL;1,4722;1,2333;0,0059;0,0049;2025-03-31
5;6550;131;NULL;50;NULL;26651A;5_FPT;5_FPT_PREMIUM;3;NULL;NULL;1,4667;1,3917;0,0293;0,0278;2024-09-13
5;10000;40;NULL;250;NULL;26651A;5_FPT;5_FPT_PREMIUM;4;NULL;NULL;4,6611;4,2889;0,0186;0,0172;2025-03-31
6;808;404;419;2;4;266B1D;3_SEL;3_SELA;1;4,4833;3,6333;2,2416;1,8167;1,1208;0,9083;2024-10-29
6;2988;1494;NULL;2;NULL;266B1D;4_AOI;4_AOI_SIDEA;2;NULL;NULL;1,275;1,1194;0,6375;0,5597;2024-10-02
6;2990;1495;NULL;2;NULL;266B1D;5_FPT;5_FPT_PREMIUM;3;NULL;NULL;4,5967;4,2967;2,2983;2,1483;2024-10-02
6;250;125;NULL;2;NULL;266C1B;1_SMT;1_SMTA;1;NULL;NULL;0,8667;0,7;0,4334;0,35;2026-06-15
6;569;284,5;525;2;4;266C1B;3_SEL;3_SELA;2;5;3,7944;2,5;1,8972;1,25;0,9486;2025-06-16
6;1460;730;NULL;2;NULL;266C1B;4_AOI;4_AOI_SIDEA;3;NULL;NULL;1,3262;1,1048;0,6631;0,5524;2025-06-16
6;1402;701;NULL;2;NULL;266C1B;5_FPT;5_FPT_PREMIUM;4;NULL;NULL;4,1083;3,8222;2,0542;1,9111;2025-06-16
6;998;499;NULL;2;NULL;266C1B;6_DEP;6_DEP;5;NULL;NULL;0,875;0,7167;0,4375;0,3583;2025-10-23
1;50;25;NULL;2;NULL;266E1A;4_AOI;4_AOI_SIDEB;1;NULL;NULL;1,8667;1,3;0,9334;0,65;2024-10-22
1;50;25;NULL;2;NULL;266E1A;5_FPT;5_FPT_PREMIUM;2;NULL;NULL;7,05;5,05;3,525;2,525;2024-10-22
5;508;254;NULL;2;NULL;266E1B;1_SMT;1_SMTA;1;NULL;NULL;1,35;0,975;0,675;0,4875;2026-04-20
5;494;247;NULL;2;NULL;266E1B;2_ODD;2_ODDA;2;NULL;NULL;2,3083;1,6917;1,1542;0,8458;2026-01-27
5;249;124,5;134;2;4;266E1B;3_SEL;3_SELA;3;5;3,8334;2,5;1,9167;1,25;0,9583;2026-01-27
5;992;496;NULL;2;NULL;266E1B;4_AOI;4_AOI_SIDEB;4;NULL;NULL;1,5933;1,41;0,7967;0,705;2025-04-01
5;948;474;NULL;2;NULL;266E1B;5_FPT;5_FPT_PREMIUM;5;NULL;NULL;6,1375;5,3021;3,0687;2,651;2025-04-01
5;572;286;NULL;2;NULL;266E1B;6_DEP;6_DEP;6;NULL;NULL;1,0389;0,6278;0,5194;0,3139;2026-01-27
1;50;25;53;2;2;266F1B;3_SEL;3_SELA;1;4,75;4,1333;4,75;4,1333;2,375;2,0667;2025-09-09
1;100;50;NULL;2;NULL;266F1B;4_AOI;4_AOI_SIDEB;2;NULL;NULL;1,5333;1,2833;0,7667;0,6417;2025-09-09
1;100;50;NULL;2;NULL;266F1B;5_FPT;5_FPT_PREMIUM;3;NULL;NULL;8,4167;6,7167;4,2084;3,3584;2025-09-09
2;300;150;NULL;2;NULL;266FAB;1_SMT;1_SMTA;1;NULL;NULL;1,2;0,775;0,6;0,3875;2026-04-29
2;300;150;NULL;2;NULL;266FAB;1_SMT;1_SMTB;2;NULL;NULL;0,75;0,575;0,375;0,2875;2026-04-29
2;50;25;60;2;2;266FAB;3_SEL;3_SELA;3;2,85;2,1;2,85;2,1;1,425;1,05;2026-04-29
2;300;150;NULL;2;NULL;266FAB;4_AOI;4_AOI_SIDEB;4;NULL;NULL;1,7167;1,3834;0,8583;0,6917;2026-04-29
2;300;150;NULL;2;NULL;266FAB;5_FPT;5_FPT_PREMIUM;5;NULL;NULL;5,6666;4,9916;2,8333;2,4958;2026-04-29
2;300;150;NULL;2;NULL;266FAB;6_DEP;6_DEP;6;NULL;NULL;0,9833;0,7417;0,4917;0,3708;2026-04-29
3;498;249;NULL;2;NULL;266G1B;1_SMT;1_SMTA;1;NULL;NULL;0,7417;0,5917;0,3708;0,2958;2026-04-22
3;568;284;NULL;2;NULL;266G1B;2_ODD;2_ODDA;2;NULL;NULL;3,1333;2,3722;1,5667;1,1861;2025-10-14
3;31;15,5;36;2;2;266G1B;3_SEL;3_SELA;3;2,9333;1,8833;2,9333;1,8833;1,4667;0,9416;2025-10-14
3;568;284;NULL;2;NULL;266G1B;4_AOI;4_AOI_SIDEB;4;NULL;NULL;1,3375;1,1916;0,6688;0,5958;2025-10-14
3;496;248;NULL;2;NULL;266G1B;5_FPT;5_FPT_BASIC;5;NULL;NULL;1,3333;1,1;0,6667;0,55;2026-04-22
3;70;35;NULL;2;NULL;266G1B;5_FPT;5_FPT_PREMIUM;6;NULL;NULL;2,2;1,9167;1,1;0,9584;2025-10-14
3;564;282;NULL;2;NULL;266G1B;6_DEP;6_DEP;7;NULL;NULL;0,8778;0,6889;0,4389;0,3444;2025-10-14
1;200;100;NULL;2;NULL;266H1A;1_SMT;1_SMTA;1;NULL;NULL;0,7167;0,6167;0,3584;0,3084;2026-08-03
1;200;100;NULL;2;NULL;266H1A;4_AOI;4_AOI_SIDEB;2;NULL;NULL;1,5167;1,2667;0,7583;0,6333;2026-08-03
1;200;100;NULL;2;NULL;266H1A;5_FPT;5_FPT_BASIC;3;NULL;NULL;1,1333;1,0333;0,5666;0,5167;2026-08-03
1;200;100;NULL;2;NULL;266H1A;6_DEP;6_DEP;4;NULL;NULL;0,7667;0,6167;0,3834;0,3084;2026-08-03
8;4040;202;NULL;20;NULL;26921A;4_AOI;4_AOI_SIDEA;1;NULL;NULL;1,1854;0,9813;0,0593;0,0491;2024-10-31
8;2840;142;NULL;20;NULL;26921A;5_FPT;5_FPT_PREMIUM;2;NULL;NULL;1,9333;1,4208;0,0967;0,071;2024-10-31
3;340;34;NULL;10;NULL;26931A;4_AOI;4_AOI_SIDEA;1;NULL;NULL;1,7444;1,2222;0,1744;0,1222;2024-12-12
1;100;10;NULL;10;NULL;281V1A;1_SMT;1_SMTB;1;NULL;NULL;1,3667;0,8667;0,1367;0,0867;2026-07-07
1;100;10;NULL;10;NULL;281V1A;4_AOI;4_AOI_SIDEB;2;NULL;NULL;0,9833;0,4667;0,0983;0,0467;2026-07-07
2;999;999;NULL;1;NULL;289C1H;2_ODD;2_ODDA;1;NULL;NULL;0,4;0,35;0,4;0,35;2025-06-05
2;1193;1193;223;1;6;289C1H;3_SEL;3_SELB;2;4,5501;4,4499;0,7584;0,7416;0,7584;0,7416;2025-01-30
2;2000;2000;NULL;1;NULL;289C1H;4_AOI;4_AOI_SIDEA;3;NULL;NULL;1,0583;0,9667;1,0583;0,9667;2025-01-30
2;1999;1999;NULL;1;NULL;289C1H;5_FPT;5_FPT_BASIC;4;NULL;NULL;1,0875;0,8084;1,0875;0,8084;2025-01-30
2;343;171,5;327;2;8;289D1C;3_SEL;3_SELA;1;12,8;9,7332;3,2;2,4333;1,6;1,2167;2025-02-04
2;1766;883;NULL;2;NULL;289D1C;4_AOI;4_AOI_SIDEA;2;NULL;NULL;1,5166;1,3833;0,7583;0,6917;2024-10-11
2;234;117;NULL;2;NULL;289D1C;4_AOI;4_AOI_SIDEB;3;NULL;NULL;1,6;1,4667;0,8;0,7333;2025-02-04
2;1996;998;NULL;2;NULL;289D1C;5_FPT;5_FPT_BASIC;4;NULL;NULL;1,1167;0,9;0,5584;0,45;2024-10-11
2;169;33,8;102;5;10;289E1F;3_SEL;3_SELA;1;4,6334;3,4666;2,3167;1,7333;0,4633;0,3467;2025-02-04
2;2000;400;NULL;5;NULL;289E1F;4_AOI;4_AOI_SIDEA;2;NULL;NULL;1,375;1,2667;0,275;0,2533;2024-10-17
2;2000;400;NULL;5;NULL;289E1F;5_FPT;5_FPT_BASIC;3;NULL;NULL;2,075;1,4583;0,415;0,2917;2024-10-17
2;990;99;NULL;10;NULL;291W1B;4_AOI;4_AOI_SIDEA;1;NULL;NULL;0,7083;0,5167;0,0708;0,0517;2024-09-24
2;970;97;NULL;10;NULL;291W1B;5_FPT;5_FPT_BASIC;2;NULL;NULL;1,7667;1,5583;0,1767;0,1558;2024-09-24
2;500;50;NULL;10;NULL;291W1B;6_DEP;6_DEP;3;NULL;NULL;1,6;1,4;0,16;0,14;2025-11-03
1;11;1,1;11;10;10;33751B;3_SEL;3_SELA;1;4,5333;2,7333;4,5333;2,7333;0,4533;0,2733;2026-01-26
1;200;20;NULL;10;NULL;33751B;4_AOI;4_AOI_SIDEB;2;NULL;NULL;1,65;0,9667;0,165;0,0967;2026-01-26
1;600;300;NULL;2;NULL;33781E;4_AOI;4_AOI_SIDEB;1;NULL;NULL;1,1833;1,0167;0,5917;0,5083;2024-09-13
1;598;299;NULL;2;NULL;33781E;5_FPT;5_FPT_PREMIUM;2;NULL;NULL;1,3;0,8667;0,65;0,4334;2024-09-13
1;110;55;NULL;2;NULL;350N1A;4_AOI;4_AOI_SIDEA;1;NULL;NULL;1,2;1,0333;0,6;0,5167;2025-06-05
1;106;53;NULL;2;NULL;350N1A;5_FPT;5_FPT_PREMIUM;2;NULL;NULL;2,4667;2,1833;1,2333;1,0917;2025-06-05
1;90;15;NULL;6;NULL;364M1A;4_AOI;4_AOI_SIDEB;1;NULL;NULL;2,3333;1,3333;0,3889;0,2222;2024-08-23
1;84;14;NULL;6;NULL;364MAA;4_AOI;4_AOI_SIDEB;1;NULL;NULL;1,7;1,35;0,2833;0,225;2024-08-23
1;72;12;NULL;6;NULL;364MAA;5_FPT;5_FPT_BASIC;2;NULL;NULL;3,5333;3,1167;0,5889;0,5194;2024-08-23
1;50;50;NULL;1;NULL;386YCE;1_SMT;1_SMTA;1;NULL;NULL;1,2333;1,0333;1,2333;1,0333;2026-04-21
1;50;50;NULL;1;NULL;386YCE;1_SMT;1_SMTB;2;NULL;NULL;1,1;0,6;1,1;0,6;2026-04-21
1;50;50;NULL;1;NULL;386YCE;4_AOI;4_AOI_SIDEB;3;NULL;NULL;1,2167;1,1333;1,2167;1,1333;2026-04-21
1;50;50;NULL;1;NULL;386YCE;5_FPT;5_FPT_BASIC;4;NULL;NULL;2,4;1,4;2,4;1,4;2026-04-21
1;100;100;NULL;1;NULL;386ZBD;1_SMT;1_SMTB;1;NULL;NULL;1,2333;0,8833;1,2333;0,8833;2026-05-07
1;118;118;NULL;1;NULL;386ZBD;4_AOI;4_AOI_SIDEB;2;NULL;NULL;1,2083;0,9334;1,2083;0,9334;2026-05-07
1;96;96;NULL;1;NULL;386ZBD;5_FPT;5_FPT_BASIC;3;NULL;NULL;1,2833;0,5667;1,2833;0,5667;2026-05-07
1;96;96;NULL;1;NULL;386ZBD;6_DEP;6_DEP;4;NULL;NULL;0,4333;0,3333;0,4333;0,3333;2026-05-07
25;42105;2807;NULL;15;NULL;3976HH;1_SMT;1_SMTA;1;NULL;NULL;0,55;0,4833;0,0367;0,0322;2026-06-24
25;44205;2947;NULL;15;NULL;3976HH;1_SMT;1_SMTB;2;NULL;NULL;0,6167;0,5375;0,0411;0,0358;2026-05-27
25;2145;143;NULL;15;NULL;3976HH;2_ODD;2_ODDA;3;NULL;NULL;2,5833;2,2;0,1722;0,1467;2026-05-27
25;2516;167,733333333333;452;15;90;3976HH;3_SEL;3_SELA;4;4,5999;3,8001;0,7667;0,6333;0,0511;0,0422;2025-01-17
25;402750;26850;NULL;15;NULL;3976HH;4_AOI;4_AOI_SIDEB;5;NULL;NULL;0,5919;0,5172;0,0395;0,0345;2024-09-10
25;411915;27461;NULL;15;NULL;3976HH;5_FPT;5_FPT_PREMIUM;6;NULL;NULL;0,933;0,834;0,0622;0,0556;2024-09-10
10;122460;8164;NULL;15;NULL;3976IH;4_AOI;4_AOI_SIDEB;1;NULL;NULL;0,5;0,4417;0,0333;0,0294;2024-10-01
10;144375;9625;NULL;15;NULL;3976IH;5_FPT;5_FPT_PREMIUM;2;NULL;NULL;0,95;0,79;0,0633;0,0527;2024-10-01
1;43;7,16666666666667;24;6;12;39791C;3_SEL;3_SELA;1;4,9;3,4;2,45;1,7;0,4083;0,2833;2024-11-06
1;1002;167;NULL;6;NULL;39791C;4_AOI;4_AOI_SIDEA;2;NULL;NULL;1,3;1,0333;0,2167;0,1722;2024-11-06
1;1002;167;NULL;6;NULL;39791C;4_AOI;4_AOI_SMT;3;NULL;NULL;0,5833;0,4667;0,0972;0,0778;2024-11-06
1;1002;167;NULL;6;NULL;39791C;5_FPT;5_FPT_BASIC;4;NULL;NULL;1,45;1;0,2417;0,1667;2024-11-06
1;174;29;NULL;6;NULL;397HDB;4_AOI;4_AOI_SIDEB;1;NULL;NULL;0,7;0,3833;0,1167;0,0639;2024-10-24
1;192;32;NULL;6;NULL;397HFB;4_AOI;4_AOI_SIDEB;1;NULL;NULL;0,6167;0,3333;0,1028;0,0555;2024-10-24
2;564;94;NULL;6;NULL;397JDB;4_AOI;4_AOI_SIDEB;1;NULL;NULL;0,5416;0,3916;0,0903;0,0653;2024-10-24
1;162;27;NULL;6;NULL;397JFB;4_AOI;4_AOI_SIDEB;1;NULL;NULL;0,8667;0,6833;0,1444;0,1139;2024-11-08
1;10;1;10;10;10;408C1A;3_SEL;3_SELA;1;4,8667;3,2167;4,8667;3,2167;0,4867;0,3217;2025-09-02
1;100;10;NULL;10;NULL;408C1A;4_AOI;4_AOI_SIDEB;2;NULL;NULL;1,2667;1;0,1267;0,1;2025-09-02
1;100;10;NULL;10;NULL;408C1A;5_FPT;5_FPT_PREMIUM;3;NULL;NULL;1,85;1,35;0,185;0,135;2025-09-02
1;160;40;NULL;4;NULL;44821A;4_AOI;4_AOI_SIDEA;1;NULL;NULL;0,9667;0,5333;0,2417;0,1333;2025-11-24
1;65;13;NULL;5;NULL;448G1B;4_AOI;4_AOI_SIDEB;1;NULL;NULL;1,2;0,7667;0,24;0,1533;2025-02-11
1;65;13;NULL;5;NULL;448G1B;5_FPT;5_FPT_BASIC;2;NULL;NULL;1,3167;0,9333;0,2633;0,1867;2025-02-11
1;500;250;NULL;2;NULL;448I1A;4_AOI;4_AOI_SIDEA;1;NULL;NULL;1,45;1,1667;0,725;0,5834;2025-03-04
1;500;250;NULL;2;NULL;448I1A;5_FPT;5_FPT_BASIC;2;NULL;NULL;2,2333;1,9;1,1166;0,95;2025-03-04
1;490;245;NULL;2;NULL;448I1B;2_ODD;2_ODDA;1;NULL;NULL;2,9833;2,3;1,4916;1,15;2025-11-25
1;244;122;247;2;2;448I1B;3_SEL;3_SELA;2;3,3333;2,9167;3,3333;2,9167;1,6666;1,4584;2025-11-25
1;490;245;NULL;2;NULL;448I1B;4_AOI;4_AOI_SIDEA;3;NULL;NULL;1,4667;1,2833;0,7333;0,6417;2025-11-25
1;490;245;NULL;2;NULL;448I1B;5_FPT;5_FPT_BASIC;4;NULL;NULL;1,6;1,2333;0,8;0,6167;2025-11-25
4;400;40;NULL;10;NULL;449S1A;4_AOI;4_AOI_SIDEB;1;NULL;NULL;1,6458;1,2625;0,1646;0,1262;2025-05-08
3;22;5,5;13;4;8;476M1B;3_SEL;3_SELA;1;8,1;5,7666;4,05;2,8833;1,0125;0,7208;2024-11-05
3;276;69;NULL;4;NULL;476M1B;4_AOI;4_AOI_SIDEA;2;NULL;NULL;1,4722;1,0889;0,3681;0,2722;2024-11-05
3;252;63;NULL;4;NULL;476M1B;5_FPT;5_FPT_BASIC;3;NULL;NULL;1,0334;0,5167;0,2583;0,1292;2024-11-05
1;200;100;NULL;2;NULL;476N1A;4_AOI;4_AOI_SIDEA;1;NULL;NULL;1,0667;0,9;0,5333;0,45;2025-03-05
7;60;30;NULL;2;NULL;476Q1B;2_ODD;2_ODDA;1;NULL;NULL;6,3;4,9667;3,15;2,4834;2025-12-10
7;30;15;13;2;6;476Q1B;3_SEL;3_SELA;2;8,7501;7,5501;2,9167;2,5167;1,4584;1,2584;2025-10-28
7;480;240;NULL;2;NULL;476Q1B;4_AOI;4_AOI_SIDEA;3;NULL;NULL;1,1143;0,9071;0,5571;0,4536;2024-11-13
7;476;238;NULL;2;NULL;476Q1B;5_FPT;5_FPT_BASIC;4;NULL;NULL;1,2119;0,6809;0,606;0,3405;2024-11-13
3;110;110;NULL;1;NULL;476S1A;2_ODD;2_ODDA;1;NULL;NULL;1,7333;1,2833;1,7333;1,2833;2025-09-25
3;339;339;156;1;3;476S1A;3_SEL;3_SELA;2;3,1;2,7333;1,0333;0,9111;1,0333;0,9111;2024-12-17
3;424;424;NULL;1;NULL;476S1A;4_AOI;4_AOI_SIDEB;3;NULL;NULL;1,2056;1,0722;1,2056;1,0722;2024-12-17
3;98;98;NULL;1;NULL;476S1A;5_FPT;5_FPT_BASIC;4;NULL;NULL;1,15;0,95;1,15;0,95;2025-11-18
1;100;10;NULL;10;NULL;48751A;4_AOI;4_AOI_SIDEA;1;NULL;NULL;0,8333;0,3333;0,0833;0,0333;2025-05-26
1;100;10;NULL;10;NULL;48751A;5_FPT;5_FPT_BASIC;2;NULL;NULL;1,2;0,7;0,12;0,07;2025-05-26
3;100;25;NULL;4;NULL;487A1B;1_SMT;1_SMTA;1;NULL;NULL;1,0167;0,4167;0,2542;0,1042;2026-07-10
3;296;74;NULL;4;NULL;487A1B;4_AOI;4_AOI_SIDEB;2;NULL;NULL;1,2222;0,9;0,3056;0,225;2024-11-22
3;284;71;NULL;4;NULL;487A1B;5_FPT;5_FPT_BASIC;3;NULL;NULL;1,2833;0,8;0,3208;0,2;2024-11-22
2;250;25;NULL;10;NULL;487F1A;4_AOI;4_AOI_SIDEA;1;NULL;NULL;1,0416;0,4167;0,1042;0,0417;2024-09-27
2;250;25;NULL;10;NULL;487F1A;5_FPT;5_FPT_BASIC;2;NULL;NULL;1,875;1,2084;0,1875;0,1208;2024-09-27
1;47;23,5;25;2;4;487G1A;3_SEL;3_SELA;1;3,7;3,1666;1,85;1,5833;0,925;0,7916;2024-12-13
1;100;50;NULL;2;NULL;487G1A;4_AOI;4_AOI_SIDEB;2;NULL;NULL;1,75;1,4333;0,875;0,7167;2024-12-13
1;100;50;NULL;2;NULL;487G1A;5_FPT;5_FPT_PREMIUM;3;NULL;NULL;3,65;3,25;1,825;1,625;2024-12-13
7;50;50;NULL;1;NULL;487H1B;1_SMT;1_SMTA;1;NULL;NULL;1,35;0,95;1,35;0,95;2026-03-12
7;50;50;51;1;1;487H1B;3_SEL;3_SELA;2;4,9833;4,35;4,9833;4,35;4,9833;4,35;2026-02-04
7;450;450;NULL;1;NULL;487H1B;4_AOI;4_AOI_SIDEB;3;NULL;NULL;1,5444;1,325;1,5444;1,325;2024-11-28
7;470;470;NULL;1;NULL;487H1B;5_FPT;5_FPT_BASIC;4;NULL;NULL;1,9357;1,5143;1,9357;1,5143;2024-10-01
2;110;110;NULL;1;NULL;487HAC;1_SMT;1_SMTA;1;NULL;NULL;1,3916;0,8833;1,3916;0,8833;2026-06-01
2;110;110;NULL;1;NULL;487HAC;4_AOI;4_AOI_SIDEB;2;NULL;NULL;1,525;1,2917;1,525;1,2917;2026-06-01
2;110;110;NULL;1;NULL;487HAC;5_FPT;5_FPT_BASIC;3;NULL;NULL;2,225;1,7667;2,225;1,7667;2026-06-01
2;408;68;NULL;6;NULL;49421A;4_AOI;4_AOI_SIDEB;1;NULL;NULL;1,8666;1,4667;0,3111;0,2444;2024-09-04
1;98;98;NULL;1;NULL;49512E;1_SMT;1_SMTA;1;NULL;NULL;0,75;0,55;0,75;0,55;2026-04-09
1;100;100;NULL;1;NULL;49512E;4_AOI;4_AOI_SIDEB;2;NULL;NULL;1,2084;1,0583;1,2084;1,0583;2026-04-09
1;100;100;NULL;1;NULL;49512E;5_FPT;5_FPT_BASIC;3;NULL;NULL;0,95;0,65;0,95;0,65;2026-04-09
2;200;40;NULL;5;NULL;49513B;4_AOI;4_AOI_SIDEB;1;NULL;NULL;1,5417;1,0083;0,3083;0,2017;2025-01-08
1;180;45;NULL;4;NULL;498O1B;4_AOI;4_AOI_SIDEB;1;NULL;NULL;2,3167;1,7333;0,5792;0,4333;2024-09-06
1;156;39;NULL;4;NULL;498O1B;5_FPT;5_FPT_BASIC;2;NULL;NULL;3,0333;2,2667;0,7583;0,5667;2024-09-06
1;376;94;NULL;4;NULL;498OAB;4_AOI;4_AOI_SIDEB;1;NULL;NULL;1,35;1,1833;0,3375;0,2958;2024-09-26
1;376;94;NULL;4;NULL;498OAB;5_FPT;5_FPT_BASIC;2;NULL;NULL;3,55;2,6417;0,8875;0,6604;2024-09-26
2;1950;39;NULL;50;NULL;505K1C;1_SMT;1_SMTB;1;NULL;NULL;2,05;1,55;0,041;0,031;2026-05-20
2;2500;50;NULL;50;NULL;505K1C;4_AOI;4_AOI_SIDEB;2;NULL;NULL;1,7583;0,9833;0,0352;0,0197;2025-05-06
3;900;90;NULL;10;NULL;505MDE;4_AOI;4_AOI_SIDEA;1;NULL;NULL;1,5611;1,1111;0,1561;0,1111;2025-01-30
3;870;87;NULL;10;NULL;505MDE;5_FPT;5_FPT_BASIC;2;NULL;NULL;1,6;1,0834;0,16;0,1083;2025-01-30
1;150;15;NULL;10;NULL;505NCC;4_AOI;4_AOI_SIDEB;1;NULL;NULL;1,4333;1,1;0,1433;0,11;2025-11-28
1;150;15;NULL;10;NULL;505NCC;5_FPT;5_FPT_PREMIUM;2;NULL;NULL;10,5333;10,2;1,0533;1,02;2025-11-28
1;150;15;NULL;10;NULL;505NCC;6_DEP;6_DEP;3;NULL;NULL;2,25;1,9167;0,225;0,1917;2025-11-28
3;750;75;NULL;10;NULL;505NDC;4_AOI;4_AOI_SIDEB;1;NULL;NULL;1,3778;1,1278;0,1378;0,1128;2025-01-21
3;480;48;NULL;10;NULL;505NDC;5_FPT;5_FPT_BASIC;2;NULL;NULL;3,3666;2,225;0,3367;0,2225;2025-01-21
3;250;25;NULL;10;NULL;505NDC;5_FPT;5_FPT_PREMIUM;3;NULL;NULL;10,7667;10,3667;1,0767;1,0367;2025-11-27
3;250;25;NULL;10;NULL;505NDC;6_DEP;6_DEP;4;NULL;NULL;1,6167;1,4167;0,1617;0,1417;2025-11-27
4;200;50;NULL;4;NULL;51041B;1_SMT;1_SMTA;1;NULL;NULL;1,2333;0,7333;0,3083;0,1833;2026-05-04
4;29;7,25;23;4;8;51041B;3_SEL;3_SELA;2;2,5;1,1666;1,25;0,5833;0,3125;0,1458;2026-05-04
4;684;171;NULL;4;NULL;51041B;4_AOI;4_AOI_SIDEB;3;NULL;NULL;1,0792;0,8459;0,2698;0,2115;2025-01-27
4;672;168;NULL;4;NULL;51041B;5_FPT;5_FPT_BASIC;4;NULL;NULL;0,8367;0,46;0,2092;0,115;2025-01-27
4;300;75;NULL;4;NULL;51041B;6_DEP;6_DEP;5;NULL;NULL;0,9917;0,7917;0,2479;0,1979;2025-11-27
1;100;10;NULL;10;NULL;51061B;4_AOI;4_AOI_SIDEA;1;NULL;NULL;2,45;1,6167;0,245;0,1617;2025-05-21
1;100;10;NULL;10;NULL;51061B;5_FPT;5_FPT_BASIC;2;NULL;NULL;3,0833;1,5833;0,3083;0,1583;2025-05-21
2;700;70;NULL;10;NULL;5106AB;4_AOI;4_AOI_SIDEA;1;NULL;NULL;1,9417;1,5416;0,1942;0,1542;2024-09-27
2;700;70;NULL;10;NULL;5106AB;5_FPT;5_FPT_BASIC;2;NULL;NULL;1,6583;1,3083;0,1658;0,1308;2024-09-27
1;500;50;NULL;10;NULL;515G1C;4_AOI;4_AOI_SIDEB;1;NULL;NULL;1,3667;1,0333;0,1367;0,1033;2024-09-17
1;580;58;NULL;10;NULL;515G1C;5_FPT;5_FPT_BASIC;2;NULL;NULL;2,4667;2,1167;0,2467;0,2117;2024-09-17
1;732;183;NULL;4;NULL;515R1C;2_ODD;2_ODDA;1;NULL;NULL;0,7333;0,65;0,1833;0,1625;2025-09-24
1;70;17,5;35;4;8;515R1C;3_SEL;3_SELB;2;3,7666;3,3334;1,8833;1,6667;0,4708;0,4167;2025-09-24
1;732;183;NULL;4;NULL;515R1C;4_AOI;4_AOI_SIDEB;3;NULL;NULL;0,8667;0,8167;0,2167;0,2042;2025-09-24
1;732;183;NULL;4;NULL;515R1C;5_FPT;5_FPT_BASIC;4;NULL;NULL;1,2333;1,0167;0,3083;0,2542;2025-09-24
1;732;183;NULL;4;NULL;515R1C;6_DEP;6_DEP;5;NULL;NULL;1,55;1,4333;0,3875;0,3583;2025-09-24
1;245;122,5;123;2;4;515Z1A;3_SEL;3_SELA;1;4,0334;3,3334;2,0167;1,6667;1,0084;0,8334;2025-05-21
1;490;245;NULL;2;NULL;515Z1A;4_AOI;4_AOI_SIDEB;2;NULL;NULL;1,2;1,0833;0,6;0,5416;2025-05-21
1;486;243;NULL;2;NULL;515Z1A;5_FPT;5_FPT_BASIC;3;NULL;NULL;1,65;1,2;0,825;0,6;2025-05-21
1;94;94;NULL;1;NULL;52021A;4_AOI;4_AOI_SIDEB;1;NULL;NULL;1,1167;1,0167;1,1167;1,0167;2025-09-01
1;94;94;NULL;1;NULL;52021A;5_FPT;5_FPT_BASIC;2;NULL;NULL;1,8667;1,3333;1,8667;1,3333;2025-09-01
1;40;20;40;2;2;52031A;3_SEL;3_SELA;1;5,4167;4,4;5,4167;4,4;2,7083;2,2;2025-11-14
1;80;40;NULL;2;NULL;52031A;4_AOI;4_AOI_SIDEB;2;NULL;NULL;1,4667;1,2167;0,7333;0,6083;2025-11-14
1;62;31;NULL;2;NULL;52031A;5_FPT;5_FPT_BASIC;3;NULL;NULL;2,5;2,1833;1,25;1,0917;2025-11-14
3;370;185;NULL;2;NULL;52811C;4_AOI;4_AOI_SIDEB;1;NULL;NULL;1,55;1,2834;0,775;0,6417;2024-09-24
3;348;174;NULL;2;NULL;52811C;5_FPT;5_FPT_BASIC;2;NULL;NULL;1,4889;1,0667;0,7444;0,5333;2024-09-24
1;32;16;33;2;2;52971A;3_SEL;3_SELA;1;4,7333;3,8833;4,7333;3,8833;2,3666;1,9417;2024-12-10
1;64;32;NULL;2;NULL;52971A;4_AOI;4_AOI_SIDEB;2;NULL;NULL;1,3333;0,8667;0,6666;0,4334;2024-12-10
1;64;32;NULL;2;NULL;52971A;4_AOI;4_AOI_SMT;3;NULL;NULL;0,8167;0,65;0,4083;0,325;2024-12-10
1;64;32;NULL;2;NULL;52971A;5_FPT;5_FPT_BASIC;4;NULL;NULL;1,2833;0,9833;0,6417;0,4916;2024-12-10
1;112;56;NULL;2;NULL;52981A;4_AOI;4_AOI_SIDEB;1;NULL;NULL;1,3167;0,9167;0,6583;0,4583;2025-07-24
1;110;55;NULL;2;NULL;52981A;5_FPT;5_FPT_PREMIUM;2;NULL;NULL;2,9333;2,0333;1,4667;1,0167;2025-07-24
1;86;43;NULL;2;NULL;52991A;4_AOI;4_AOI_SIDEB;1;NULL;NULL;1,0667;0,8667;0,5333;0,4334;2025-07-24
1;86;43;NULL;2;NULL;52991A;5_FPT;5_FPT_PREMIUM;2;NULL;NULL;2,9333;2,35;1,4667;1,175;2025-07-24
3;98;9,8;50;10;20;53411B;3_SEL;3_SELA;1;3,6;2,9334;1,8;1,4667;0,18;0,1467;2025-10-08
3;100;10;50;10;20;53411B;3_SEL;3_SELB;2;3,35;2,9334;1,675;1,4667;0,1675;0,1467;2025-10-08
3;2000;200;NULL;10;NULL;53411B;4_AOI;4_AOI_SIDEA;3;NULL;NULL;1,2389;1,0555;0,1239;0,1056;2024-12-11
3;2000;200;NULL;10;NULL;53411B;5_FPT;5_FPT_BASIC;4;NULL;NULL;1,45;1,2042;0,145;0,1204;2024-12-11
1;30;15;30;2;2;53611B;3_SEL;3_SELA;1;1,65;1,25;1,65;1,25;0,825;0,625;2025-10-16
1;60;30;NULL;2;NULL;53611B;4_AOI;4_AOI_SIDEB;2;NULL;NULL;1,3;1,05;0,65;0,525;2025-10-16
1;60;30;NULL;2;NULL;53611B;5_FPT;5_FPT_PREMIUM;3;NULL;NULL;4,8;4,3;2,4;2,15;2025-10-16
1;144;72;NULL;2;NULL;53621B;4_AOI;4_AOI_SIDEB;1;NULL;NULL;1,3667;1,2167;0,6834;0,6083;2025-10-16
1;144;72;NULL;2;NULL;53621B;5_FPT;5_FPT_PREMIUM;2;NULL;NULL;15,375;13,7834;7,6875;6,8917;2025-10-16
1;260;13;NULL;20;NULL;53721B;4_AOI;4_AOI_SIDEB;1;NULL;NULL;1,9667;1,2;0,0983;0,06;2024-09-12
1;260;13;NULL;20;NULL;53721B;5_FPT;5_FPT_BASIC;2;NULL;NULL;5,2333;4,4667;0,2617;0,2233;2024-09-12
1;400;80;NULL;5;NULL;53731B;4_AOI;4_AOI_SIDEB;1;NULL;NULL;1,1167;0,85;0,2233;0,17;2025-02-05
1;400;80;NULL;5;NULL;53731B;5_FPT;5_FPT_BASIC;2;NULL;NULL;1,2167;0,9667;0,2433;0,1933;2025-02-05
1;800;16;NULL;50;NULL;53821A;5_FPT;5_FPT_BASIC;1;NULL;NULL;9;7,75;0,18;0,155;2025-02-18
1;300;30;NULL;10;NULL;53911A;5_FPT;5_FPT_BASIC;1;NULL;NULL;2,1333;1,3;0,2133;0,13;2024-09-02
1;34;1,7;35;20;20;53921A;3_SEL;3_SELA;1;4,5667;3,7333;4,5667;3,7333;0,2283;0,1867;2024-09-26
1;1300;65;NULL;20;NULL;53921A;4_AOI;4_AOI_SIDEB;2;NULL;NULL;1,25;0,9667;0,0625;0,0483;2024-09-26
1;1300;65;NULL;20;NULL;53921A;4_AOI;4_AOI_SMT;3;NULL;NULL;0,4833;0,4167;0,0242;0,0208;2024-09-26
1;1300;65;NULL;20;NULL;53921A;5_FPT;5_FPT_BASIC;4;NULL;NULL;1,5;1,1833;0,075;0,0592;2024-09-26
2;400;20;NULL;20;NULL;53931B;4_AOI;4_AOI_SIDEB;1;NULL;NULL;1,9167;1,1417;0,0958;0,0571;2024-11-11
1;45;22,5;29;2;4;54311C;3_SEL;3_SELA;1;2,8666;1,7;1,4333;0,85;0,7167;0,425;2025-09-29
1;90;45;NULL;2;NULL;54311C;4_AOI;4_AOI_SIDEB;2;NULL;NULL;1,3333;1,1333;0,6666;0,5666;2025-09-29
1;90;45;NULL;2;NULL;54311C;5_FPT;5_FPT_BASIC;3;NULL;NULL;4,1667;2,7167;2,0833;1,3583;2025-09-29
21;3770;1885;NULL;2;NULL;54411A;1_SMT;1_SMTA;1;NULL;NULL;0,7778;0,65;0,3889;0,325;2026-03-10
21;4731;2365,5;2698;2;4;54411A;3_SEL;3_SELA;2;3,1755;2,5955;1,5878;1,2978;0,7939;0,6489;2025-02-07
21;12518;6259;NULL;2;NULL;54411A;4_AOI;4_AOI_SIDEB;3;NULL;NULL;1,55;1,427;0,775;0,7135;2024-09-17
21;630;315;NULL;2;NULL;54411A;4_AOI;4_AOI_SMT;4;NULL;NULL;0,5833;0,5167;0,2917;0,2584;2025-04-16
21;12434;6217;NULL;2;NULL;54411A;5_FPT;5_FPT_PREMIUM;5;NULL;NULL;2,2137;1,9768;1,1068;0,9884;2024-09-17
21;5640;2820;NULL;2;NULL;54411A;6_DEP;6_DEP;6;NULL;NULL;0,6481;0,5333;0,3241;0,2667;2025-10-16
23;750;75;NULL;10;NULL;54421A;1_SMT;1_SMTA;1;NULL;NULL;1,72;0,89;0,172;0,089;2026-03-05
23;730;73;NULL;10;NULL;54421A;1_SMT;1_SMTB;2;NULL;NULL;1,24;0,9633;0,124;0,0963;2026-03-05
23;97;9,7;102;10;10;54421A;3_SEL;3_SELA;3;4,4139;3,8417;4,4139;3,8417;0,4414;0,3842;2025-03-19
23;3390;339;NULL;10;NULL;54421A;4_AOI;4_AOI_SIDEB;4;NULL;NULL;2,3048;1,6444;0,2305;0,1644;2024-09-09
23;3240;324;NULL;10;NULL;54421A;4_AOI;4_AOI_SMT;5;NULL;NULL;1,0698;0,6127;0,107;0,0613;2024-09-09
23;3100;310;NULL;10;NULL;54421A;5_FPT;5_FPT_PREMIUM;6;NULL;NULL;4,3254;3,7063;0,4325;0,3706;2024-09-09
23;1050;105;NULL;10;NULL;54421A;6_DEP;6_DEP;7;NULL;NULL;2,0143;1,3476;0,2014;0,1348;2025-10-16
23;740;74;NULL;10;NULL;5442AA;1_SMT;1_SMTA;1;NULL;NULL;1,5333;0,86;0,1533;0,086;2026-01-22
23;750;75;NULL;10;NULL;5442AA;1_SMT;1_SMTB;2;NULL;NULL;1,2667;0,9333;0,1267;0,0933;2026-01-22
23;102;10,2;112;10;10;5442AA;3_SEL;3_SELA;3;4,575;4,0556;4,575;4,0556;0,4575;0,4056;2025-03-19
23;3710;371;NULL;10;NULL;5442AA;4_AOI;4_AOI_SIDEB;4;NULL;NULL;2,0167;1,6038;0,2017;0,1604;2024-09-10
23;3720;372;NULL;10;NULL;5442AA;4_AOI;4_AOI_SMT;5;NULL;NULL;1,0197;0,6667;0,102;0,0667;2024-09-10
23;3610;361;NULL;10;NULL;5442AA;5_FPT;5_FPT_PREMIUM;6;NULL;NULL;4,0493;3,2797;0,4049;0,328;2024-09-10
23;1040;104;NULL;10;NULL;5442AA;6_DEP;6_DEP;7;NULL;NULL;1,8738;1,4452;0,1874;0,1445;2025-10-16
4;1000;1000;NULL;1;NULL;54511B;4_AOI;4_AOI_SIDEA;1;NULL;NULL;0,4208;0,3833;0,4208;0,3833;2024-08-27
4;912;912;NULL;1;NULL;54511B;5_FPT;5_FPT_BASIC;2;NULL;NULL;0,4875;0,4042;0,4875;0,4042;2024-08-27
1;70;70;NULL;1;NULL;54511C;4_AOI;4_AOI_SIDEA;1;NULL;NULL;0,4167;0,4167;0,4167;0,4167;2024-10-07
1;70;70;NULL;1;NULL;54511C;5_FPT;5_FPT_BASIC;2;NULL;NULL;0,45;0,3;0,45;0,3;2024-10-07
4;996;996;NULL;1;NULL;54511D;4_AOI;4_AOI_SIDEA;1;NULL;NULL;0,4667;0,4;0,4667;0,4;2025-03-25
4;995;995;NULL;1;NULL;54511D;5_FPT;5_FPT_BASIC;2;NULL;NULL;0,6042;0,4083;0,6042;0,4083;2025-03-25
13;1700;1700;NULL;1;NULL;54511E;1_SMT;1_SMTA;1;NULL;NULL;0,5;0,4309;0,5;0,4309;2026-04-15
13;3196;3196;NULL;1;NULL;54511E;4_AOI;4_AOI_SIDEA;2;NULL;NULL;0,4833;0,4077;0,4833;0,4077;2025-09-25
13;3183;3183;NULL;1;NULL;54511E;5_FPT;5_FPT_BASIC;3;NULL;NULL;0,525;0,4191;0,525;0,4191;2025-09-25
13;2198;2198;NULL;1;NULL;54511E;6_DEP;6_DEP;4;NULL;NULL;0,54;0,395;0,54;0,395;2026-01-08
1;200;10;NULL;20;NULL;5461AA;4_AOI;4_AOI_SIDEA;1;NULL;NULL;1,85;1,0667;0,0925;0,0533;2024-11-27
1;200;10;NULL;20;NULL;5461AA;5_FPT;5_FPT_PREMIUM;2;NULL;NULL;2,7;1,7;0,135;0,085;2024-11-27
2;200;10;NULL;20;NULL;5461CA;2_ODD;2_ODDA;1;NULL;NULL;2,4333;1,9333;0,1217;0,0967;2025-12-04
2;400;20;NULL;20;NULL;5461CA;4_AOI;4_AOI_SIDEA;2;NULL;NULL;2,0833;1,3666;0,1042;0,0683;2025-06-16
2;400;20;NULL;20;NULL;5461CA;5_FPT;5_FPT_PREMIUM;3;NULL;NULL;2,2334;1,7334;0,1117;0,0867;2025-06-16
2;200;10;NULL;20;NULL;5461CA;6_DEP;6_DEP;4;NULL;NULL;2,8;2,3;0,14;0,115;2025-12-04
2;400;20;NULL;20;NULL;5461DA;2_ODD;2_ODDA;1;NULL;NULL;3,75;2,5;0,1875;0,125;2025-11-11
2;19;0,95;20;20;20;5461DA;3_SEL;3_SELA;2;3,1;2,6167;3,1;2,6167;0,155;0,1308;2025-11-11
2;1000;50;NULL;20;NULL;5461DA;4_AOI;4_AOI_SIDEA;3;NULL;NULL;1,5667;1,0833;0,0783;0,0542;2025-11-11
2;1040;52;NULL;20;NULL;5461DA;5_FPT;5_FPT_PREMIUM;4;NULL;NULL;2,4166;1,7417;0,1208;0,0871;2025-11-11
2;1000;50;NULL;20;NULL;5461DA;6_DEP;6_DEP;5;NULL;NULL;2,9917;2,6583;0,1496;0,1329;2025-11-11
4;414;207;NULL;2;NULL;54621A;1_SMT;1_SMTA;1;NULL;NULL;0,8167;0,6333;0,4083;0,3166;2026-06-02
4;420;210;NULL;2;NULL;54621A;1_SMT;1_SMTB;2;NULL;NULL;0,7;0,5667;0,35;0,2833;2026-06-02
4;712;356;NULL;2;NULL;54621A;2_ODD;2_ODDA;3;NULL;NULL;1,3083;1,15;0,6542;0,575;2025-10-10
4;617;308,5;182;2;8;54621A;3_SEL;3_SELA;4;8,0166;6,4333;2,0042;1,6083;1,0021;0,8042;2025-06-16
4;1416;708;NULL;2;NULL;54621A;4_AOI;4_AOI_SIDEB;5;NULL;NULL;1,1209;0,9667;0,5604;0,4833;2025-06-16
4;1340;670;NULL;2;NULL;54621A;5_FPT;5_FPT_BASIC;6;NULL;NULL;2,2;1,85;1,1;0,925;2025-06-16
4;370;185;NULL;2;NULL;54621A;6_DEP;6_DEP;7;NULL;NULL;0,5667;0,4667;0,2833;0,2334;2026-06-02
1;20;6,66666666666667;12;3;6;5499AB;3_SEL;3_SELA;1;9,1;5,9334;4,55;2,9667;1,5167;0,9889;2025-01-22
1;60;20;NULL;3;NULL;5499AB;4_AOI;4_AOI_SIDEB;2;NULL;NULL;1,7333;1,2833;0,5778;0,4278;2025-01-22
1;60;20;NULL;3;NULL;5499AB;5_FPT;5_FPT_BASIC;3;NULL;NULL;0,85;0,6;0,2833;0,2;2025-01-22
1;80;16;NULL;5;NULL;550H1B;4_AOI;4_AOI_SIDEA;1;NULL;NULL;0,9333;0,5833;0,1867;0,1167;2026-05-26
1;52;13;NULL;4;NULL;550Q1A;4_AOI;4_AOI_SIDEA;1;NULL;NULL;1,6167;0,9833;0,4042;0,2458;2024-11-12
1;52;13;NULL;4;NULL;550Q1A;5_FPT;5_FPT_PREMIUM;2;NULL;NULL;2,8667;2,4833;0,7167;0,6208;2024-11-12
3;548;274;332;2;4;55621A;3_SEL;3_SELA;1;3,1444;2,3778;1,5722;1,1889;0,7861;0,5945;2025-09-29
3;76;38;NULL;2;NULL;55621A;4_AOI;4_AOI_SIDEA;2;NULL;NULL;0,9167;0,7833;0,4583;0,3916;2026-02-11
3;1206;603;NULL;2;NULL;55621A;4_AOI;4_AOI_SIDEB;3;NULL;NULL;1,0667;0,9167;0,5333;0,4583;2025-09-29
3;1200;600;NULL;2;NULL;55621A;5_FPT;5_FPT_BASIC;4;NULL;NULL;1,3208;0,8667;0,6604;0,4333;2025-09-29
3;976;488;NULL;2;NULL;55621A;6_DEP;6_DEP;5;NULL;NULL;0,9083;0,7167;0,4542;0,3584;2026-01-23
1;300;10;NULL;30;NULL;55631A;4_AOI;4_AOI_SIDEA;1;NULL;NULL;1,1333;0,75;0,0378;0,025;2026-01-28
1;300;10;NULL;30;NULL;55631A;5_FPT;5_FPT_BASIC;2;NULL;NULL;3,7167;3,2167;0,1239;0,1072;2026-01-28
1;300;10;NULL;30;NULL;55631A;6_DEP;6_DEP;3;NULL;NULL;5,2833;3,2;0,1761;0,1067;2026-01-28
1;50;25;NULL;2;NULL;55731B;4_AOI;4_AOI_SIDEA;1;NULL;NULL;0,8167;0,5;0,4083;0,25;2026-05-08
1;50;25;NULL;2;NULL;55741B;4_AOI;4_AOI_SIDEA;1;NULL;NULL;0,7667;0,4167;0,3834;0,2084;2026-05-08
3;100;10;NULL;10;NULL;55911A;1_SMT;1_SMTA;1;NULL;NULL;2,7;0,7;0,27;0,07;2026-04-09
3;600;60;NULL;10;NULL;55911A;4_AOI;4_AOI_SIDEA;2;NULL;NULL;0,9555;0,5389;0,0956;0,0539;2024-11-26
3;600;60;NULL;10;NULL;55911A;5_FPT;5_FPT_BASIC;3;NULL;NULL;0,9444;0,6444;0,0944;0,0644;2024-11-26
3;750;75;NULL;10;NULL;5591AA;4_AOI;4_AOI_SIDEA;1;NULL;NULL;0,6889;0,4722;0,0689;0,0472;2025-07-22
3;750;75;NULL;10;NULL;5591AA;5_FPT;5_FPT_BASIC;2;NULL;NULL;0,9;0,5667;0,09;0,0567;2025-07-22
1;150;15;NULL;10;NULL;5591BA;4_AOI;4_AOI_SIDEA;1;NULL;NULL;0,9;0,35;0,09;0,035;2025-04-30
1;150;15;NULL;10;NULL;5591BA;5_FPT;5_FPT_BASIC;2;NULL;NULL;2,1333;0,8;0,2133;0,08;2025-04-30
1;90;45;NULL;2;NULL;56311A;4_AOI;4_AOI_SIDEB;1;NULL;NULL;1,3333;0,7;0,6666;0,35;2025-02-13
1;64;32;NULL;2;NULL;56311A;5_FPT;5_FPT_BASIC;2;NULL;NULL;3,9167;3,45;1,9584;1,725;2025-02-13
1;30;10;33;3;3;56411A;3_SEL;3_SELA;1;3,75;2,45;3,75;2,45;1,25;0,8167;2025-03-28
1;90;30;NULL;3;NULL;56411A;4_AOI;4_AOI_SIDEB;2;NULL;NULL;1,3;1,0333;0,4333;0,3444;2025-03-28
1;90;30;NULL;3;NULL;56411A;5_FPT;5_FPT_BASIC;3;NULL;NULL;2,2333;1,2333;0,7444;0,4111;2025-03-28
1;280;70;NULL;4;NULL;56421A;1_SMT;1_SMTA;1;NULL;NULL;1,3667;0,9333;0,3417;0,2333;2026-07-22
1;280;70;NULL;4;NULL;56421A;1_SMT;1_SMTB;2;NULL;NULL;0,8167;0,6;0,2042;0,15;2026-07-22
1;280;70;NULL;4;NULL;56421A;4_AOI;4_AOI_SIDEB;3;NULL;NULL;1,15;1,0167;0,2875;0,2542;2026-07-22
1;276;69;NULL;4;NULL;56421A;5_FPT;5_FPT_PREMIUM;4;NULL;NULL;2,9667;2,9;0,7417;0,725;2026-07-22
1;280;70;NULL;4;NULL;56421A;6_DEP;6_DEP;5;NULL;NULL;1,0833;0,7333;0,2708;0,1833;2026-07-22
1;1450;145;NULL;10;NULL;56521A;2_ODD;2_ODDA;1;NULL;NULL;2,8167;1,9;0,2817;0,19;2025-10-02
1;1450;145;NULL;10;NULL;56521A;4_AOI;4_AOI_SIDEB;2;NULL;NULL;1,1167;0,8833;0,1117;0,0883;2025-10-02
1;1370;137;NULL;10;NULL;56521A;5_FPT;5_FPT_BASIC;3;NULL;NULL;1,7333;1,55;0,1733;0,155;2025-10-02
1;117;117;NULL;1;NULL;56611A;4_AOI;4_AOI_SIDEA;1;NULL;NULL;1,2333;0,9667;1,2333;0,9667;2025-11-25
1;116;116;NULL;1;NULL;56611A;5_FPT;5_FPT_PREMIUM;2;NULL;NULL;6,5167;5,6167;6,5167;5,6167;2025-11-25
2;265;265;NULL;1;NULL;56621A;4_AOI;4_AOI_SIDEA;1;NULL;NULL;0,525;0,4834;0,525;0,4834;2025-04-11
2;265;265;NULL;1;NULL;56621A;5_FPT;5_FPT_PREMIUM;2;NULL;NULL;3,8583;3,1417;3,8583;3,1417;2025-04-11
1;60;15;NULL;4;NULL;56811A;4_AOI;4_AOI_SIDEB;1;NULL;NULL;1,4;0,8833;0,35;0,2208;2025-07-21
1;60;15;NULL;4;NULL;56811A;5_FPT;5_FPT_BASIC;2;NULL;NULL;3,8667;3,5333;0,9667;0,8833;2025-07-21
3;5016;1254;NULL;4;NULL;56811B;1_SMT;1_SMTA;1;NULL;NULL;0,5667;0,5;0,1417;0,125;2026-04-03
3;11020;2755;NULL;4;NULL;56811B;2_ODD;2_ODDA;2;NULL;NULL;1,0667;0,9555;0,2667;0,2389;2025-12-03
3;2117;529,25;721;4;12;56811B;3_SEL;3_SELA;3;3,1834;2,5834;1,0611;0,8611;0,2653;0,2153;2025-12-03
3;1497;374,25;505;4;12;56811B;3_SEL;3_SELB;4;2,5999;2,5751;0,8666;0,8583;0,2167;0,2146;2025-12-03
3;11040;2760;NULL;4;NULL;56811B;4_AOI;4_AOI_SIDEB;5;NULL;NULL;1,15;1,025;0,2875;0,2562;2025-12-03
3;11012;2753;NULL;4;NULL;56811B;5_FPT;5_FPT_BASIC;6;NULL;NULL;3,2792;3,1583;0,8198;0,7896;2025-12-03
3;10860;2715;NULL;4;NULL;56811B;6_DEP;6_DEP;7;NULL;NULL;0,8389;0,7278;0,2097;0,1819;2025-12-03
3;5130;1026;NULL;5;NULL;56821A;1_SMT;1_SMTA;1;NULL;NULL;0,5417;0,4833;0,1083;0,0967;2026-06-11
3;123;24,6;47;5;15;56821A;3_SEL;3_SELA;2;2,1999;1,4001;0,7333;0,4667;0,1467;0,0933;2026-02-18
3;7630;1526;NULL;5;NULL;56821A;4_AOI;4_AOI_SIDEB;3;NULL;NULL;0,875;0,7959;0,175;0,1592;2026-02-18
3;7620;1524;NULL;5;NULL;56821A;5_FPT;5_FPT_BASIC;4;NULL;NULL;0,62;0,5467;0,124;0,1093;2026-02-18
3;5065;1013;NULL;5;NULL;56821A;6_DEP;6_DEP;5;NULL;NULL;0,9444;0,7278;0,1889;0,1456;2026-02-18
2;1000;50;NULL;20;NULL;56831B;1_SMT;1_SMTA;1;NULL;NULL;1,4333;0,9333;0,0717;0,0467;2026-08-18
2;1940;97;NULL;20;NULL;56831B;4_AOI;4_AOI_SIDEA;2;NULL;NULL;0,7167;0,525;0,0358;0,0263;2026-01-23
2;1940;97;NULL;20;NULL;56831B;5_FPT;5_FPT_BASIC;3;NULL;NULL;1,1166;0,9584;0,0558;0,0479;2026-01-23
2;1920;96;NULL;20;NULL;56831B;6_DEP;6_DEP;4;NULL;NULL;2,4083;2,2167;0,1204;0,1108;2026-01-23
3;8920;892;NULL;10;NULL;56841B;1_SMT;1_SMTA;1;NULL;NULL;1,0944;0,8389;0,1094;0,0839;2026-02-25
3;668;66,8;362;10;20;56841B;3_SEL;3_SELA;2;4,6;4,0667;2,3;2,0333;0,23;0,2033;2026-02-25
3;10090;1009;NULL;10;NULL;56841B;4_AOI;4_AOI_SIDEB;3;NULL;NULL;1,2111;1,0889;0,1211;0,1089;2026-02-25
3;6730;673;NULL;10;NULL;56841B;5_FPT;5_FPT_BASIC;4;NULL;NULL;2,5333;2,45;0,2533;0,245;2026-06-30
3;3350;335;NULL;10;NULL;56841B;5_FPT;5_FPT_PREMIUM;5;NULL;NULL;3,9667;3,7833;0,3967;0,3783;2026-02-25
3;9750;975;NULL;10;NULL;56841B;6_DEP;6_DEP;6;NULL;NULL;1,4056;1,2833;0,1406;0,1283;2026-02-25
1;480;24;NULL;20;NULL;56851A;2_ODD;2_ODDA;1;NULL;NULL;1,4;1,1833;0,07;0,0592;2026-01-26
1;480;24;NULL;20;NULL;56851A;4_AOI;4_AOI_SIDEB;2;NULL;NULL;1,6333;1,1833;0,0817;0,0592;2026-01-26
1;480;24;NULL;20;NULL;56851A;5_FPT;5_FPT_BASIC;3;NULL;NULL;4,8833;4,25;0,2442;0,2125;2026-01-26
1;480;24;NULL;20;NULL;56851A;6_DEP;6_DEP;4;NULL;NULL;3,1333;2,7333;0,1567;0,1367;2026-01-26
1;460;23;NULL;20;NULL;5685AA;2_ODD;2_ODDA;1;NULL;NULL;1,5167;1,3;0,0758;0,065;2026-01-29
1;480;24;NULL;20;NULL;5685AA;4_AOI;4_AOI_SIDEB;2;NULL;NULL;1,8;1,55;0,09;0,0775;2026-01-29
1;480;24;NULL;20;NULL;5685AA;5_FPT;5_FPT_BASIC;3;NULL;NULL;4,2167;3,8;0,2108;0,19;2026-01-29
1;480;24;NULL;20;NULL;5685AA;6_DEP;6_DEP;4;NULL;NULL;2,7;2,2833;0,135;0,1142;2026-01-29
3;1000;200;NULL;5;NULL;56861A;1_SMT;1_SMTA;1;NULL;NULL;0,65;0,5167;0,13;0,1033;2026-03-04
3;12;2,4;12;5;5;56861A;3_SEL;3_SELA;2;1,4167;1,25;1,4167;1,25;0,2833;0,25;2025-11-26
3;2065;413;NULL;5;NULL;56861A;4_AOI;4_AOI_SIDEB;3;NULL;NULL;1,2889;1,0667;0,2578;0,2133;2025-11-26
3;2065;413;NULL;5;NULL;56861A;5_FPT;5_FPT_BASIC;4;NULL;NULL;0,8611;0,6722;0,1722;0,1344;2025-11-26
3;1770;354;NULL;5;NULL;56861A;6_DEP;6_DEP;5;NULL;NULL;1,15;0,975;0,23;0,195;2025-12-11
2;1000;250;NULL;4;NULL;56871A;1_SMT;1_SMTA;1;NULL;NULL;0,7167;0,6;0,1792;0,15;2026-07-07
2;30;7,5;35;4;4;56871A;3_SEL;3_SELA;2;2,05;1,4167;2,05;1,4167;0,5125;0,3542;2026-07-07
2;1996;499;NULL;4;NULL;56871A;4_AOI;4_AOI_SIDEB;3;NULL;NULL;0,9833;0,8417;0,2458;0,2104;2026-02-19
2;1992;498;NULL;4;NULL;56871A;5_FPT;5_FPT_BASIC;4;NULL;NULL;0,8084;0,7333;0,2021;0,1833;2026-02-19
2;1836;459;NULL;4;NULL;56871A;6_DEP;6_DEP;5;NULL;NULL;0,8583;0,6916;0,2146;0,1729;2026-02-19
1;1995;399;NULL;5;NULL;56881A;1_SMT;1_SMTA;1;NULL;NULL;0,9833;0,8167;0,1967;0,1633;2026-06-26
1;400;80;206;5;10;56881A;3_SEL;3_SELA;2;1,9334;1,6334;0,9667;0,8167;0,1933;0,1633;2026-06-26
1;2000;400;NULL;5;NULL;56881A;4_AOI;4_AOI_SIDEB;3;NULL;NULL;0,8833;0,85;0,1767;0,17;2026-06-26
1;2000;400;NULL;5;NULL;56881A;5_FPT;5_FPT_BASIC;4;NULL;NULL;1,3;1,05;0,26;0,21;2026-06-26
1;1980;396;NULL;5;NULL;56881A;6_DEP;6_DEP;5;NULL;NULL;0,9;0,8333;0,18;0,1667;2026-06-26
1;3213;357;NULL;9;NULL;56891A;1_SMT;1_SMTB;1;NULL;NULL;0,6667;0,5833;0,0741;0,0648;2026-08-03
1;3213;357;NULL;9;NULL;56891A;2_ODD;2_ODDA;2;NULL;NULL;2,4833;2,2333;0,2759;0,2481;2026-08-03
1;4500;500;NULL;9;NULL;56891A;4_AOI;4_AOI_SIDEB;3;NULL;NULL;1,0583;0,8583;0,1176;0,0954;2026-08-03
1;4500;500;NULL;9;NULL;56891A;5_FPT;5_FPT_BASIC;4;NULL;NULL;5,7083;5,3333;0,6343;0,5926;2026-08-03
3;240;120;NULL;2;NULL;56921B;1_SMT;1_SMTA;1;NULL;NULL;1,5166;0,975;0,7583;0,4875;2026-06-19
3;120;60;NULL;2;NULL;56921B;2_ODD;2_ODDA;2;NULL;NULL;1,8333;1,5;0,9166;0,75;2026-06-19
3;39;19,5;26;2;4;56921B;3_SEL;3_SELA;3;4,6666;2,8334;2,3333;1,4167;1,1666;0,7084;2026-04-07
3;340;170;NULL;2;NULL;56921B;4_AOI;4_AOI_SIDEB;4;NULL;NULL;1,3222;1,0611;0,6611;0,5305;2026-04-07
3;340;170;NULL;2;NULL;56921B;5_FPT;5_FPT_PREMIUM;5;NULL;NULL;1,8;1,4278;0,9;0,7139;2026-04-07
3;240;120;NULL;2;NULL;56921B;6_DEP;6_DEP;6;NULL;NULL;0,5167;0,4333;0,2584;0,2167;2026-06-19
3;336;168;NULL;2;NULL;56931B;1_SMT;1_SMTA;1;NULL;NULL;1,9167;1,35;0,9583;0,675;2026-04-08
3;120;60;NULL;2;NULL;56931B;2_ODD;2_ODDA;2;NULL;NULL;0,95;0,5333;0,475;0,2666;2026-06-17
3;94;47;56;2;4;56931B;3_SEL;3_SELA;3;2,0667;1,6;1,0333;0,8;0,5167;0,4;2026-04-08
3;340;170;NULL;2;NULL;56931B;4_AOI;4_AOI_SIDEB;4;NULL;NULL;1,2611;1,0667;0,6306;0,5333;2026-04-08
3;386;193;NULL;2;NULL;56931B;5_FPT;5_FPT_PREMIUM;5;NULL;NULL;3,5167;2,7167;1,7583;1,3583;2026-04-08
3;240;120;NULL;2;NULL;56931B;6_DEP;6_DEP;6;NULL;NULL;0,9916;0,625;0,4958;0,3125;2026-06-17
1;51;51;NULL;1;NULL;57421A;4_AOI;4_AOI_SIDEB;1;NULL;NULL;1,6167;1,2667;1,6167;1,2667;2025-05-30
1;51;51;NULL;1;NULL;57421A;5_FPT;5_FPT_BASIC;2;NULL;NULL;2,45;1,85;2,45;1,85;2025-05-30
1;100;10;NULL;10;NULL;57511A;4_AOI;4_AOI_SIDEB;1;NULL;NULL;1,0167;0,5167;0,1017;0,0517;2026-04-09
1;100;10;NULL;10;NULL;57511A;5_FPT;5_FPT_BASIC;2;NULL;NULL;1,4333;0,9333;0,1433;0,0933;2026-04-09
1;100;10;NULL;10;NULL;57511A;6_DEP;6_DEP;3;NULL;NULL;1,7667;1,2667;0,1767;0,1267;2026-04-09
2;100;25;NULL;4;NULL;58641B;1_SMT;1_SMTA;1;NULL;NULL;0,9833;0,3833;0,2458;0,0958;2026-04-22
2;100;25;NULL;4;NULL;58641B;1_SMT;1_SMTB;2;NULL;NULL;1,2833;1,0833;0,3208;0,2708;2026-04-22
2;164;41;NULL;4;NULL;58641B;4_AOI;4_AOI_SIDEB;3;NULL;NULL;1,2333;0,7416;0,3083;0,1854;2025-08-25
2;164;41;NULL;4;NULL;58641B;5_FPT;5_FPT_BASIC;4;NULL;NULL;1,025;0,6667;0,2562;0,1667;2025-08-25
1;80;20;NULL;4;NULL;58661A;4_AOI;4_AOI_SIDEB;1;NULL;NULL;3,1167;2,4;0,7792;0,6;2025-09-15
1;80;20;NULL;4;NULL;58661A;5_FPT;5_FPT_BASIC;2;NULL;NULL;4,4167;2,4167;1,1042;0,6042;2025-09-15
3;216;43,2;111;5;15;591F1D;3_SEL;3_SELA;1;5,4666;5,05;1,8222;1,6833;0,3644;0,3367;2025-03-18
3;2000;400;NULL;5;NULL;591F1D;4_AOI;4_AOI_SIDEA;2;NULL;NULL;1,2722;1,1333;0,2544;0,2267;2025-03-18
3;1990;398;NULL;5;NULL;591F1D;5_FPT;5_FPT_BASIC;3;NULL;NULL;1,0278;0,8945;0,2056;0,1789;2025-03-18
2;10;1;10;10;10;591W1B;3_SEL;3_SELA;1;3,2333;2,4833;3,2333;2,4833;0,3233;0,2483;2025-12-01
2;500;50;NULL;10;NULL;591W1B;4_AOI;4_AOI_SIDEA;2;NULL;NULL;1,375;1,025;0,1375;0,1025;2025-07-10
2;490;49;NULL;10;NULL;591W1B;5_FPT;5_FPT_BASIC;3;NULL;NULL;1,0834;0,7417;0,1083;0,0742;2025-07-10
2;200;20;NULL;10;NULL;591W1B;6_DEP;6_DEP;4;NULL;NULL;2,6;2,35;0,26;0,235;2025-12-01
6;374;187;NULL;2;NULL;591X1F;1_SMT;1_SMTA;1;NULL;NULL;1,6667;1,3667;0,8334;0,6834;2026-05-18
6;1778;889;NULL;2;NULL;591X1F;2_ODD;2_ODDA;2;NULL;NULL;1,8792;1,5208;0,9396;0,7604;2025-06-17
6;348;174;378;2;2;591X1F;3_SEL;3_SELA;3;2,7;1,9834;2,7;1,9834;1,35;0,9917;2025-03-17
6;250;125;250;2;2;591X1F;3_SEL;3_SELB;4;1,95;1,95;1,95;1,95;0,975;0,975;2025-10-20
6;3206;1603;NULL;2;NULL;591X1F;4_AOI;4_AOI_SMT;5;NULL;NULL;0,7024;0,6048;0,3512;0,3024;2024-09-30
6;3200;1600;NULL;2;NULL;591X1F;4_AOI;4_AOI_THT;6;NULL;NULL;1,2889;1,1556;0,6445;0,5778;2024-09-30
6;3198;1599;NULL;2;NULL;591X1F;5_FPT;5_FPT_BASIC;7;NULL;NULL;1,8333;1,619;0,9167;0,8095;2024-09-30
6;500;250;NULL;2;NULL;591X1F;6_DEP;6_DEP;8;NULL;NULL;0,75;0,5833;0,375;0,2917;2026-05-18
1;50;10;NULL;5;NULL;60111A;4_AOI;4_AOI_SIDEB;1;NULL;NULL;2;1,2333;0,4;0,2467;2025-01-16
1;50;10;NULL;5;NULL;60111A;5_FPT;5_FPT_BASIC;2;NULL;NULL;1,2833;0,7833;0,2567;0,1567;2025-01-16
1;50;25;NULL;2;NULL;60361A;4_AOI;4_AOI_SIDEB;1;NULL;NULL;1,45;1,0833;0,725;0,5416;2025-03-20
1;50;25;NULL;2;NULL;60361A;5_FPT;5_FPT_BASIC;2;NULL;NULL;1,7;1,5;0,85;0,75;2025-03-20
3;3000;600;NULL;5;NULL;605AAB;4_AOI;4_AOI_SIDEB;1;NULL;NULL;0,9167;0,7945;0,1833;0,1589;2024-09-10
3;3015;603;NULL;5;NULL;605AAB;5_FPT;5_FPT_BASIC;2;NULL;NULL;2,1028;1,3056;0,4206;0,2611;2024-09-10
3;3390;339;NULL;10;NULL;605B1A;4_AOI;4_AOI_SIDEB;1;NULL;NULL;0,4944;0,4167;0,0494;0,0417;2025-06-16
3;1000;100;NULL;10;NULL;605F1B;4_AOI;4_AOI_SIDEB;1;NULL;NULL;2,1444;1,6333;0,2144;0,1633;2025-01-20
3;450;45;NULL;10;NULL;605F1B;5_FPT;5_FPT_BASIC;2;NULL;NULL;4,225;3,2;0,4225;0,32;2025-01-20
3;500;50;NULL;10;NULL;605F1B;5_FPT;5_FPT_PREMIUM;3;NULL;NULL;6,5667;5,6667;0,6567;0,5667;2026-04-01
1;156;39;NULL;4;NULL;607A1B;2_ODD;2_ODDA;1;NULL;NULL;1,05;0,9333;0,2625;0,2333;2026-02-02
1;38;9,5;39;4;4;607A1B;3_SEL;3_SELA;2;1,5167;1,2667;1,5167;1,2667;0,3792;0,3167;2026-02-02
1;156;39;NULL;4;NULL;607A1B;4_AOI;4_AOI_SIDEB;3;NULL;NULL;1,7667;1,3167;0,4417;0,3292;2026-02-02
1;156;39;NULL;4;NULL;607A1B;5_FPT;5_FPT_BASIC;4;NULL;NULL;5,35;3,8167;1,3375;0,9542;2026-02-02
2;46818;867;NULL;54;NULL;607IAA;4_AOI;4_AOI_SIDEA;1;NULL;NULL;0,6;0,5333;0,0111;0,0099;2024-12-02
1;200;50;NULL;4;NULL;607J1A;4_AOI;4_AOI_SIDEA;1;NULL;NULL;1,35;1,1167;0,3375;0,2792;2025-06-13
1;200;50;NULL;4;NULL;607J1A;5_FPT;5_FPT_PREMIUM;2;NULL;NULL;2,7667;2,1666;0,6917;0,5417;2025-06-13
2;2000;100;NULL;20;NULL;61711A;1_SMT;1_SMTA;1;NULL;NULL;1,0833;0,8833;0,0542;0,0442;2026-04-22
2;4920;246;NULL;20;NULL;61711A;4_AOI;4_AOI_SIDEA;2;NULL;NULL;0,7667;0,625;0,0383;0,0313;2025-11-10
2;4920;246;NULL;20;NULL;61711A;5_FPT;5_FPT_BASIC;3;NULL;NULL;1,3055;1,1556;0,0653;0,0578;2025-11-10
2;4860;243;NULL;20;NULL;61711A;6_DEP;6_DEP;4;NULL;NULL;2,4166;2,2667;0,1208;0,1133;2025-11-10
2;14;1,4;15;10;10;62211B;3_SEL;3_SELA;1;2,7667;1,85;2,7667;1,85;0,2767;0,185;2025-07-15
2;280;28;NULL;10;NULL;62211B;4_AOI;4_AOI_SIDEB;2;NULL;NULL;1,6667;1,2584;0,1667;0,1258;2025-07-15
2;280;28;NULL;10;NULL;62211B;5_FPT;5_FPT_PREMIUM;3;NULL;NULL;15,55;13,5833;1,555;1,3583;2025-07-15
21;612;153;NULL;4;NULL;62811A;1_SMT;1_SMTA;1;NULL;NULL;1,5611;0,775;0,3903;0,1937;2026-02-27
21;1592;398;NULL;4;NULL;62811A;2_ODD;2_ODDA;2;NULL;NULL;6,5567;5,5678;1,6392;1,3919;2025-04-03
21;300;75;167;4;8;62811A;3_SEL;3_SELA;3;8,4972;6,675;4,2486;3,3375;1,0622;0,8344;2025-01-22
21;2196;549;NULL;4;NULL;62811A;4_AOI;4_AOI_SIDEB;4;NULL;NULL;1,8246;1,5262;0,4561;0,3815;2024-08-22
21;2096;524;NULL;4;NULL;62811A;4_AOI;4_AOI_SMT;5;NULL;NULL;0,8642;0,6233;0,216;0,1558;2024-10-15
21;2172;543;NULL;4;NULL;62811A;5_FPT;5_FPT_BASIC;6;NULL;NULL;2,8563;2,1103;0,7141;0,5276;2024-08-22
21;764;191;NULL;4;NULL;62811A;6_DEP;6_DEP;7;NULL;NULL;1,1437;0,9083;0,2859;0,2271;2025-11-21
1;52;13;NULL;4;NULL;62821A;1_SMT;1_SMTA;1;NULL;NULL;2,1167;0,95;0,5292;0,2375;2026-06-01
1;52;13;NULL;4;NULL;62821A;4_AOI;4_AOI_SIDEB;2;NULL;NULL;1,9667;1,2;0,4917;0,3;2026-06-01
1;52;13;NULL;4;NULL;62821A;5_FPT;5_FPT_PREMIUM;3;NULL;NULL;2,15;1,7667;0,5375;0,4417;2026-06-01
1;90;45;46;2;4;62831B;3_SEL;3_SELA;1;2,9334;2,1334;1,4667;1,0667;0,7333;0,5333;2025-10-22
1;80;40;51;2;4;62831B;3_SEL;3_SELB;2;3,2334;2,4666;1,6167;1,2333;0,8084;0,6167;2025-10-22
1;180;90;NULL;2;NULL;62831B;4_AOI;4_AOI_SIDEB;3;NULL;NULL;1,3667;1,1333;0,6834;0,5666;2025-10-22
1;180;90;NULL;2;NULL;62831B;5_FPT;5_FPT_BASIC;4;NULL;NULL;1,8;1,2333;0,9;0,6167;2025-10-22
1;180;90;NULL;2;NULL;62831B;6_DEP;6_DEP;5;NULL;NULL;1,0333;0,8667;0,5167;0,4334;2025-10-22
1;52;13;NULL;4;NULL;62841A;1_SMT;1_SMTA;1;NULL;NULL;1,3667;0,9833;0,3417;0,2458;2026-06-08
1;52;13;NULL;4;NULL;62841A;4_AOI;4_AOI_SIDEB;2;NULL;NULL;1,7167;0,8333;0,4292;0,2083;2026-06-08
1;52;13;NULL;4;NULL;62841A;5_FPT;5_FPT_PREMIUM;3;NULL;NULL;2,6;1,8333;0,65;0,4583;2026-06-08
13;1012;253;NULL;4;NULL;62851B;1_SMT;1_SMTA;1;NULL;NULL;1,0967;0,7;0,2742;0,175;2026-03-09
13;1008;252;NULL;4;NULL;62851B;2_ODD;2_ODDA;2;NULL;NULL;2,3267;1,92;0,5817;0,48;2026-03-09
13;469;117,25;254;4;8;62851B;3_SEL;3_SELA;3;6,6555;5,2926;3,3278;2,6463;0,8319;0,6616;2024-12-12
13;2716;679;NULL;4;NULL;62851B;4_AOI;4_AOI_SIDEB;4;NULL;NULL;1,6792;1,3903;0,4198;0,3476;2024-12-12
13;2964;741;NULL;4;NULL;62851B;4_AOI;4_AOI_SMT;5;NULL;NULL;0,6564;0,5102;0,1641;0,1276;2024-12-12
13;2776;694;NULL;4;NULL;62851B;5_FPT;5_FPT_BASIC;6;NULL;NULL;2,1167;1,4952;0,5292;0,3738;2024-12-12
13;780;195;NULL;4;NULL;62851B;6_DEP;6_DEP;7;NULL;NULL;1,2933;0,9267;0,3233;0,2317;2025-10-13
2;120;20;NULL;6;NULL;62871A;4_AOI;4_AOI_SIDEB;1;NULL;NULL;2,1917;1,6917;0,3653;0,2819;2025-03-19
2;120;20;NULL;6;NULL;62871A;5_FPT;5_FPT_BASIC;2;NULL;NULL;2,125;1,125;0,3542;0,1875;2025-03-19
6;246;123;131;2;4;62881C;3_SEL;3_SELA;1;7,9417;6,1333;3,9708;3,0667;1,9854;1,5333;2024-11-20
6;888;444;NULL;2;NULL;62881C;4_AOI;4_AOI_SIDEB;2;NULL;NULL;1,8889;1,6722;0,9444;0,8361;2024-08-26
6;888;444;NULL;2;NULL;62881C;5_FPT;5_FPT_BASIC;3;NULL;NULL;3,2;2,6063;1,6;1,3031;2024-08-26
6;260;130;NULL;2;NULL;62881C;6_DEP;6_DEP;4;NULL;NULL;0,8084;0,625;0,4042;0,3125;2025-11-26
1;64;16;NULL;4;NULL;628A1A;4_AOI;4_AOI_SIDEB;1;NULL;NULL;1,7;0,9333;0,425;0,2333;2024-08-30
5;592;148;NULL;4;NULL;628A1B;4_AOI;4_AOI_SIDEB;1;NULL;NULL;1,1033;0,9267;0,2758;0,2317;2025-03-07
5;592;148;NULL;4;NULL;628A1B;5_FPT;5_FPT_BASIC;2;NULL;NULL;1,97;1,2866;0,4925;0,3217;2025-03-07
4;528;132;NULL;4;NULL;628A1C;4_AOI;4_AOI_SIDEB;1;NULL;NULL;1,2292;0,9458;0,3073;0,2364;2025-09-10
4;428;107;NULL;4;NULL;628A1C;5_FPT;5_FPT_BASIC;2;NULL;NULL;1,85;1,2944;0,4625;0,3236;2025-10-06
4;92;23;NULL;4;NULL;628A1C;5_FPT;5_FPT_PREMIUM;3;NULL;NULL;2,0333;1,8167;0,5083;0,4542;2025-09-10
19;896;224;NULL;4;NULL;628A1D;1_SMT;1_SMTA;1;NULL;NULL;1,6167;0,9562;0,4042;0,2391;2026-03-05
19;2116;529;NULL;4;NULL;628A1D;4_AOI;4_AOI_SIDEB;2;NULL;NULL;1,1974;0,9439;0,2993;0,236;2026-01-12
19;1940;485;NULL;4;NULL;628A1D;5_FPT;5_FPT_BASIC;3;NULL;NULL;1,8176;1,4065;0,4544;0,3516;2026-01-29
19;160;40;NULL;4;NULL;628A1D;5_FPT;5_FPT_PREMIUM;4;NULL;NULL;3,1667;2,1667;0,7917;0,5417;2026-01-12
19;1992;498;NULL;4;NULL;628A1D;6_DEP;6_DEP;5;NULL;NULL;1,3;0,9037;0,325;0,2259;2026-01-12
1;20;4;11;5;10;628E1A;3_SEL;3_SELA;1;5,4;3,4;2,7;1,7;0,54;0,34;2025-10-06
1;100;20;NULL;5;NULL;628E1A;4_AOI;4_AOI_SIDEA;2;NULL;NULL;0,6833;0,4333;0,1367;0,0867;2025-10-06
1;100;20;NULL;5;NULL;628E1A;4_AOI;4_AOI_SIDEB;3;NULL;NULL;1,4;1,2;0,28;0,24;2025-10-06
1;100;20;NULL;5;NULL;628E1A;5_FPT;5_FPT_PREMIUM;4;NULL;NULL;3,4667;2,9667;0,6933;0,5933;2025-10-06
2;165;41,25;167;4;4;628F1A;3_SEL;3_SELA;1;3,5667;3,0583;3,5667;3,0583;0,8917;0,7646;2026-05-22
2;1000;250;NULL;4;NULL;628F1A;4_AOI;4_AOI_SIDEA;2;NULL;NULL;1,875;1,55;0,4688;0,3875;2026-05-22
2;1004;251;NULL;4;NULL;628F1A;5_FPT;5_FPT_BASIC;3;NULL;NULL;1,2111;0,6833;0,3028;0,1708;2026-05-22
2;1000;250;NULL;4;NULL;628F1A;6_DEP;6_DEP;4;NULL;NULL;1,2083;0,8084;0,3021;0,2021;2026-05-22
6;1000;1000;NULL;1;NULL;6911AC;1_SMT;1_SMTA;1;NULL;NULL;0,55;0,475;0,55;0,475;2026-03-02
6;977;977;NULL;1;NULL;6911AC;1_SMT;1_SMTB;2;NULL;NULL;0,7583;0,6583;0,7583;0,6583;2026-03-02
6;1998;1998;NULL;1;NULL;6911AC;2_ODD;2_ODDA;3;NULL;NULL;0,9083;0,7292;0,9083;0,7292;2025-07-02
6;500;500;132;1;4;6911AC;3_SEL;3_SELA;4;3,6668;2,6668;0,9167;0,6667;0,9167;0,6667;2025-03-28
6;3000;3000;NULL;1;NULL;6911AC;4_AOI;4_AOI_SIDEA;5;NULL;NULL;0,9762;0,8881;0,9762;0,8881;2024-10-16
6;2454;2454;NULL;1;NULL;6911AC;5_FPT;5_FPT_BASIC;6;NULL;NULL;0,6139;0,4305;0,6139;0,4305;2025-03-28
1;1000;100;NULL;10;NULL;69151A;4_AOI;4_AOI_SIDEA;1;NULL;NULL;1,1333;0,9333;0,1133;0,0933;2025-02-25
1;250;50;NULL;5;NULL;69171A;4_AOI;4_AOI_SIDEB;1;NULL;NULL;1,1;0,9167;0,22;0,1833;2024-08-27
1;250;50;NULL;5;NULL;69171A;5_FPT;5_FPT_BASIC;2;NULL;NULL;2,0833;1,6833;0,4167;0,3367;2024-08-27
2;840;105;NULL;8;NULL;69181D;4_AOI;4_AOI_SIDEB;1;NULL;NULL;1,4;1,2167;0,175;0,1521;2025-06-30
2;760;95;NULL;8;NULL;69181D;5_FPT;5_FPT_BASIC;2;NULL;NULL;5,75;4,8083;0,7188;0,601;2024-08-22
1;27;3,375;31;8;8;69181E;3_SEL;3_SELA;1;4,35;3,6333;4,35;3,6333;0,5437;0,4542;2026-02-27
1;224;28;NULL;8;NULL;69181E;4_AOI;4_AOI_SIDEB;2;NULL;NULL;1,3667;1,15;0,1708;0,1437;2026-02-27
1;224;28;NULL;8;NULL;69181E;4_AOI;4_AOI_SMT;3;NULL;NULL;1,25;0,75;0,1563;0,0938;2026-02-27
1;224;28;NULL;8;NULL;69181E;5_FPT;5_FPT_BASIC;4;NULL;NULL;5,1333;4,4167;0,6417;0,5521;2026-02-27
1;216;27;NULL;8;NULL;69181E;6_DEP;6_DEP;5;NULL;NULL;1,2667;1,0833;0,1583;0,1354;2026-02-27
4;1500;150;NULL;10;NULL;69191B;1_SMT;1_SMTA;1;NULL;NULL;1,4167;1,0833;0,1417;0,1083;2026-03-20
4;200;20;NULL;10;NULL;69191B;1_SMT;1_SMTB;2;NULL;NULL;1,05;0,8;0,105;0,08;2026-03-20
4;1960;196;NULL;10;NULL;69191B;2_ODD;2_ODDA;3;NULL;NULL;1,4417;1,0667;0,1442;0,1067;2025-11-21
4;1000;100;NULL;10;NULL;69191B;4_AOI;4_AOI_SIDEA;4;NULL;NULL;1,1;0,8667;0,11;0,0867;2025-04-24
4;4000;400;NULL;10;NULL;69191B;4_AOI;4_AOI_SMT;5;NULL;NULL;0,525;0,4125;0,0525;0,0412;2025-02-05
4;4000;400;NULL;10;NULL;69191B;4_AOI;4_AOI_THT;6;NULL;NULL;1,0541;0,8375;0,1054;0,0838;2025-02-05
4;4620;462;NULL;10;NULL;69191B;5_FPT;5_FPT_BASIC;7;NULL;NULL;1,5417;1,025;0,1542;0,1025;2025-02-05
4;1950;195;NULL;10;NULL;69191B;6_DEP;6_DEP;8;NULL;NULL;1,5416;1,35;0,1542;0,135;2025-11-21
3;200;40;NULL;5;NULL;691A1A;1_SMT;1_SMTA;1;NULL;NULL;0,6834;0,4334;0,1367;0,0867;2026-06-03
3;40;8;24;5;10;691A1A;3_SEL;3_SELA;2;3,1167;2,5667;1,5583;1,2833;0,3117;0,2567;2025-10-03
3;200;40;NULL;5;NULL;691A1A;4_AOI;4_AOI_SIDEB;3;NULL;NULL;1,1166;0,8417;0,2233;0,1683;2025-10-03
3;200;40;NULL;5;NULL;691A1A;5_FPT;5_FPT_BASIC;4;NULL;NULL;0,7;0,45;0,14;0,09;2025-10-03
1;50;10;NULL;5;NULL;70131B;4_AOI;4_AOI_SIDEB;1;NULL;NULL;1,5333;1,0333;0,3067;0,2067;2024-12-11
1;50;10;NULL;5;NULL;70131B;5_FPT;5_FPT_PREMIUM;2;NULL;NULL;2,8833;1,3833;0,5767;0,2767;2024-12-11
4;290;290;134;1;6;7016CA;3_SEL;3_SELA;1;4,95;3,9999;0,825;0,6666;0,825;0,6666;2024-11-18
4;700;700;NULL;1;NULL;7016CA;4_AOI;4_AOI_SIDEA;2;NULL;NULL;0,9945;0,8778;0,9945;0,8778;2024-10-15
4;698;698;NULL;1;NULL;7016CA;4_AOI;4_AOI_SIDEB;3;NULL;NULL;0,8333;0,7444;0,8333;0,7444;2024-10-15
4;736;736;NULL;1;NULL;7016CA;5_FPT;5_FPT_PREMIUM;4;NULL;NULL;1,2778;1,0611;1,2778;1,0611;2024-10-15
1;60;12;NULL;5;NULL;701C1A;5_FPT;5_FPT_PREMIUM;1;NULL;NULL;2,4667;2,05;0,4933;0,41;2024-10-02
2;600;30;NULL;20;NULL;701H1A;4_AOI;4_AOI_SIDEB;1;NULL;NULL;1,8167;1,025;0,0908;0,0512;2024-11-07
2;600;30;NULL;20;NULL;701H1A;5_FPT;5_FPT_BASIC;2;NULL;NULL;3,1667;1,7917;0,1583;0,0896;2024-11-07
2;651;217;NULL;3;NULL;70761A;4_AOI;4_AOI_SIDEA;1;NULL;NULL;0,4917;0,375;0,1639;0,125;2025-10-22
2;618;206;NULL;3;NULL;70761A;5_FPT;5_FPT_BASIC;2;NULL;NULL;1,0417;0,9333;0,3472;0,3111;2025-10-22
1;624;208;NULL;3;NULL;70771A;2_ODD;2_ODDA;1;NULL;NULL;3,9833;3,1833;1,3278;1,0611;2025-10-20
1;624;208;NULL;3;NULL;70771A;4_AOI;4_AOI_SIDEA;2;NULL;NULL;1,4667;1,2167;0,4889;0,4056;2025-10-20
2;695;139;NULL;5;NULL;70781A;4_AOI;4_AOI_SIDEB;1;NULL;NULL;1,5833;1,4083;0,3167;0,2817;2025-12-17
2;695;139;NULL;5;NULL;70781A;5_FPT;5_FPT_BASIC;2;NULL;NULL;2,3917;1,8833;0,4783;0,3767;2025-12-17
1;89;44,5;59;2;4;70791A;3_SEL;3_SELA;1;5,9334;3,7334;2,9667;1,8667;1,4833;0,9334;2025-11-28
1;180;90;NULL;2;NULL;70791A;4_AOI;4_AOI_SIDEB;2;NULL;NULL;1,5;1,2667;0,75;0,6333;2025-11-28
1;178;89;NULL;2;NULL;70791A;5_FPT;5_FPT_PREMIUM;3;NULL;NULL;2,6167;2,05;1,3083;1,025;2025-11-28
1;160;10;NULL;16;NULL;707A1A;4_AOI;4_AOI_SIDEA;1;NULL;NULL;1,7167;1,4667;0,1073;0,0917;2025-11-17
1;150;150;NULL;1;NULL;78041A;4_AOI;4_AOI_SIDEB;1;NULL;NULL;1,1;1;1,1;1;2026-04-16
1;150;150;NULL;1;NULL;78041A;5_FPT;5_FPT_PREMIUM;2;NULL;NULL;1,3167;1,05;1,3167;1,05;2026-04-16
1;84;42;26;2;8;78061A;3_SEL;3_SELA;1;4,2;2,6;1,05;0,65;0,525;0,325;2025-05-08
1;170;85;NULL;2;NULL;78061A;4_AOI;4_AOI_SIDEB;2;NULL;NULL;0,8833;0,7833;0,4416;0,3916;2025-05-08
1;200;100;NULL;2;NULL;78061A;5_FPT;5_FPT_BASIC;3;NULL;NULL;1,1;0,8;0,55;0,4;2025-05-08
2;660;330;NULL;2;NULL;780P1A;1_SMT;1_SMTA;1;NULL;NULL;0,5167;0,4;0,2584;0,2;2026-07-20
2;244;122;47;2;12;780P1A;3_SEL;3_SELA;2;6,6;4,6002;1,1;0,7667;0,55;0,3834;2025-02-28
2;1728;864;NULL;2;NULL;780P1A;4_AOI;4_AOI_SIDEB;3;NULL;NULL;1,0944;0,8833;0,5472;0,4417;2025-02-28
2;1728;864;NULL;2;NULL;780P1A;5_FPT;5_FPT_BASIC;4;NULL;NULL;0,7055;0,5722;0,3528;0,2861;2025-02-28
2;754;377;NULL;2;NULL;780P1A;6_DEP;6_DEP;5;NULL;NULL;0,5167;0,4667;0,2584;0,2334;2026-07-20
2;25;12,5;13;2;4;78211B;3_SEL;3_SELA;1;1,9334;1,2666;0,9667;0,6333;0,4834;0,3166;2025-10-23
2;200;100;NULL;2;NULL;78211B;4_AOI;4_AOI_SIDEB;2;NULL;NULL;1,0917;0,9583;0,5458;0,4791;2025-10-23
2;200;100;NULL;2;NULL;78211B;5_FPT;5_FPT_PREMIUM;3;NULL;NULL;0,7583;0,5917;0,3791;0,2958;2025-10-23
2;200;100;NULL;2;NULL;78211B;6_DEP;6_DEP;4;NULL;NULL;0,8916;0,6;0,4458;0,3;2025-10-23
1;150;25;NULL;6;NULL;78231A;1_SMT;1_SMTA;1;NULL;NULL;1,7833;0,9833;0,2972;0,1639;2026-04-20
1;24;4;25;6;6;78231A;3_SEL;3_SELA;2;3,7667;2,5667;3,7667;2,5667;0,6278;0,4278;2026-04-20
1;150;25;NULL;6;NULL;78231A;4_AOI;4_AOI_SIDEB;3;NULL;NULL;1,7333;1,3667;0,2889;0,2278;2026-04-20
1;150;25;NULL;6;NULL;78231A;5_FPT;5_FPT_BASIC;4;NULL;NULL;3,1167;2,1167;0,5194;0,3528;2026-04-20
1;144;24;NULL;6;NULL;78231A;6_DEP;6_DEP;5;NULL;NULL;1,3667;1,1667;0,2278;0,1945;2026-04-20
1;702;234;NULL;3;NULL;78261A;1_SMT;1_SMTA;1;NULL;NULL;0,6333;0,5;0,2111;0,1667;2026-04-16
1;234;78;79;3;9;78261A;3_SEL;3_SELA;2;3;2,1;1;0,7;0,3333;0,2333;2026-04-16
1;702;234;NULL;3;NULL;78261A;4_AOI;4_AOI_SIDEB;3;NULL;NULL;1,0833;1,0333;0,3611;0,3444;2026-04-16
1;702;234;NULL;3;NULL;78261A;5_FPT;5_FPT_BASIC;4;NULL;NULL;0,75;0,7;0,25;0,2333;2026-04-16
1;702;234;NULL;3;NULL;78261A;6_DEP;6_DEP;5;NULL;NULL;0,6;0,5667;0,2;0,1889;2026-04-16
1;102;34;NULL;3;NULL;782F1A;1_SMT;1_SMTA;1;NULL;NULL;0,9667;0,8167;0,3222;0,2722;2026-06-08
1;34;11,3333333333333;20;3;6;782F1A;3_SEL;3_SELA;2;2,5666;2;1,2833;1;0,4278;0,3333;2026-06-08
1;102;34;NULL;3;NULL;782F1A;4_AOI;4_AOI_SIDEB;3;NULL;NULL;1,0333;0,9333;0,3444;0,3111;2026-06-08
1;102;34;NULL;3;NULL;782F1A;5_FPT;5_FPT_PREMIUM;4;NULL;NULL;2,5833;1,85;0,8611;0,6167;2026-06-08
1;102;34;NULL;3;NULL;782F1A;6_DEP;6_DEP;5;NULL;NULL;0,9333;0,65;0,3111;0,2167;2026-06-08
1;102;34;NULL;3;NULL;782G1A;1_SMT;1_SMTA;1;NULL;NULL;0,7;0,7;0,2333;0,2333;2026-06-03
1;34;11,3333333333333;17;3;6;782G1A;3_SEL;3_SELA;2;2;1,3;1;0,65;0,3333;0,2167;2026-06-03
1;102;34;NULL;3;NULL;782G1A;4_AOI;4_AOI_SIDEB;3;NULL;NULL;0,9833;0,8833;0,3278;0,2944;2026-06-03
1;102;34;NULL;3;NULL;782G1A;5_FPT;5_FPT_PREMIUM;4;NULL;NULL;0,6333;0,4833;0,2111;0,1611;2026-06-03
1;102;34;NULL;3;NULL;782G1A;6_DEP;6_DEP;5;NULL;NULL;0,75;0,6;0,25;0,2;2026-06-03
6;87;87;NULL;1;NULL;794B10;1_SMT;1_SMTA;1;NULL;NULL;1,4;1,1833;1,4;1,1833;2026-05-04
6;87;87;NULL;1;NULL;794B10;1_SMT;1_SMTB;2;NULL;NULL;1,4667;1,2333;1,4667;1,2333;2026-05-04
6;611;611;317;1;2;794B10;3_SEL;3_SELA;3;4,7866;3,6734;2,3933;1,8367;2,3933;1,8367;2024-11-12
6;811;811;NULL;1;NULL;794B10;4_AOI;4_AOI_SIDEA;4;NULL;NULL;1,8167;1,5861;1,8167;1,5861;2024-11-12
6;811;811;NULL;1;NULL;794B10;5_FPT;5_FPT_BASIC;5;NULL;NULL;2,8583;2,4306;2,8583;2,4306;2024-11-12
6;506;506;NULL;1;NULL;794B10;6_DEP;6_DEP;6;NULL;NULL;0,8944;0,6611;0,8944;0,6611;2025-11-18
1;78;78;NULL;1;NULL;794B12;4_AOI;4_AOI_SIDEA;1;NULL;NULL;1,65;1,4333;1,65;1,4333;2025-07-17
1;78;78;NULL;1;NULL;794B12;5_FPT;5_FPT_BASIC;2;NULL;NULL;3,2667;2,55;3,2667;2,55;2025-07-17
1;72;72;81;1;2;794B15;3_SEL;3_SELA;1;9,4;7,6666;4,7;3,8333;4,7;3,8333;2025-04-04
1;72;72;NULL;1;NULL;794B15;4_AOI;4_AOI_SIDEA;2;NULL;NULL;1,8;1,5333;1,8;1,5333;2025-04-04
1;72;72;NULL;1;NULL;794B15;5_FPT;5_FPT_BASIC;3;NULL;NULL;2,8333;2,4833;2,8333;2,4833;2025-04-04
4;195;195;NULL;1;NULL;794B16;1_SMT;1_SMTA;1;NULL;NULL;1,3;0,9917;1,3;0,9917;2026-03-20
4;195;195;NULL;1;NULL;794B16;1_SMT;1_SMTB;2;NULL;NULL;1,5;1,0833;1,5;1,0833;2026-03-20
4;226;226;132;1;2;794B16;3_SEL;3_SELA;3;5,5333;3,9223;2,7667;1,9611;2,7667;1,9611;2025-09-24
4;326;326;NULL;1;NULL;794B16;4_AOI;4_AOI_SIDEA;4;NULL;NULL;1,6833;1,475;1,6833;1,475;2025-09-24
4;326;326;NULL;1;NULL;794B16;5_FPT;5_FPT_BASIC;5;NULL;NULL;3,25;2,6625;3,25;2,6625;2025-09-24
4;194;194;NULL;1;NULL;794B16;6_DEP;6_DEP;6;NULL;NULL;0,85;0,6583;0,85;0,6583;2026-02-02
1;90;90;NULL;1;NULL;794B17;1_SMT;1_SMTA;1;NULL;NULL;1,4;1,0667;1,4;1,0667;2026-07-27
1;90;90;NULL;1;NULL;794B17;1_SMT;1_SMTB;2;NULL;NULL;1,2;0,9333;1,2;0,9333;2026-07-27
1;90;90;NULL;1;NULL;794B17;4_AOI;4_AOI_SIDEA;3;NULL;NULL;1,75;1,45;1,75;1,45;2026-07-27
1;90;90;NULL;1;NULL;794B17;5_FPT;5_FPT_BASIC;4;NULL;NULL;4,2333;3,0667;4,2333;3,0667;2026-07-27
2;106;106;56;1;2;794B7D;3_SEL;3_SELA;1;4,9334;3,9666;2,4667;1,9833;2,4667;1,9833;2025-03-31
2;212;212;NULL;1;NULL;794B7D;4_AOI;4_AOI_SIDEA;2;NULL;NULL;1,8;1,5583;1,8;1,5583;2025-03-31
2;105;105;NULL;1;NULL;794B7D;5_FPT;5_FPT_BASIC;3;NULL;NULL;3,3167;2,55;3,3167;2,55;2025-09-19
2;106;106;NULL;1;NULL;794B7D;5_FPT;5_FPT_PREMIUM;4;NULL;NULL;6,8333;6,1167;6,8333;6,1167;2025-03-31
2;192;192;100;1;2;794BKD;3_SEL;3_SELA;1;4,15;3,1833;2,075;1,5917;2,075;1,5917;2025-10-29
2;192;192;NULL;1;NULL;794BKD;4_AOI;4_AOI_SIDEA;2;NULL;NULL;1,75;1,4833;1,75;1,4833;2025-10-29
2;72;72;NULL;1;NULL;794BKD;5_FPT;5_FPT_BASIC;3;NULL;NULL;3,35;2,6667;3,35;2,6667;2026-01-20
2;120;120;NULL;1;NULL;794BKD;5_FPT;5_FPT_PREMIUM;4;NULL;NULL;5,35;4,6;5,35;4,6;2025-10-29
2;192;192;NULL;1;NULL;794BKD;6_DEP;6_DEP;5;NULL;NULL;1,1416;0,9334;1,1416;0,9334;2025-10-29
1;66;66;NULL;1;NULL;794BYD;1_SMT;1_SMTA;1;NULL;NULL;1,3167;1,0833;1,3167;1,0833;2026-03-20
1;66;66;NULL;1;NULL;794BYD;1_SMT;1_SMTB;2;NULL;NULL;1,4;1,0333;1,4;1,0333;2026-03-20
1;65;65;37;1;2;794BYD;3_SEL;3_SELA;3;4,3666;3,1666;2,1833;1,5833;2,1833;1,5833;2026-03-20
1;66;66;NULL;1;NULL;794BYD;4_AOI;4_AOI_SIDEA;4;NULL;NULL;1,5667;1,4667;1,5667;1,4667;2026-03-20
1;66;66;NULL;1;NULL;794BYD;5_FPT;5_FPT_BASIC;5;NULL;NULL;3,0167;2,3333;3,0167;2,3333;2026-03-20
1;66;66;NULL;1;NULL;794BYD;6_DEP;6_DEP;6;NULL;NULL;0,8667;0,7167;0,8667;0,7167;2026-03-20
1;23;7,66666666666667;13;3;6;794CAD;3_SEL;3_SELA;1;5,1334;3,9666;2,5667;1,9833;0,8556;0,6611;2025-07-14
1;78;26;NULL;3;NULL;794CAD;4_AOI;4_AOI_SIDEB;2;NULL;NULL;1,4833;1,3;0,4944;0,4333;2025-07-14
1;78;26;NULL;3;NULL;794CAD;5_FPT;5_FPT_BASIC;3;NULL;NULL;2,1833;2;0,7278;0,6667;2025-07-14
10;153;51;NULL;3;NULL;794CBD;1_SMT;1_SMTA;1;NULL;NULL;1,2416;0,8417;0,4139;0,2806;2026-04-01
10;153;51;NULL;3;NULL;794CBD;1_SMT;1_SMTB;2;NULL;NULL;1,2833;0,8833;0,4278;0,2944;2026-04-01
10;109;36,3333333333333;65;3;6;794CBD;3_SEL;3_SELA;3;5,2;3,8111;2,6;1,9055;0,8667;0,6352;2025-03-21
10;1233;411;NULL;3;NULL;794CBD;4_AOI;4_AOI_SIDEB;4;NULL;NULL;1,7317;1,4117;0,5772;0,4706;2024-11-12
10;1233;411;NULL;3;NULL;794CBD;5_FPT;5_FPT_BASIC;5;NULL;NULL;2,5383;2,1517;0,8461;0,7172;2024-11-12
10;573;191;NULL;3;NULL;794CBD;6_DEP;6_DEP;6;NULL;NULL;0,9833;0,7833;0,3278;0,2611;2025-11-27
1;22;7,33333333333333;12;3;6;794CED;3_SEL;3_SELA;1;4,3;3,5;2,15;1,75;0,7167;0,5833;2025-07-15
1;78;26;NULL;3;NULL;794CED;4_AOI;4_AOI_SIDEB;2;NULL;NULL;1,4333;1,2667;0,4778;0,4222;2025-07-15
1;78;26;NULL;3;NULL;794CED;5_FPT;5_FPT_BASIC;3;NULL;NULL;2,3167;1,75;0,7722;0,5833;2025-07-15
6;195;65;NULL;3;NULL;794CGD;1_SMT;1_SMTA;1;NULL;NULL;1,3584;0,975;0,4528;0,325;2026-03-12
6;195;65;NULL;3;NULL;794CGD;1_SMT;1_SMTB;2;NULL;NULL;1,2667;0,9333;0,4222;0,3111;2026-03-12
6;147;49;80;3;6;794CGD;3_SEL;3_SELA;3;4,4933;3,46;2,2467;1,73;0,7489;0,5767;2025-10-01
6;519;173;NULL;3;NULL;794CGD;4_AOI;4_AOI_SIDEB;4;NULL;NULL;1,6278;1,4083;0,5426;0,4694;2025-10-01
6;519;173;NULL;3;NULL;794CGD;5_FPT;5_FPT_BASIC;5;NULL;NULL;2,3583;1,9583;0,7861;0,6528;2025-10-01
6;447;149;NULL;3;NULL;794CGD;6_DEP;6_DEP;6;NULL;NULL;0,9767;0,7933;0,3256;0,2644;2025-10-01
6;195;65;NULL;3;NULL;794CID;1_SMT;1_SMTA;1;NULL;NULL;1,375;0,975;0,4583;0,325;2026-03-12
6;195;65;NULL;3;NULL;794CID;1_SMT;1_SMTB;2;NULL;NULL;1,3083;0,9667;0,4361;0,3222;2026-03-12
6;148;49,3333333333333;83;3;6;794CID;3_SEL;3_SELA;3;4,7533;3,4066;2,3767;1,7033;0,7922;0,5678;2025-09-08
6;585;195;NULL;3;NULL;794CID;4_AOI;4_AOI_SIDEB;4;NULL;NULL;1,5333;1,1833;0,5111;0,3944;2025-09-08
6;519;173;NULL;3;NULL;794CID;5_FPT;5_FPT_BASIC;5;NULL;NULL;2,481;1,9929;0,827;0,6643;2025-09-08
6;387;129;NULL;3;NULL;794CID;6_DEP;6_DEP;6;NULL;NULL;1,1083;0,8542;0,3695;0,2847;2025-10-14
10;153;51;NULL;3;NULL;794CKD;1_SMT;1_SMTA;1;NULL;NULL;1,3417;0,95;0,4472;0,3167;2026-04-01
10;153;51;NULL;3;NULL;794CKD;1_SMT;1_SMTB;2;NULL;NULL;1,5167;1,0333;0,5056;0,3444;2026-04-01
10;220;73,3333333333333;119;3;6;794CKD;3_SEL;3_SELA;3;4,38;3,22;2,19;1,61;0,73;0,5367;2025-03-27
10;1164;388;NULL;3;NULL;794CKD;4_AOI;4_AOI_SIDEB;4;NULL;NULL;1,6767;1,4167;0,5589;0,4722;2024-11-13
10;1164;388;NULL;3;NULL;794CKD;5_FPT;5_FPT_BASIC;5;NULL;NULL;2,3417;1,96;0,7806;0,6533;2024-11-13
10;570;190;NULL;3;NULL;794CKD;6_DEP;6_DEP;6;NULL;NULL;1,1917;0,9542;0,3972;0,318;2025-11-27
1;90;30;NULL;3;NULL;794CRD;1_SMT;1_SMTA;1;NULL;NULL;1,3167;0,9833;0,4389;0,3278;2026-07-21
1;90;30;NULL;3;NULL;794CRD;1_SMT;1_SMTB;2;NULL;NULL;1,1667;1;0,3889;0,3333;2026-07-21
1;90;30;NULL;3;NULL;794CRD;4_AOI;4_AOI_SIDEB;3;NULL;NULL;1,7167;1,3833;0,5722;0,4611;2026-07-21
1;66;22;NULL;3;NULL;794CRD;5_FPT;5_FPT_BASIC;4;NULL;NULL;3,2167;2,3;1,0722;0,7667;2026-07-21
4;85;28,3333333333333;45;3;6;794D1D;3_SEL;3_SELA;1;2,4556;1,5111;1,2278;0,7556;0,4093;0,2519;2025-03-24
4;342;114;NULL;3;NULL;794D1D;4_AOI;4_AOI_SIDEB;2;NULL;NULL;1,6292;1,5;0,5431;0,5;2025-03-24
4;345;115;NULL;3;NULL;794D1D;5_FPT;5_FPT_BASIC;3;NULL;NULL;2,7167;2,2042;0,9056;0,7347;2025-03-24
13;372;124;NULL;3;NULL;794DBD;1_SMT;1_SMTA;1;NULL;NULL;1,6625;1,1791;0,5542;0,393;2026-03-18
13;372;124;NULL;3;NULL;794DBD;1_SMT;1_SMTB;2;NULL;NULL;0,9583;0,6875;0,3194;0,2292;2026-03-18
13;73;24,3333333333333;37;3;6;794DBD;3_SEL;3_SELA;3;2,5834;2,45;1,2917;1,225;0,4306;0,4083;2025-03-21
13;171;57;NULL;3;NULL;794DBD;4_AOI;4_AOI_SIDEA;4;NULL;NULL;1,55;1,2833;0,5167;0,4278;2025-09-15
13;1272;424;NULL;3;NULL;794DBD;4_AOI;4_AOI_SIDEB;5;NULL;NULL;1,6348;1,3288;0,5449;0,4429;2024-11-15
13;1443;481;NULL;3;NULL;794DBD;5_FPT;5_FPT_BASIC;6;NULL;NULL;2,1256;1,7859;0,7085;0,5953;2024-11-15
1;66;22;NULL;3;NULL;794DID;1_SMT;1_SMTA;1;NULL;NULL;1,6833;1,2333;0,5611;0,4111;2026-03-27
1;66;22;NULL;3;NULL;794DID;1_SMT;1_SMTB;2;NULL;NULL;1,35;1,1167;0,45;0,3722;2026-03-27
1;66;22;NULL;3;NULL;794DID;4_AOI;4_AOI_SIDEB;3;NULL;NULL;2,1833;1,8167;0,7278;0,6056;2026-03-27
1;66;22;NULL;3;NULL;794DID;5_FPT;5_FPT_BASIC;4;NULL;NULL;3;2,55;1;0,85;2026-03-27
1;19;6,33333333333333;17;3;6;794E1A;3_SEL;3_SELA;1;2,5666;1,7666;1,2833;0,8833;0,4278;0,2944;2025-07-15
1;78;26;NULL;3;NULL;794E1A;4_AOI;4_AOI_SIDEB;2;NULL;NULL;1,2667;0,9333;0,4222;0,3111;2025-07-15
1;78;26;NULL;3;NULL;794E1A;5_FPT;5_FPT_BASIC;3;NULL;NULL;1,2833;0,7167;0,4278;0,2389;2025-07-15
2;120;120;NULL;1;NULL;799Q1A;4_AOI;4_AOI_SIDEB;1;NULL;NULL;0,9667;0,8583;0,9667;0,8583;2025-01-16
2;120;120;NULL;1;NULL;799Q1A;5_FPT;5_FPT_BASIC;2;NULL;NULL;0,7417;0,4917;0,7417;0,4917;2025-01-16
2;50;50;NULL;1;NULL;799Q1A;6_DEP;6_DEP;3;NULL;NULL;0,8333;0,55;0,8333;0,55;2025-12-12
1;50;50;NULL;1;NULL;799QAA;4_AOI;4_AOI_SIDEB;1;NULL;NULL;0,9667;0,85;0,9667;0,85;2025-12-12
1;50;50;NULL;1;NULL;799QAA;5_FPT;5_FPT_BASIC;2;NULL;NULL;0,8;0,5;0,8;0,5;2025-12-12
1;50;50;NULL;1;NULL;799QAA;6_DEP;6_DEP;3;NULL;NULL;0,6667;0,4667;0,6667;0,4667;2025-12-12
2;20;2;31;10;10;799R1A;3_SEL;3_SELA;1;11,675;8,475;11,675;8,475;1,1675;0,8475;2025-04-15
2;200;20;NULL;10;NULL;799R1A;4_AOI;4_AOI_SIDEA;2;NULL;NULL;1,825;1,4916;0,1825;0,1492;2025-04-15
2;200;20;NULL;10;NULL;799R1A;5_FPT;5_FPT_BASIC;3;NULL;NULL;3,9333;2,9333;0,3933;0,2933;2025-04-15
2;100;10;NULL;10;NULL;799R1A;6_DEP;6_DEP;4;NULL;NULL;3,35;1,35;0,335;0,135;2025-12-12
4;92;9,2;55;10;20;81011C;3_SEL;3_SELA;1;8,625;6,9417;4,3125;3,4708;0,4313;0,3471;2025-01-22
4;1000;100;NULL;10;NULL;81011C;4_AOI;4_AOI_SIDEB;2;NULL;NULL;1,3792;1,0125;0,1379;0,1012;2025-01-22
4;1000;100;NULL;10;NULL;81011C;5_FPT;5_FPT_BASIC;3;NULL;NULL;2,0292;1,4042;0,2029;0,1404;2025-01-22
13;228;114;NULL;2;NULL;89521A;1_SMT;1_SMTB;1;NULL;NULL;0,7083;0,575;0,3541;0,2875;2026-06-15
13;231;115,5;120;2;4;89521A;3_SEL;3_SELA;2;4,7714;3,6524;2,3857;1,8262;1,1929;0,9131;2025-09-05
13;910;455;NULL;2;NULL;89521A;4_AOI;4_AOI_SIDEA;3;NULL;NULL;1,3256;1,0667;0,6628;0,5333;2024-09-26
13;910;455;NULL;2;NULL;89521A;5_FPT;5_FPT_BASIC;4;NULL;NULL;0,9782;0,6833;0,4891;0,3417;2024-09-26
13;270;135;NULL;2;NULL;89521A;6_DEP;6_DEP;5;NULL;NULL;0,8042;0,4875;0,4021;0,2438;2025-10-13
3;50;10;NULL;5;NULL;91011C;2_ODD;2_ODDA;1;NULL;NULL;1,9;1,4;0,38;0,28;2025-06-24
3;150;30;NULL;5;NULL;91011C;4_AOI;4_AOI_SIDEB;2;NULL;NULL;1,6611;0,9611;0,3322;0,1922;2025-06-17
3;150;30;NULL;5;NULL;91011C;5_FPT;5_FPT_BASIC;3;NULL;NULL;1,6389;1,1389;0,3278;0,2278;2025-06-17
5;50;10;NULL;5;NULL;913A1B;1_SMT;1_SMTA;1;NULL;NULL;1,8167;1,3167;0,3633;0,2633;2026-08-03
5;450;90;NULL;5;NULL;913A1B;4_AOI;4_AOI_SIDEA;2;NULL;NULL;1,4533;0,8833;0,2907;0,1767;2025-02-12
5;425;85;NULL;5;NULL;913A1B;5_FPT;5_FPT_PREMIUM;3;NULL;NULL;10,6333;9,2867;2,1267;1,8573;2025-02-12
5;50;10;NULL;5;NULL;913A1B;6_DEP;6_DEP;4;NULL;NULL;2,0167;1,0167;0,4033;0,2033;2026-08-03
2;60;30;NULL;2;NULL;95981A;1_SMT;1_SMTA;1;NULL;NULL;1,4667;0,8;0,7333;0,4;2026-03-27
2;60;30;NULL;2;NULL;95981A;1_SMT;1_SMTB;2;NULL;NULL;1,2167;0,8833;0,6083;0,4416;2026-03-27
2;120;60;NULL;2;NULL;95981A;4_AOI;4_AOI_SIDEB;3;NULL;NULL;1,2084;0,9833;0,6042;0,4917;2025-08-29
2;56;28;NULL;2;NULL;95981A;5_FPT;5_FPT_BASIC;4;NULL;NULL;3,3833;2,3167;1,6917;1,1583;2026-03-27
2;124;62;NULL;2;NULL;95991A;4_AOI;4_AOI_SIDEB;1;NULL;NULL;1,0417;0,875;0,5209;0,4375;2025-03-20
2;118;59;NULL;2;NULL;95991A;5_FPT;5_FPT_BASIC;2;NULL;NULL;1,475;1,2167;0,7375;0,6083;2025-03-20
