lot;panels;boards;panelSize;boardsInFrame;anzahlFrames;projNr;machineId;process;subProcess;ManufacturingTime;prozessOrder;tactTime_brutto;tactTime_netto;testDauer
K25.000463-001;107;535;5;NULL;NULL;591F1D;2;4_AOI;4_AOI_SIDEA;2025-09-30 00:00:00.000;1;1,2333;1,1333;1,1
K25.000463-001;107;535;5;15;52;591F1D;3;3_SEL;3_SELA;2025-09-30 00:00:00.000;2;1,2333;1,0833;3,2833
K25.000463-001;107;535;5;NULL;NULL;591F1D;APT-1600FD FP-MACHINE3;5_FPT;5_FPT_BASIC;2025-09-30 00:00:00.000;3;0,9833;0,9;0,9167
KA22.001127-002;47;95;2;4;25;487G1A;3;3_SEL;3_SELA;2024-12-13 00:00:00.000;1;1,85;1,5833;3,05
KA22.001127-002;50;100;2;NULL;NULL;487G1A;2;4_AOI;4_AOI_SIDEB;2024-12-13 00:00:00.000;2;1,75;1,4333;1,35
KA22.001127-002;50;100;2;NULL;NULL;487G1A;APT-1600FD FP-MACHINE2;5_FPT;5_FPT_PREMIUM;2024-12-13 00:00:00.000;3;3,65;3,25;3,1
KA23.000049-004;50;50;1;1;50;487H1B;4;3_SEL;3_SELA;2024-10-01 00:00:00.000;1;5,3833;3,8667;3,8667
KA23.000049-004;50;50;1;NULL;NULL;487H1B;APT-1600FD FP-MACHINE;5_FPT;5_FPT_BASIC;2024-10-01 00:00:00.000;2;1,9333;1,4333;1,3333
KA23.000118-001;200;200;1;NULL;NULL;26621B;2;4_AOI;4_AOI_SIDEB;2024-11-08 00:00:00.000;1;1,0333;0,9;0,8333
KA23.000118-001;197;197;1;NULL;NULL;26621B;APT-1600FD FP-MACHINE;5_FPT;5_FPT_PREMIUM;2024-11-08 00:00:00.000;2;1,7667;1,4167;1,25
KA23.000118-002;50;1000;20;NULL;NULL;0069FF;2;4_AOI;4_AOI_SIDEA;2024-10-25 00:00:00.000;1;0,5833;0,5;0,3833
KA23.000118-002;50;1000;20;NULL;NULL;0069FF;APT-1600FD FP-MACHINE;5_FPT;5_FPT_PREMIUM;2024-10-25 00:00:00.000;2;1,3833;1,2833;1,2667
KA23.000137-005;20;400;20;NULL;NULL;0069GE;2;4_AOI;4_AOI_SIDEA;2024-09-06 00:00:00.000;1;0,65;0,4;0,35
KA23.000137-005;21;420;20;NULL;NULL;0069GE;APT-1600FD FP-MACHINE3;5_FPT;5_FPT_PREMIUM;2024-09-06 00:00:00.000;2;1,75;1,2833;1,1667
KA23.000137-008;100;2000;20;NULL;NULL;0069FF;2;4_AOI;4_AOI_SIDEA;2024-11-15 00:00:00.000;1;0,6333;0,4833;0,3667
KA23.000137-008;100;2000;20;NULL;NULL;0069FF;APT-1600FD FP-MACHINE3;5_FPT;5_FPT_PREMIUM;2024-11-15 00:00:00.000;2;1,45;1,3;1,3333
KA23.000168-003;13;260;20;NULL;NULL;53721B;2;4_AOI;4_AOI_SIDEB;2024-09-12 00:00:00.000;1;1,9667;1,2;1,1833
KA23.000168-003;13;260;20;NULL;NULL;53721B;APT-1600FD FP-MACHINE3;5_FPT;5_FPT_BASIC;2024-09-12 00:00:00.000;2;5,2333;4,4667;4,7
KA23.000270-023;100;200;2;NULL;NULL;006T1C;2;4_AOI;4_AOI_SIDEA;2024-09-02 00:00:00.000;1;1,3333;1,1333;1,1
KA23.000270-023;100;200;2;NULL;NULL;006T1C;APT-1600FD FP-MACHINE2;5_FPT;5_FPT_PREMIUM;2024-09-02 00:00:00.000;2;3,4667;3,3667;3,3333
KA23.000270-024;100;200;2;NULL;NULL;006T1C;2;4_AOI;4_AOI_SIDEA;2024-10-01 00:00:00.000;1;1,1833;1,1333;1,0833
KA23.000270-024;36;72;2;4;18;006T1C;3;3_SEL;3_SELA;2024-10-01 00:00:00.000;2;2,1833;1,9167;3,8333
KA23.000270-024;100;200;2;NULL;NULL;006T1C;APT-1600FD FP-MACHINE2;5_FPT;5_FPT_PREMIUM;2024-10-01 00:00:00.000;3;4,0667;3,4167;3,3333
KA23.000362-004;25;50;2;NULL;NULL;26641A;2;4_AOI;4_AOI_SIDEB;2024-09-30 00:00:00.000;1;1,5667;1,0333;0,9667
KA23.000362-004;25;50;2;NULL;NULL;26641A;APT-1600FD FP-MACHINE2;5_FPT;5_FPT_PREMIUM;2024-09-30 00:00:00.000;2;3,1833;2,7833;2,7833
KA23.000391-048;249;498;2;NULL;NULL;0067AH;2;4_AOI;4_AOI_SIDEA;2024-09-06 00:00:00.000;1;0,4667;0,4333;0,45
KA23.000391-048;186;372;2;4;97;0067AH;3;3_SEL;3_SELA;2024-09-06 00:00:00.000;2;2,5667;1,95;3,9
KA23.000391-048;249;498;2;NULL;NULL;0067AH;2;4_AOI;4_AOI_SIDEB;2024-09-06 00:00:00.000;3;0,5667;0,5167;0,45
KA23.000391-048;249;498;2;NULL;NULL;0067AH;APT-1600FD FP-MACHINE;5_FPT;5_FPT_BASIC;2024-09-06 00:00:00.000;4;1,2333;1,1;1
KA23.000391-049;250;500;2;NULL;NULL;0067AH;2;4_AOI;4_AOI_SIDEA;2024-09-12 00:00:00.000;1;0,4667;0,4167;0,45
KA23.000391-049;250;500;2;2;251;0067AH;4;3_SEL;3_SELA;2024-09-12 00:00:00.000;2;3,3667;2,55;2,55
KA23.000391-049;250;500;2;NULL;NULL;0067AH;APT-1600FD FP-MACHINE;5_FPT;5_FPT_BASIC;2024-09-12 00:00:00.000;3;1,1;0,9833;1
KA23.000391-049;250;500;2;NULL;NULL;0067AH;2;4_AOI;4_AOI_SIDEB;2024-09-12 00:00:00.000;4;0,5833;0,5667;0,45
KA23.000391-050;250;500;2;NULL;NULL;0067AH;2;4_AOI;4_AOI_SIDEA;2024-09-18 00:00:00.000;1;0,4667;0,4167;0,45
KA23.000391-050;250;500;2;2;250;0067AH;4;3_SEL;3_SELA;2024-09-18 00:00:00.000;2;3,4167;2,5;2,5
KA23.000391-050;250;500;2;NULL;NULL;0067AH;2;4_AOI;4_AOI_SIDEB;2024-09-18 00:00:00.000;3;0,6333;0,5;0,45
KA23.000391-050;250;500;2;NULL;NULL;0067AH;APT-1600FD FP-MACHINE;5_FPT;5_FPT_BASIC;2024-09-18 00:00:00.000;4;1,1;1,05;1
KA23.000391-058;250;5000;20;NULL;NULL;0069FF;APT-1600FD FP-MACHINE;5_FPT;5_FPT_PREMIUM;2024-09-05 00:00:00.000;1;1,3333;1,2833;1,25
KA23.000391-058;250;5000;20;NULL;NULL;0069FF;2;4_AOI;4_AOI_SIDEA;2024-09-05 00:00:00.000;2;0,4333;0,4167;0,3833
KA23.000391-059;250;5000;20;NULL;NULL;0069FF;APT-1600FD FP-MACHINE;5_FPT;5_FPT_PREMIUM;2024-09-12 00:00:00.000;1;1,3333;1,2667;1,25
KA23.000391-059;250;5000;20;NULL;NULL;0069FF;2;4_AOI;4_AOI_SIDEA;2024-09-12 00:00:00.000;2;0,4167;0,4;0,3833
KA23.000391-060;250;5000;20;NULL;NULL;0069FF;2;4_AOI;4_AOI_SIDEA;2024-09-12 00:00:00.000;1;0,45;0,4;0,3833
KA23.000391-060;249;4980;20;NULL;NULL;0069FF;APT-1600FD FP-MACHINE;5_FPT;5_FPT_PREMIUM;2024-09-12 00:00:00.000;2;1,3167;1,2667;1,25
KA23.000391-082;250;500;2;NULL;NULL;0067BH;2;4_AOI;4_AOI_SIDEA;2024-08-20 00:00:00.000;1;0,4833;0,45;0,45
KA23.000391-082;250;500;2;NULL;NULL;0067BH;2;4_AOI;4_AOI_SIDEB;2024-08-20 00:00:00.000;3;0,7;0,5;0,45
KA23.000391-082;250;500;2;NULL;NULL;0067BH;APT-1600FD FP-MACHINE2;5_FPT;5_FPT_PREMIUM;2024-08-20 00:00:00.000;4;3,1;2,9333;2,8333
KA23.000391-083;250;500;2;NULL;NULL;0067BH;2;4_AOI;4_AOI_SIDEA;2024-08-20 00:00:00.000;1;0,4667;0,4167;0,45
KA23.000391-083;250;500;2;NULL;NULL;0067BH;2;4_AOI;4_AOI_SIDEB;2024-08-20 00:00:00.000;3;0,7333;0,5167;0,45
KA23.000391-083;250;500;2;NULL;NULL;0067BH;APT-1600FD FP-MACHINE;5_FPT;5_FPT_PREMIUM;2024-08-20 00:00:00.000;4;2,9;2,7333;2,75
KA23.000391-086;250;5000;20;NULL;NULL;0069CF;APT-1600FD FP-MACHINE;5_FPT;5_FPT_PREMIUM;2024-08-20 00:00:00.000;1;1,4167;1,3333;1,3333
KA23.000391-086;250;5000;20;NULL;NULL;0069CF;2;4_AOI;4_AOI_SIDEA;2024-08-20 00:00:00.000;2;0,4167;0,4;0,3667
KA23.000397-004;94;188;2;NULL;NULL;206AGC;2;4_AOI;4_AOI_SIDEB;2024-12-06 00:00:00.000;1;1,4667;1,3;1,2833
KA23.000397-004;94;188;2;NULL;NULL;206AGC;APT-1600FD FP-MACHINE2;5_FPT;5_FPT_BASIC;2024-12-06 00:00:00.000;2;1,2;0,8833;0,8333
KA23.000397-006;190;3800;20;NULL;NULL;0069FE;2;4_AOI;4_AOI_SIDEA;2024-11-26 00:00:00.000;1;0,4833;0,4167;0,4
KA23.000397-006;190;3800;20;NULL;NULL;0069FE;APT-1600FD FP-MACHINE2;5_FPT;5_FPT_PREMIUM;2024-11-26 00:00:00.000;2;1,4;1,3833;1,35
KA23.000399-021;250;500;2;NULL;NULL;266B1D;2;4_AOI;4_AOI_SIDEA;2024-10-02 00:00:00.000;1;1,25;1,15;1,0833
KA23.000399-021;250;500;2;NULL;NULL;266B1D;APT-1600FD FP-MACHINE;5_FPT;5_FPT_PREMIUM;2024-10-02 00:00:00.000;2;4,3833;4,2;4,1667
KA23.000399-022;83;166;2;4;47;266B1D;3;3_SEL;3_SELA;2024-10-29 00:00:00.000;1;2,4667;1,9333;3,45
KA23.000399-022;250;500;2;NULL;NULL;266B1D;2;4_AOI;4_AOI_SIDEA;2024-10-29 00:00:00.000;2;1,35;1,1167;1,0167
KA23.000399-022;250;500;2;NULL;NULL;266B1D;APT-1600FD FP-MACHINE;5_FPT;5_FPT_PREMIUM;2024-10-29 00:00:00.000;3;4,5667;4,2667;4,1833
KA23.000399-023;248;496;2;4;124;266B1D;3;3_SEL;3_SELA;2024-11-12 00:00:00.000;1;1,9833;1,7167;3,45
KA23.000399-023;250;500;2;NULL;NULL;266B1D;2;4_AOI;4_AOI_SIDEA;2024-11-12 00:00:00.000;2;1,3;1,1167;1,0833
KA23.000399-023;27;54;2;NULL;NULL;266B1D;APT-1600FD FP-MACHINE3;5_FPT;5_FPT_PREMIUM;2024-11-12 00:00:00.000;3;5,15;4,4167;4,25
KA23.000399-023;223;446;2;NULL;NULL;266B1D;APT-1600FD FP-MACHINE;5_FPT;5_FPT_PREMIUM;2024-11-12 00:00:00.000;4;4,5167;4,2167;4,1833
KA23.000399-024;250;500;2;NULL;NULL;266B1D;2;4_AOI;4_AOI_SIDEA;2025-01-15 00:00:00.000;1;1,35;1,15;1,0833
KA23.000399-024;165;330;2;NULL;NULL;266B1D;APT-1600FD FP-MACHINE;5_FPT;5_FPT_PREMIUM;2025-01-15 00:00:00.000;2;4,3667;4,2167;4,1833
KA23.000399-024;85;170;2;NULL;NULL;266B1D;APT-1600FD FP-MACHINE2;5_FPT;5_FPT_PREMIUM;2025-01-15 00:00:00.000;3;4,5;4,3333;4,3333
KA23.000399-025;246;492;2;4;127;266B1D;3;3_SEL;3_SELA;2025-02-17 00:00:00.000;1;2,1333;1,7833;3,5167
KA23.000399-025;250;500;2;NULL;NULL;266B1D;2;4_AOI;4_AOI_SIDEA;2025-02-17 00:00:00.000;2;1,15;1,1;1,0833
KA23.000399-025;137;274;2;NULL;NULL;266B1D;APT-1600FD FP-MACHINE3;5_FPT;5_FPT_PREMIUM;2025-02-17 00:00:00.000;3;4,8333;4,4333;4,2667
KA23.000399-025;113;226;2;NULL;NULL;266B1D;APT-1600FD FP-MACHINE2;5_FPT;5_FPT_PREMIUM;2025-02-17 00:00:00.000;4;4,5667;4,35;4,2667
KA23.000399-026;231;462;2;4;121;266B1D;3;3_SEL;3_SELA;2025-03-10 00:00:00.000;1;2,3833;1,8333;3,5333
KA23.000399-026;244;488;2;NULL;NULL;266B1D;2;4_AOI;4_AOI_SIDEA;2025-03-10 00:00:00.000;2;1,25;1,0833;1,0833
KA23.000399-026;147;294;2;NULL;NULL;266B1D;APT-1600FD FP-MACHINE;5_FPT;5_FPT_PREMIUM;2025-03-10 00:00:00.000;3;4,5333;4,2333;4,25
KA23.000399-026;98;196;2;NULL;NULL;266B1D;APT-1600FD FP-MACHINE2;5_FPT;5_FPT_PREMIUM;2025-03-10 00:00:00.000;4;4,55;4,3;4,3333
KA23.000400-004;22;44;2;2;29;266C1B;4;3_SEL;3_SELA;2024-09-25 00:00:00.000;1;6,8333;5,7833;5,7833
KA23.000400-004;220;440;2;NULL;NULL;266C1B;2;4_AOI;4_AOI_SIDEA;2023-10-09 00:00:00.000;2;1,3333;1,15;1,0667
KA23.000400-004;221;442;2;NULL;NULL;266C1B;APT-1600FD FP-MACHINE2;5_FPT;5_FPT_PREMIUM;2023-10-09 00:00:00.000;3;3,7167;3,35;3,5
KA23.000489-009;250;500;2;NULL;NULL;006IBC;2;4_AOI;4_AOI_SIDEA;2024-08-28 00:00:00.000;1;0,5833;0,4833;0,4667
KA23.000489-009;250;500;2;NULL;NULL;006IBC;2;4_AOI;4_AOI_SIDEB;2024-08-28 00:00:00.000;2;0,65;0,55;0,4667
KA23.000489-009;250;500;2;NULL;NULL;006IBC;APT-1600FD FP-MACHINE;5_FPT;5_FPT_PREMIUM;2024-08-28 00:00:00.000;3;5,7833;5,6667;5,6
KA23.000489-012;240;480;2;NULL;NULL;006IBC;2;4_AOI;4_AOI_SMT;2025-06-27 00:00:00.000;1;0,5667;0,5167;0,4833
KA23.000489-012;240;480;2;NULL;NULL;006IBC;10;2_ODD;2_ODDA;2025-06-27 00:00:00.000;2;2,95;2,4167;2,05
KA23.000489-012;83;166;2;2;91;006IBC;3;3_SEL;3_SELA;2025-06-27 00:00:00.000;3;3,1167;2,25;2,2167
KA23.000489-012;239;478;2;NULL;NULL;006IBC;2;4_AOI;4_AOI_SIDEB;2025-06-27 00:00:00.000;4;0,6333;0,4833;0,4833
KA23.000489-012;239;478;2;NULL;NULL;006IBC;APT-1600FD FP-MACHINE2;5_FPT;5_FPT_PREMIUM;2025-06-27 00:00:00.000;5;6,3833;6,1333;6,0833
KA23.000489-013;250;500;2;NULL;NULL;006IBC;2;4_AOI;4_AOI_SMT;2024-11-19 00:00:00.000;1;0,55;0,4833;0,45
KA23.000489-013;250;500;2;NULL;NULL;006IBC;2;4_AOI;4_AOI_SIDEB;2024-11-19 00:00:00.000;2;0,5833;0,5167;0,45
KA23.000489-013;249;498;2;NULL;NULL;006IBC;APT-1600FD FP-MACHINE2;5_FPT;5_FPT_PREMIUM;2024-11-19 00:00:00.000;3;6,2833;6,1;6,0833
KA23.000489-016;275;550;2;NULL;NULL;006IBC;2;4_AOI;4_AOI_SMT;2025-04-07 00:00:00.000;1;0,5333;0,4833;0,4667
KA23.000489-016;274;548;2;NULL;NULL;006IBC;10;2_ODD;2_ODDA;2025-04-07 00:00:00.000;2;4,6667;3,25;2,9167
KA23.000489-016;274;548;2;2;277;006IBC;3;3_SEL;3_SELA;2025-04-07 00:00:00.000;3;3,5833;2,4667;2,4667
KA23.000489-016;275;550;2;NULL;NULL;006IBC;2;4_AOI;4_AOI_SIDEB;2025-04-07 00:00:00.000;4;0,5833;0,5;0,4667
KA23.000489-016;231;462;2;NULL;NULL;006IBC;APT-1600FD FP-MACHINE;5_FPT;5_FPT_PREMIUM;2025-04-07 00:00:00.000;5;6,1667;6;5,9333
KA23.000489-016;44;88;2;NULL;NULL;006IBC;APT-1600FD FP-MACHINE2;5_FPT;5_FPT_PREMIUM;2025-04-07 00:00:00.000;6;6,2667;6,15;6
KA23.000489-025;124;2480;20;NULL;NULL;0069FF;2;4_AOI;4_AOI_SIDEA;2024-08-27 00:00:00.000;1;0,45;0,4167;0,3833
KA23.000489-025;124;2480;20;NULL;NULL;0069FF;APT-1600FD FP-MACHINE;5_FPT;5_FPT_PREMIUM;2024-08-27 00:00:00.000;2;1,4167;1,2833;1,2667
KA23.000489-026;125;2500;20;NULL;NULL;0069FF;2;4_AOI;4_AOI_SIDEA;2024-08-27 00:00:00.000;1;0,4667;0,4167;0,3833
KA23.000489-026;125;2500;20;NULL;NULL;0069FF;APT-1600FD FP-MACHINE;5_FPT;5_FPT_PREMIUM;2024-08-27 00:00:00.000;2;1,3167;1,2833;1,25
KA23.000489-028;40;2400;60;NULL;NULL;0069FF;2;4_AOI;4_AOI_SIDEA;2025-06-26 00:00:00.000;1;0,7333;0,6167;0,6
KA23.000489-028;35;2100;60;NULL;NULL;0069FF;APT-1600FD FP-MACHINE;5_FPT;5_FPT_PREMIUM;2025-06-26 00:00:00.000;3;4,1;3,9667;4
KA23.000489-029;125;2500;20;NULL;NULL;0069FF;APT-1600FD FP-MACHINE;5_FPT;5_FPT_PREMIUM;2024-11-15 00:00:00.000;1;1,5167;1,2833;1,25
KA23.000489-029;125;2500;20;NULL;NULL;0069FF;2;4_AOI;4_AOI_SIDEA;2024-11-15 00:00:00.000;2;0,5167;0,4667;0,3833
KA23.000489-032;46;2760;60;NULL;NULL;0069FF;APT-1600FD FP-MACHINE2;5_FPT;5_FPT_PREMIUM;2025-04-08 00:00:00.000;1;4,5667;4,0333;3,8333
KA23.000489-032;46;2760;60;NULL;NULL;0069FF;2;4_AOI;4_AOI_SIDEA;2025-04-08 00:00:00.000;2;0,7;0,6;0,6167
KA23.000489-033;250;500;2;NULL;NULL;006ICC;2;4_AOI;4_AOI_SMT;2024-11-18 00:00:00.000;1;0,5;0,45;0,45
KA23.000489-033;250;500;2;NULL;NULL;006ICC;2;4_AOI;4_AOI_SIDEB;2024-11-18 00:00:00.000;3;0,6333;0,55;0,45
KA23.000489-033;238;476;2;NULL;NULL;006ICC;APT-1600FD FP-MACHINE2;5_FPT;5_FPT_PREMIUM;2024-11-18 00:00:00.000;4;6,4333;6,1;6,0833
KA23.000489-034;123;2460;20;NULL;NULL;0069CF;2;4_AOI;4_AOI_SIDEA;2024-11-15 00:00:00.000;1;0,5;0,45;0,3833
KA23.000489-034;124;2480;20;NULL;NULL;0069CF;APT-1600FD FP-MACHINE3;5_FPT;5_FPT_PREMIUM;2024-11-15 00:00:00.000;2;1,4667;1,3833;1,3333
KA23.000489-035;250;500;2;NULL;NULL;006ICC;2;4_AOI;4_AOI_SMT;2024-12-19 00:00:00.000;1;0,6;0,5;0,45
KA23.000489-035;248;496;2;2;253;006ICC;3;3_SEL;3_SELA;2024-12-19 00:00:00.000;2;6,4;4,4833;4,4833
KA23.000489-035;250;500;2;NULL;NULL;006ICC;2;4_AOI;4_AOI_SIDEB;2024-12-19 00:00:00.000;3;0,6667;0,4833;0,45
KA23.000489-035;112;224;2;NULL;NULL;006ICC;APT-1600FD FP-MACHINE2;5_FPT;5_FPT_PREMIUM;2024-12-19 00:00:00.000;4;6,4;6,0833;6,1
KA23.000489-035;138;276;2;NULL;NULL;006ICC;APT-1600FD FP-MACHINE3;5_FPT;5_FPT_PREMIUM;2024-12-19 00:00:00.000;6;6,45;6,1667;6,0833
KA23.000489-036;125;2500;20;NULL;NULL;0069CF;APT-1600FD FP-MACHINE2;5_FPT;5_FPT_PREMIUM;2024-12-17 00:00:00.000;1;1,5833;1,45;1,4167
KA23.000489-036;125;2500;20;NULL;NULL;0069CF;2;4_AOI;4_AOI_SIDEA;2024-12-17 00:00:00.000;2;0,55;0,4333;0,4
KA23.000489-037;225;450;2;NULL;NULL;006ICC;2;4_AOI;4_AOI_SMT;2025-02-27 00:00:00.000;1;0,5333;0,45;0,45
KA23.000489-037;218;437;2;2;242;006ICC;3;3_SEL;3_SELA;2025-02-27 00:00:00.000;2;5,3;4,1833;4,0833
KA23.000489-037;225;450;2;NULL;NULL;006ICC;2;4_AOI;4_AOI_SIDEB;2025-02-27 00:00:00.000;3;0,7833;0,6;0,45
KA23.000489-037;224;448;2;NULL;NULL;006ICC;APT-1600FD FP-MACHINE2;5_FPT;5_FPT_PREMIUM;2025-02-27 00:00:00.000;4;6,45;6,2;6,1667
KA23.000489-038;38;2280;60;NULL;NULL;0069CF;2;4_AOI;4_AOI_SIDEA;2025-02-25 00:00:00.000;1;0,8167;0,7;0,65
KA23.000489-038;38;2280;60;NULL;NULL;0069CF;APT-1600FD FP-MACHINE3;5_FPT;5_FPT_PREMIUM;2025-02-25 00:00:00.000;2;4,2;4,0667;3,9167
KA23.000498-002;50;200;4;NULL;NULL;26631B;2;4_AOI;4_AOI_SIDEA;2024-08-29 00:00:00.000;1;1,55;1,1833;1,1333
KA23.000498-002;50;200;4;NULL;NULL;26631B;APT-1600FD FP-MACHINE;5_FPT;5_FPT_BASIC;2024-08-29 00:00:00.000;2;0,6833;0,4833;0,3333
KA23.000502-005;257;514;2;NULL;NULL;0067AH;2;4_AOI;4_AOI_SIDEA;2024-10-29 00:00:00.000;1;0,4333;0,4167;0,4333
KA23.000502-005;257;514;2;2;258;0067AH;4;3_SEL;3_SELA;2024-10-29 00:00:00.000;2;3,3667;2,5;2,5
KA23.000502-005;257;514;2;NULL;NULL;0067AH;2;4_AOI;4_AOI_SIDEB;2024-10-29 00:00:00.000;3;0,5333;0,4667;0,4333
KA23.000502-005;257;514;2;NULL;NULL;0067AH;APT-1600FD FP-MACHINE;5_FPT;5_FPT_BASIC;2024-10-29 00:00:00.000;4;1,25;1,0167;1
KA23.000502-006;257;5140;20;NULL;NULL;0069FF;2;4_AOI;4_AOI_SIDEA;2024-10-25 00:00:00.000;1;0,4333;0,4;0,3833
KA23.000502-006;128;2560;20;NULL;NULL;0069FF;APT-1600FD FP-MACHINE2;5_FPT;5_FPT_PREMIUM;2024-10-25 00:00:00.000;2;1,35;1,2667;1,25
KA23.000502-006;129;2580;20;NULL;NULL;0069FF;APT-1600FD FP-MACHINE;5_FPT;5_FPT_PREMIUM;2024-10-25 00:00:00.000;3;1,35;1,2833;1,25
KA23.000528-001;100;100;1;NULL;NULL;20111A;2;4_AOI;4_AOI_SIDEB;2025-01-07 00:00:00.000;1;1,0833;0,9333;0,8667
KA23.000528-001;98;98;1;NULL;NULL;20111A;APT-1600FD FP-MACHINE3;5_FPT;5_FPT_PREMIUM;2025-01-07 00:00:00.000;2;2,7333;2,4333;2,1833
KA23.000529-001;19;57;3;NULL;NULL;20171A;APT-1600FD FP-MACHINE;5_FPT;5_FPT_PREMIUM;2024-11-21 00:00:00.000;2;3,8;2,2167;2,5333
KA23.000536-003;73;73;1;2;40;201F1A;3;3_SEL;3_SELA;2024-12-05 00:00:00.000;1;1,3667;0,7833;1,45
KA23.000536-003;79;79;1;NULL;NULL;201F1A;2;4_AOI;4_AOI_SIDEB;2024-12-05 00:00:00.000;2;0,95;0,8167;0,8333
KA23.000536-003;79;79;1;NULL;NULL;201F1A;APT-1600FD FP-MACHINE;5_FPT;5_FPT_PREMIUM;2024-12-05 00:00:00.000;3;1,6333;1;0,8167
KA23.000540-002;50;50;1;NULL;NULL;2014BC;2;4_AOI;4_AOI_SIDEB;2024-10-15 00:00:00.000;1;1,0333;0,8333;0,85
KA23.000540-002;50;50;1;NULL;NULL;2014BC;APT-1600FD FP-MACHINE2;5_FPT;5_FPT_PREMIUM;2024-10-15 00:00:00.000;2;2,2333;1,8333;1,5
KA23.000541-002;150;150;1;6;26;2014AC;3;3_SEL;3_SELA;2024-09-18 00:00:00.000;1;0,5167;0,3667;2,2167
KA23.000541-002;150;150;1;NULL;NULL;2014AC;2;4_AOI;4_AOI_SIDEB;2024-09-18 00:00:00.000;2;0,9667;0,9;0,8833
KA23.000541-002;150;150;1;NULL;NULL;2014AC;APT-1600FD FP-MACHINE2;5_FPT;5_FPT_PREMIUM;2024-09-18 00:00:00.000;3;2,1;1,5333;1,4167
KA23.000554-004;10;100;10;NULL;NULL;201S1A;2;4_AOI;4_AOI_SIDEB;2024-12-02 00:00:00.000;1;1,7;0,7;0,4
KA23.000561-002;92;92;1;3;36;201QAB;3;3_SEL;3_SELA;2024-11-26 00:00:00.000;1;1,2167;1,0833;2,9333
KA23.000561-002;100;100;1;NULL;NULL;201QAB;2;4_AOI;4_AOI_SIDEB;2024-11-26 00:00:00.000;2;1,1;0,9667;0,9
KA23.000561-002;97;97;1;NULL;NULL;201QAB;APT-1600FD FP-MACHINE3;5_FPT;5_FPT_PREMIUM;2024-11-26 00:00:00.000;3;2;1,4833;1,25
KA23.000564-003;100;100;1;NULL;NULL;201W1B;2;4_AOI;4_AOI_SIDEB;2024-10-21 00:00:00.000;1;0,9667;0,8667;0,8667
KA23.000564-003;93;93;1;NULL;NULL;201W1B;APT-1600FD FP-MACHINE;5_FPT;5_FPT_PREMIUM;2024-10-21 00:00:00.000;2;1,7;1,5;1,3333
KA23.000565-002;12;60;5;NULL;NULL;701C1A;APT-1600FD FP-MACHINE2;5_FPT;5_FPT_PREMIUM;2024-10-02 00:00:00.000;1;2,4667;2,05;2,0833
KA23.000571-004;60;60;1;NULL;NULL;7016AA;2;4_AOI;4_AOI_SIDEA;2024-08-19 00:00:00.000;1;0,9833;0,9;0,8667
KA23.000571-004;53;53;1;NULL;NULL;7016AA;APT-1600FD FP-MACHINE;5_FPT;5_FPT_PREMIUM;2024-08-19 00:00:00.000;2;1,55;1,2667;1,25
KA23.000571-004;53;53;1;NULL;NULL;7016CA;APT-1600FD FP-MACHINE;5_FPT;5_FPT_PREMIUM;2024-10-15 00:00:00.000;4;1,25;1,25;1,25
KA23.000572-008;100;100;1;NULL;NULL;7016CA;2;4_AOI;4_AOI_SIDEA;2024-10-15 00:00:00.000;1;1,1167;0,8667;0,8667
KA23.000572-008;50;50;1;NULL;NULL;7016CA;APT-1600FD FP-MACHINE2;5_FPT;5_FPT_PREMIUM;2024-10-15 00:00:00.000;2;0,9667;0,5667;0,3333
KA23.000572-008;99;99;1;NULL;NULL;7016CA;2;4_AOI;4_AOI_SIDEB;2024-10-15 00:00:00.000;3;0,85;0,75;0,8667
KA23.000572-008;50;50;1;NULL;NULL;7016CA;APT-1600FD FP-MACHINE;5_FPT;5_FPT_PREMIUM;2024-10-15 00:00:00.000;5;0,6;0,4;0,3333
KA23.000572-009;90;90;1;6;26;7016CA;3;3_SEL;3_SELA;2024-11-18 00:00:00.000;1;0,8667;0,6833;2,7333
KA23.000572-009;400;400;1;NULL;NULL;7016CA;2;4_AOI;4_AOI_SIDEA;2024-11-18 00:00:00.000;2;0,9167;0,9;0,8667
KA23.000572-009;136;136;1;NULL;NULL;7016CA;APT-1600FD FP-MACHINE2;5_FPT;5_FPT_PREMIUM;2024-11-18 00:00:00.000;3;1,7;1,3667;1,3333
KA23.000572-009;264;264;1;NULL;NULL;7016CA;APT-1600FD FP-MACHINE;5_FPT;5_FPT_PREMIUM;2024-11-18 00:00:00.000;4;1,6167;1,4167;1,3333
KA23.000572-009;399;399;1;NULL;NULL;7016CA;2;4_AOI;4_AOI_SIDEB;2024-11-18 00:00:00.000;5;0,7833;0,7333;0,8667
KA23.000572-010;200;200;1;NULL;NULL;7016CA;2;4_AOI;4_AOI_SIDEA;2025-01-22 00:00:00.000;1;0,95;0,8667;0,8667
KA23.000572-010;200;200;1;6;108;7016CA;3;3_SEL;3_SELA;2025-01-22 00:00:00.000;2;0,7833;0,65;2,6833
KA23.000572-010;183;183;1;NULL;NULL;7016CA;APT-1600FD FP-MACHINE2;5_FPT;5_FPT_PREMIUM;2025-01-22 00:00:00.000;3;1,5333;1,3667;1,3333
KA23.000572-010;200;200;1;NULL;NULL;7016CA;2;4_AOI;4_AOI_SIDEB;2025-01-22 00:00:00.000;4;0,8667;0,75;0,8667
KA23.000572-014;20;400;20;NULL;NULL;701H1A;2;4_AOI;4_AOI_SIDEB;2024-11-07 00:00:00.000;1;1,8;1,05;1
KA23.000572-014;20;400;20;NULL;NULL;701H1A;APT-1600FD FP-MACHINE;5_FPT;5_FPT_BASIC;2024-11-07 00:00:00.000;2;3,4167;1,6667;2,25
KA23.000572-015;10;200;20;NULL;NULL;701H1A;2;4_AOI;4_AOI_SIDEB;2024-12-03 00:00:00.000;1;1,8333;1;1,0167
KA23.000572-015;10;200;20;NULL;NULL;701H1A;APT-1600FD FP-MACHINE2;5_FPT;5_FPT_BASIC;2024-12-03 00:00:00.000;2;2,9167;1,9167;2,2667
KA23.000574-006;10;100;10;NULL;NULL;201O1A;2;4_AOI;4_AOI_SIDEA;2024-11-15 00:00:00.000;1;1,65;0,9333;0,75
KA23.000574-006;11;110;10;NULL;NULL;201O1A;APT-1600FD FP-MACHINE2;5_FPT;5_FPT_PREMIUM;2024-11-15 00:00:00.000;2;2,3;1,4;1,0167
KA23.000634-001;21;42;2;4;13;006VAC;3;3_SEL;3_SELA;2024-10-09 00:00:00.000;1;5,0833;3,1;5,1667
KA23.000634-001;25;50;2;NULL;NULL;006VAC;2;4_AOI;4_AOI_SIDEB;2024-10-09 00:00:00.000;2;1,7333;1,1833;1,2
KA23.000634-001;26;52;2;NULL;NULL;006VAC;APT-1600FD FP-MACHINE;5_FPT;5_FPT_PREMIUM;2024-10-09 00:00:00.000;3;6,45;5,3;5
KA23.000635-001;62;125;2;4;32;206KAA;3;3_SEL;3_SELA;2024-11-21 00:00:00.000;1;2,9667;2,0833;4,1167
KA23.000635-001;186;372;2;2;195;206KAA;4;3_SEL;3_SELA;2024-11-21 00:00:00.000;2;3,0667;2,4167;2,4167
KA23.000635-001;250;500;2;NULL;NULL;206KAA;2;4_AOI;4_AOI_SIDEB;2024-11-21 00:00:00.000;3;1,2833;1,1667;1,1167
KA23.000635-001;250;500;2;NULL;NULL;206KAA;APT-1600FD FP-MACHINE2;5_FPT;5_FPT_PREMIUM;2024-11-21 00:00:00.000;4;3,6833;3,5;3,4167
KA23.000638-001;66;3300;50;NULL;NULL;26651A;APT-1600FD FP-MACHINE2;5_FPT;5_FPT_PREMIUM;2024-09-13 00:00:00.000;1;1,05;0,9833;1
KA23.000638-002;66;3300;50;NULL;NULL;26651A;2;4_AOI;4_AOI_SIDEA;2024-11-20 00:00:00.000;1;0,5;0,3667;0,3167
KA23.000638-002;65;3250;50;NULL;NULL;26651A;APT-1600FD FP-MACHINE2;5_FPT;5_FPT_PREMIUM;2024-11-20 00:00:00.000;2;1,8833;1,8;1,75
KA23.000646-002;10;50;5;NULL;NULL;206NCB;2;4_AOI;4_AOI_SIDEB;2024-11-21 00:00:00.000;1;1,6167;1,1167;0,8833
KA23.000646-002;10;50;5;NULL;NULL;206NCB;APT-1600FD FP-MACHINE2;5_FPT;5_FPT_PREMIUM;2024-11-21 00:00:00.000;2;2,6167;1,6167;1,5833
KA23.000707-035;250;500;2;NULL;NULL;206I1H;2;4_AOI;4_AOI_SIDEA;2024-09-11 00:00:00.000;1;1,5333;1,3333;1,1667
KA23.000707-035;248;496;2;NULL;NULL;206I1H;APT-1600FD FP-MACHINE2;5_FPT;5_FPT_PREMIUM;2024-09-11 00:00:00.000;3;5,65;5,3833;5,3333
KA23.000707-036;250;500;2;NULL;NULL;206I1H;2;4_AOI;4_AOI_SIDEA;2024-09-27 00:00:00.000;1;1,3667;1,2167;1,1667
KA23.000707-036;247;494;2;NULL;NULL;206I1H;APT-1600FD FP-MACHINE3;5_FPT;5_FPT_PREMIUM;2024-09-27 00:00:00.000;2;5,3833;5,1;5,1
KA23.000707-037;250;500;2;NULL;NULL;206I1H;2;4_AOI;4_AOI_SIDEA;2024-11-22 00:00:00.000;2;1,55;1,2833;1,1833
KA23.000707-037;248;496;2;NULL;NULL;206I1H;APT-1600FD FP-MACHINE;5_FPT;5_FPT_PREMIUM;2024-11-22 00:00:00.000;3;5,2667;5,1167;5,0833
KA23.000707-038;250;500;2;NULL;NULL;206I1H;2;4_AOI;4_AOI_SIDEA;2024-11-27 00:00:00.000;1;1,4;1,2167;1,1833
KA23.000707-038;251;502;2;NULL;NULL;206I1H;APT-1600FD FP-MACHINE3;5_FPT;5_FPT_PREMIUM;2024-11-27 00:00:00.000;2;5,55;5,2333;5,1
KA23.000707-039;250;500;2;2;254;206I1H;4;3_SEL;3_SELA;2025-02-12 00:00:00.000;1;4,0167;2,6167;2,6167
KA23.000707-039;203;406;2;NULL;NULL;206I1H;APT-1600FD FP-MACHINE;5_FPT;5_FPT_PREMIUM;2025-02-12 00:00:00.000;2;5,5667;5,2167;5,0833
KA23.000707-039;250;500;2;NULL;NULL;206I1H;2;4_AOI;4_AOI_SIDEA;2025-02-12 00:00:00.000;3;1,4;1,3;1,2
KA23.000707-039;47;94;2;NULL;NULL;206I1H;APT-1600FD FP-MACHINE2;5_FPT;5_FPT_PREMIUM;2025-02-12 00:00:00.000;4;6,0667;5,5333;5,2833
KA23.000707-040;187;374;2;2;196;206I1H;4;3_SEL;3_SELA;2025-03-05 00:00:00.000;1;6;4,3333;4,3333
KA23.000707-040;250;500;2;NULL;NULL;206I1H;2;4_AOI;4_AOI_SIDEA;2025-03-05 00:00:00.000;2;1,5;1,2;1,1833
KA23.000707-040;114;228;2;NULL;NULL;206I1H;APT-1600FD FP-MACHINE3;5_FPT;5_FPT_PREMIUM;2025-03-05 00:00:00.000;3;5,7167;5,2333;5,1833
KA23.000707-040;137;274;2;NULL;NULL;206I1H;APT-1600FD FP-MACHINE;5_FPT;5_FPT_PREMIUM;2025-03-05 00:00:00.000;4;5,3833;5,1167;5,1
KA23.000707-040;21;42;2;4;11;206I1H;3;3_SEL;3_SELA;2025-03-05 00:00:00.000;5;2,6667;1,9167;3,7
KA23.000707-041;250;500;2;4;125;206I1H;3;3_SEL;3_SELA;2025-04-22 00:00:00.000;1;2,35;1,85;3,7
KA23.000707-041;250;500;2;NULL;NULL;206I1H;2;4_AOI;4_AOI_SIDEA;2025-04-22 00:00:00.000;2;1,3667;1,2167;1,2
KA23.000707-041;149;298;2;NULL;NULL;206I1H;APT-1600FD FP-MACHINE;5_FPT;5_FPT_PREMIUM;2025-04-22 00:00:00.000;3;5,5;5,4333;5,3833
KA23.000707-041;71;142;2;NULL;NULL;206I1H;APT-1600FD FP-MACHINE3;5_FPT;5_FPT_PREMIUM;2025-04-22 00:00:00.000;4;6,1167;5,7667;5,8
KA23.000707-041;30;60;2;NULL;NULL;206I1H;APT-1600FD FP-MACHINE2;5_FPT;5_FPT_PREMIUM;2025-04-22 00:00:00.000;5;6,1333;5,9667;5,8333
KA23.000707-042;249;498;2;4;125;206I1H;3;3_SEL;3_SELA;2025-07-02 00:00:00.000;1;2,0667;1,7833;3,5667
KA23.000707-042;250;500;2;NULL;NULL;206I1H;2;4_AOI;4_AOI_SIDEA;2025-07-02 00:00:00.000;2;1,2333;1,1167;1,0833
KA23.000707-042;85;170;2;NULL;NULL;206I1H;APT-1600FD FP-MACHINE3;5_FPT;5_FPT_PREMIUM;2025-07-02 00:00:00.000;3;5,6;5,4167;5,4167
KA23.000707-042;165;330;2;NULL;NULL;206I1H;APT-1600FD FP-MACHINE;5_FPT;5_FPT_PREMIUM;2025-07-02 00:00:00.000;4;5,6167;5,35;5,3333
KA23.000707-043;235;471;2;4;120;206I1H;3;3_SEL;3_SELA;2025-12-18 00:00:00.000;1;2,0167;1,8;3,5667
KA23.000707-043;238;476;2;NULL;NULL;206I1H;2;4_AOI;4_AOI_SIDEA;2025-12-18 00:00:00.000;2;1,4333;1,2667;1,2167
KA23.000707-043;128;256;2;NULL;NULL;206I1H;APT-1600FD FP-MACHINE;5_FPT;5_FPT_PREMIUM;2025-12-18 00:00:00.000;3;5,7;5,2667;5,25
KA23.000707-043;109;218;2;NULL;NULL;206I1H;APT-1600FD FP-MACHINE2;5_FPT;5_FPT_PREMIUM;2025-12-18 00:00:00.000;4;5,4667;5,3833;5,3333
KA23.000707-044;25;50;2;NULL;NULL;206IAH;APT-1600FD FP-MACHINE3;5_FPT;5_FPT_PREMIUM;2024-08-21 00:00:00.000;1;7,5667;5,9667;5,8167
KA23.000707-044;25;50;2;NULL;NULL;206IAH;2;4_AOI;4_AOI_SIDEA;2024-08-21 00:00:00.000;2;1,6167;1,2333;1,1333
KA23.000708-009;100;200;2;NULL;NULL;206M1F;2;4_AOI;4_AOI_SIDEA;2024-08-23 00:00:00.000;1;1,4667;1,2667;1,1333
KA23.000708-009;92;184;2;NULL;NULL;206M1F;APT-1600FD FP-MACHINE;5_FPT;5_FPT_PREMIUM;2024-08-23 00:00:00.000;2;4,6667;4,45;4,5
KA23.000708-010;100;200;2;NULL;NULL;206M1F;APT-1600FD FP-MACHINE3;5_FPT;5_FPT_PREMIUM;2024-11-06 00:00:00.000;1;5,1;4,65;4,5167
KA23.000708-010;100;200;2;NULL;NULL;206M1F;2;4_AOI;4_AOI_SIDEA;2024-11-06 00:00:00.000;2;1,3167;1,1667;1,1167
KA23.000708-011;100;200;2;NULL;NULL;206M1F;2;4_AOI;4_AOI_SIDEA;2024-11-26 00:00:00.000;1;1,3667;1,1667;1,1167
KA23.000708-011;100;200;2;NULL;NULL;206M1F;APT-1600FD FP-MACHINE3;5_FPT;5_FPT_PREMIUM;2024-11-26 00:00:00.000;2;4,9833;4,5333;4,5833
KA23.000708-012;100;200;2;NULL;NULL;206M1F;2;4_AOI;4_AOI_SIDEA;2024-12-06 00:00:00.000;1;1,2667;1,1167;1,1333
KA23.000708-012;100;200;2;NULL;NULL;206M1F;APT-1600FD FP-MACHINE;5_FPT;5_FPT_PREMIUM;2024-12-06 00:00:00.000;2;4,65;4,55;4,5
KA23.000708-013;97;194;2;NULL;NULL;206M1F;2;4_AOI;4_AOI_SIDEA;2025-02-24 00:00:00.000;2;1,3167;1,1833;1,1167
KA23.000708-013;97;194;2;NULL;NULL;206M1F;APT-1600FD FP-MACHINE2;5_FPT;5_FPT_PREMIUM;2025-02-24 00:00:00.000;3;4,95;4,6333;4,5167
KA23.000719-001;80;400;5;NULL;NULL;006Y1C;APT-1600FD FP-MACHINE;5_FPT;5_FPT_PREMIUM;2025-01-22 00:00:00.000;1;0,9167;0,8667;0,75
KA23.000780-001;100;200;2;2;103;006T1C;4;3_SEL;3_SELA;2024-12-04 00:00:00.000;1;4,5333;3,4;3,4
KA23.000780-001;100;200;2;NULL;NULL;006T1C;2;4_AOI;4_AOI_SIDEA;2024-12-04 00:00:00.000;2;1,35;1,1667;1,1167
KA23.000780-001;100;200;2;NULL;NULL;006T1C;APT-1600FD FP-MACHINE2;5_FPT;5_FPT_PREMIUM;2024-12-04 00:00:00.000;4;4,4167;3,8167;3,6
KA23.000780-002;99;198;2;2;100;006T1C;4;3_SEL;3_SELA;2024-12-04 00:00:00.000;1;4,0667;2,9667;2,9667
KA23.000780-002;100;200;2;NULL;NULL;006T1C;2;4_AOI;4_AOI_SIDEA;2024-12-04 00:00:00.000;2;1,2333;1,1;1,1167
KA23.000780-002;99;198;2;NULL;NULL;006T1C;APT-1600FD FP-MACHINE;5_FPT;5_FPT_PREMIUM;2024-12-04 00:00:00.000;3;4,0167;3,7;3,5833
KA23.000780-003;100;200;2;NULL;NULL;006T1C;2;4_AOI;4_AOI_SIDEA;2024-12-09 00:00:00.000;1;1,2667;1,1667;1,1167
KA23.000780-003;96;193;2;4;53;006T1C;3;3_SEL;3_SELA;2024-12-09 00:00:00.000;2;2,15;1,8667;3,6167
KA23.000780-003;100;200;2;NULL;NULL;006T1C;APT-1600FD FP-MACHINE2;5_FPT;5_FPT_PREMIUM;2024-12-09 00:00:00.000;3;3,9;3,75;3,6667
KA23.000780-004;100;200;2;2;103;006T1C;4;3_SEL;3_SELA;2025-02-14 00:00:00.000;1;3,8;2,6333;2,6333
KA23.000780-004;100;200;2;NULL;NULL;006T1C;2;4_AOI;4_AOI_SIDEA;2025-02-14 00:00:00.000;2;1,25;1,1333;1,1
KA23.000780-004;99;198;2;NULL;NULL;006T1C;APT-1600FD FP-MACHINE2;5_FPT;5_FPT_PREMIUM;2025-02-14 00:00:00.000;3;4,05;3,7333;3,6667
KA23.000780-005;100;200;2;NULL;NULL;006T1C;APT-1600FD FP-MACHINE;5_FPT;5_FPT_PREMIUM;2025-03-14 00:00:00.000;1;3,9;3,7;3,6667
KA23.000780-005;100;200;2;NULL;NULL;006T1C;2;4_AOI;4_AOI_SIDEA;2025-03-14 00:00:00.000;3;1,3167;1,1;1,1
KA23.000780-006;100;200;2;NULL;NULL;006T1C;2;4_AOI;4_AOI_SIDEA;2025-04-03 00:00:00.000;2;1,3667;1,1167;1,1167
KA23.000780-006;100;200;2;NULL;NULL;006T1C;APT-1600FD FP-MACHINE;5_FPT;5_FPT_PREMIUM;2025-04-03 00:00:00.000;3;4,4667;3,9167;3,6667
KA23.000780-007;100;200;2;2;101;006T1C;4;3_SEL;3_SELA;2025-04-29 00:00:00.000;1;3,05;2,05;2,05
KA23.000780-007;100;200;2;NULL;NULL;006T1C;2;4_AOI;4_AOI_SIDEA;2025-04-29 00:00:00.000;2;1,3833;1,1833;1,1
KA23.000780-007;99;198;2;NULL;NULL;006T1C;APT-1600FD FP-MACHINE;5_FPT;5_FPT_PREMIUM;2025-04-29 00:00:00.000;3;4,3167;3,8;3,6833
KA23.000780-008;82;164;2;NULL;NULL;006T1C;10;2_ODD;2_ODDA;2025-06-06 00:00:00.000;1;2,2;1,7833;1,5167
KA23.000780-008;100;200;2;NULL;NULL;006T1C;APT-1600FD FP-MACHINE;5_FPT;5_FPT_PREMIUM;2025-06-06 00:00:00.000;2;4,0333;3,7333;3,6667
KA23.000780-008;97;194;2;4;89;006T1C;3;3_SEL;3_SELA;2025-06-06 00:00:00.000;3;4,3667;3,45;4,1167
KA23.000780-008;100;200;2;NULL;NULL;006T1C;2;4_AOI;4_AOI_SIDEA;2025-06-06 00:00:00.000;4;1,35;1,2;1,1167
KA23.000780-009;100;200;2;NULL;NULL;006T1C;10;2_ODD;2_ODDA;2025-07-18 00:00:00.000;1;2,3;1,75;1,5167
KA23.000780-009;100;200;2;NULL;NULL;006T1C;2;4_AOI;4_AOI_SIDEA;2025-07-18 00:00:00.000;2;1,2333;1,0833;1,1
KA23.000780-009;100;200;2;NULL;NULL;006T1C;APT-1600FD FP-MACHINE;5_FPT;5_FPT_PREMIUM;2025-07-18 00:00:00.000;3;4,6667;3,8167;3,6833
KA23.000780-010;100;200;2;NULL;NULL;006T1C;2;4_AOI;4_AOI_SIDEA;2025-07-30 00:00:00.000;1;1,2167;1,1333;1,1167
KA23.000780-010;100;200;2;NULL;NULL;006T1C;APT-1600FD FP-MACHINE;5_FPT;5_FPT_PREMIUM;2025-07-30 00:00:00.000;2;3,9667;3,6167;3,6667
KA23.000780-011;87;174;2;NULL;NULL;006T1C;10;2_ODD;2_ODDA;2025-09-08 00:00:00.000;1;1,4167;1,1333;0,7833
KA23.000780-011;30;60;2;NULL;NULL;006T1C;APT-1600FD FP-MACHINE;5_FPT;5_FPT_PREMIUM;2025-09-08 00:00:00.000;2;4,2667;3,7667;3,6833
KA23.000780-011;99;199;2;4;51;006T1C;3;3_SEL;3_SELA;2025-09-08 00:00:00.000;3;2,5333;2,0667;4,1333
KA23.000780-011;100;200;2;NULL;NULL;006T1C;2;4_AOI;4_AOI_SIDEA;2025-09-08 00:00:00.000;4;1,2667;1,1167;1,1
KA23.000780-011;70;140;2;NULL;NULL;006T1C;APT-1600FD FP-MACHINE2;5_FPT;5_FPT_PREMIUM;2025-09-08 00:00:00.000;5;4;3,7833;3,75
KA23.000780-012;99;198;2;NULL;NULL;006T1C;10;2_ODD;2_ODDA;2025-10-02 00:00:00.000;1;1,25;1,0833;0,7833
KA23.000780-012;88;177;2;4;46;006T1C;3;3_SEL;3_SELA;2025-10-02 00:00:00.000;2;2,4333;2,0833;4,1333
KA23.000780-012;99;198;2;NULL;NULL;006T1C;2;4_AOI;4_AOI_SIDEA;2025-10-02 00:00:00.000;3;1,2667;1,1;1,1167
KA23.000780-012;99;198;2;NULL;NULL;006T1C;APT-1600FD FP-MACHINE3;5_FPT;5_FPT_PREMIUM;2025-10-02 00:00:00.000;4;3,9167;3,7167;3,75
KA23.000783-002;219;439;2;2;223;206L1D;4;3_SEL;3_SELA;2024-12-17 00:00:00.000;1;4,2833;2,4833;2,4833
KA23.000783-002;250;500;2;NULL;NULL;206L1D;2;4_AOI;4_AOI_SIDEA;2024-12-17 00:00:00.000;2;1,4667;1,25;1,1833
KA23.000783-002;52;104;2;NULL;NULL;206L1D;APT-1600FD FP-MACHINE2;5_FPT;5_FPT_PREMIUM;2024-12-17 00:00:00.000;3;6,6167;6,2333;6,25
KA23.000783-002;198;396;2;NULL;NULL;206L1D;APT-1600FD FP-MACHINE3;5_FPT;5_FPT_PREMIUM;2024-12-17 00:00:00.000;4;6,4667;6,1;6,0167
KA23.000904-003;49;98;2;4;31;006EAA;4;3_SEL;3_SELA;2024-09-20 00:00:00.000;1;2,3667;1,5;3,0167
KA23.000904-003;49;98;2;NULL;NULL;006EAA;2;4_AOI;4_AOI_SIDEB;2024-09-20 00:00:00.000;2;1,2167;0,8833;0,9
KA23.000904-003;49;98;2;NULL;NULL;006EAA;APT-1600FD FP-MACHINE2;5_FPT;5_FPT_BASIC;2024-09-20 00:00:00.000;3;0,7833;0,5833;0,5
KA23.000932-001;248;248;1;NULL;NULL;20661C;APT-1600FD FP-MACHINE2;5_FPT;5_FPT_PREMIUM;2024-08-19 00:00:00.000;1;2,0667;1,8167;1,6667
KA23.000932-001;249;249;1;NULL;NULL;20661C;2;4_AOI;4_AOI_SIDEB;2024-08-19 00:00:00.000;2;0,9167;0,8333;0,8
KA23.000932-002;250;250;1;2;128;20661C;4;3_SEL;3_SELA;2024-11-26 00:00:00.000;1;1,1;0,7;1,4
KA23.000932-002;250;250;1;NULL;NULL;20661C;2;4_AOI;4_AOI_SIDEB;2024-11-26 00:00:00.000;2;0,9333;0,85;0,8167
KA23.000932-002;250;250;1;NULL;NULL;20661C;APT-1600FD FP-MACHINE;5_FPT;5_FPT_PREMIUM;2024-11-26 00:00:00.000;3;1,85;1,65;1,6667
KA23.000932-003;145;290;2;NULL;NULL;20661C;2;4_AOI;4_AOI_SIDEB;2025-05-15 00:00:00.000;1;1,1833;1;0,9833
KA23.000932-003;126;252;2;2;131;20661C;4;3_SEL;3_SELA;2025-05-15 00:00:00.000;2;1,55;1,15;1,15
KA23.000932-003;141;282;2;NULL;NULL;20661C;APT-1600FD FP-MACHINE2;5_FPT;5_FPT_PREMIUM;2025-05-15 00:00:00.000;3;2,8;2,4;2,4167
KA23.001009-002;30;1920;64;NULL;NULL;01621A;2;4_AOI;4_AOI_SIDEB;2024-09-20 00:00:00.000;1;1,5;1,1833;1
KA23.001009-002;26;1664;64;NULL;NULL;01621A;APT-1600FD FP-MACHINE2;5_FPT;5_FPT_BASIC;2024-09-20 00:00:00.000;4;1,4333;1,4333;1,1667
KA23.001009-003;32;2048;64;NULL;NULL;01621A;APT-1600FD FP-MACHINE3;5_FPT;5_FPT_BASIC;2025-07-30 00:00:00.000;1;1,5667;1,25;1,1667
KA23.001009-003;32;2048;64;NULL;NULL;01621A;2;4_AOI;4_AOI_SIDEA;2025-07-30 00:00:00.000;2;1,1;0,9833;0,9833
KA23.001009-004;32;2048;64;NULL;NULL;01621A;2;4_AOI;4_AOI_SIDEA;2025-02-05 00:00:00.000;1;1,4833;1,2333;0,9833
KA23.001009-004;33;2112;64;NULL;NULL;01621A;APT-1600FD FP-MACHINE;5_FPT;5_FPT_BASIC;2025-02-05 00:00:00.000;2;1,55;1,1;1,1667
KA23.001009-005;33;2112;64;NULL;NULL;01621A;2;4_AOI;4_AOI_SIDEA;2025-03-31 00:00:00.000;2;1,1167;0,9833;0,9667
KA23.001009-005;32;2048;64;NULL;NULL;01621A;APT-1600FD FP-MACHINE2;5_FPT;5_FPT_BASIC;2025-03-31 00:00:00.000;3;1,3833;1,2333;1,1667
KA23.001009-006;32;2048;64;NULL;NULL;01621A;2;4_AOI;4_AOI_SIDEA;2025-05-23 00:00:00.000;1;1,2;1,05;0,9667
KA23.001009-006;32;2048;64;NULL;NULL;01621A;APT-1600FD FP-MACHINE3;5_FPT;5_FPT_BASIC;2025-05-23 00:00:00.000;2;1,4667;1,1667;1,1667
KA23.001010-002;20;1000;50;NULL;NULL;01631A;2;4_AOI;4_AOI_SIDEB;2025-05-23 00:00:00.000;1;1,6;1,1667;0,9667
KA23.001010-002;20;1000;50;NULL;NULL;01631A;APT-1600FD FP-MACHINE;5_FPT;5_FPT_BASIC;2025-05-23 00:00:00.000;2;1,3;0,8;0,8333
KA24.000027-001;13;52;4;NULL;NULL;550Q1A;2;4_AOI;4_AOI_SIDEA;2024-11-12 00:00:00.000;1;1,6167;0,9833;0,9833
KA24.000027-001;13;52;4;NULL;NULL;550Q1A;APT-1600FD FP-MACHINE3;5_FPT;5_FPT_PREMIUM;2024-11-12 00:00:00.000;2;2,8667;2,4833;1,9333
KA24.000032-001;50;100;2;2;50;206LAA;4;3_SEL;3_SELA;2024-11-27 00:00:00.000;1;5,0167;3,6833;3,6833
KA24.000032-001;50;100;2;NULL;NULL;206LAA;2;4_AOI;4_AOI_SIDEA;2024-11-27 00:00:00.000;2;1,3;1,1;1,1167
KA24.000032-001;33;66;2;NULL;NULL;206LAA;APT-1600FD FP-MACHINE;5_FPT;5_FPT_PREMIUM;2024-11-27 00:00:00.000;4;4,9667;4,65;4,6667
KA24.000035-012;38;114;3;NULL;NULL;794DBD;2;4_AOI;4_AOI_SIDEB;2024-11-15 00:00:00.000;2;1,25;1,1167;1,0833
KA24.000035-012;38;114;3;NULL;NULL;794DBD;APT-1600FD FP-MACHINE3;5_FPT;5_FPT_BASIC;2024-11-15 00:00:00.000;5;2,3;1,7833;1,5833
KA24.000035-013;108;324;3;3;111;794DBD;4;3_SEL;3_SELA;2025-11-25 00:00:00.000;1;1,2333;0,9667;0,9667
KA24.000035-013;115;345;3;NULL;NULL;794DBD;2;4_AOI;4_AOI_SIDEB;2025-11-25 00:00:00.000;2;1,6833;1,5167;1,4333
KA24.000035-013;115;345;3;NULL;NULL;794DBD;APT-1600FD FP-MACHINE3;5_FPT;5_FPT_BASIC;2025-11-25 00:00:00.000;4;2,15;1,9333;1,75
KA24.000035-015;38;114;3;3;39;794CBD;4;3_SEL;3_SELA;2024-11-12 00:00:00.000;1;7,5;3,7;3,7
KA24.000035-015;38;114;3;NULL;NULL;794CBD;2;4_AOI;4_AOI_SIDEB;2024-11-12 00:00:00.000;2;1,8833;1,5;1,3333
KA24.000035-015;38;114;3;NULL;NULL;794CBD;APT-1600FD FP-MACHINE3;5_FPT;5_FPT_BASIC;2024-11-12 00:00:00.000;3;2,5667;2,1833;2,0833
KA24.000035-016;115;345;3;3;145;794CBD;4;3_SEL;3_SELA;2025-11-27 00:00:00.000;1;4,0667;2,6833;2,6833
KA24.000035-016;115;345;3;NULL;NULL;794CBD;2;4_AOI;4_AOI_SIDEB;2025-11-27 00:00:00.000;2;1,65;1,4833;1,45
KA24.000035-016;115;345;3;NULL;NULL;794CBD;APT-1600FD FP-MACHINE2;5_FPT;5_FPT_BASIC;2025-11-27 00:00:00.000;3;2,4;2,1833;2,0833
KA24.000035-016;115;345;3;NULL;NULL;794CBD;9;6_DEP;6_DEP;2025-11-27 00:00:00.000;4;1,3;1,05;0,95
KA24.000035-020;38;114;3;3;40;794CKD;4;3_SEL;3_SELA;2024-11-13 00:00:00.000;1;3,2167;2,0333;2,0333
KA24.000035-020;38;114;3;NULL;NULL;794CKD;2;4_AOI;4_AOI_SIDEB;2024-11-13 00:00:00.000;2;1,85;1,35;1,3
KA24.000035-020;38;114;3;NULL;NULL;794CKD;APT-1600FD FP-MACHINE2;5_FPT;5_FPT_BASIC;2024-11-13 00:00:00.000;3;3,0333;2,1167;1,9333
KA24.000035-021;115;345;3;6;60;794CKD;3;3_SEL;3_SELA;2025-11-27 00:00:00.000;1;1,6333;1,4;2,8
KA24.000035-021;115;345;3;NULL;NULL;794CKD;2;4_AOI;4_AOI_SIDEB;2025-11-27 00:00:00.000;2;1,6667;1,45;1,4167
KA24.000035-021;115;345;3;NULL;NULL;794CKD;APT-1600FD FP-MACHINE3;5_FPT;5_FPT_BASIC;2025-11-27 00:00:00.000;3;2,1667;1,95;1,9167
KA24.000035-021;115;345;3;NULL;NULL;794CKD;9;6_DEP;6_DEP;2025-11-27 00:00:00.000;4;1,0667;0,9333;0,6833
KA24.000035-026;106;106;1;2;57;794B10;3;3_SEL;3_SELA;2024-11-12 00:00:00.000;1;2,4;1,8167;3,6167
KA24.000035-026;112;112;1;NULL;NULL;794B10;2;4_AOI;4_AOI_SIDEA;2024-11-12 00:00:00.000;2;1,6833;1,55;1,4833
KA24.000035-026;112;112;1;NULL;NULL;794B10;APT-1600FD FP-MACHINE3;5_FPT;5_FPT_BASIC;2024-11-12 00:00:00.000;3;2,9333;2,4333;2,25
KA24.000035-027;110;110;1;1;112;794B10;4;3_SEL;3_SELA;2025-11-18 00:00:00.000;1;4,2833;3,15;3,15
KA24.000035-027;345;345;1;NULL;NULL;794B10;2;4_AOI;4_AOI_SIDEA;2025-11-18 00:00:00.000;2;1,8167;1,6167;1,5833
KA24.000035-027;235;235;1;2;118;794B10;3;3_SEL;3_SELA;2025-11-18 00:00:00.000;3;1,9333;1,7167;3,45
KA24.000035-027;345;345;1;NULL;NULL;794B10;APT-1600FD FP-MACHINE3;5_FPT;5_FPT_BASIC;2025-11-18 00:00:00.000;4;2,5667;2,35;2,25
KA24.000035-027;345;345;1;NULL;NULL;794B10;9;6_DEP;6_DEP;2025-11-18 00:00:00.000;5;1,0333;0,7167;0,65
KA24.000096-001;94;376;4;NULL;NULL;498OAB;2;4_AOI;4_AOI_SIDEB;2024-09-26 00:00:00.000;1;1,35;1,1833;1,15
KA24.000096-001;46;184;4;NULL;NULL;498OAB;APT-1600FD FP-MACHINE3;5_FPT;5_FPT_BASIC;2024-09-26 00:00:00.000;2;3,8667;2,8833;2,75
KA24.000096-001;48;192;4;NULL;NULL;498OAB;APT-1600FD FP-MACHINE;5_FPT;5_FPT_BASIC;2024-09-26 00:00:00.000;3;3,2333;2,4;2
KA24.000097-001;45;180;4;NULL;NULL;498O1B;2;4_AOI;4_AOI_SIDEB;2024-09-06 00:00:00.000;1;2,3167;1,7333;1,6
KA24.000097-001;39;156;4;NULL;NULL;498O1B;APT-1600FD FP-MACHINE3;5_FPT;5_FPT_BASIC;2024-09-06 00:00:00.000;3;3,0333;2,2667;2,1667
KA24.000102-001;100;100;1;NULL;NULL;487H1B;2;4_AOI;4_AOI_SIDEB;2024-11-28 00:00:00.000;3;1,4667;1,2667;1,2
KA24.000102-001;100;100;1;NULL;NULL;487H1B;APT-1600FD FP-MACHINE;5_FPT;5_FPT_BASIC;2024-11-28 00:00:00.000;4;1,55;1,35;1,3333
KA24.000102-002;100;100;1;NULL;NULL;487H1B;2;4_AOI;4_AOI_SIDEB;2025-04-30 00:00:00.000;1;1,7333;1,25;1,1833
KA24.000102-002;100;100;1;1;100;487H1B;4;3_SEL;3_SELA;2025-04-30 00:00:00.000;2;4,9167;3,7667;3,7667
KA24.000102-002;70;70;1;NULL;NULL;487H1B;APT-1600FD FP-MACHINE3;5_FPT;5_FPT_BASIC;2025-04-30 00:00:00.000;3;1,8667;1,5667;1,4167
KA24.000102-003;100;100;1;NULL;NULL;487H1B;2;4_AOI;4_AOI_SIDEB;2025-08-27 00:00:00.000;1;1,5833;1,45;1,1833
KA24.000102-003;100;100;1;NULL;NULL;487H1B;APT-1600FD FP-MACHINE;5_FPT;5_FPT_BASIC;2025-08-27 00:00:00.000;2;1,7833;1,4333;1,4167
KA24.000155-002;35;70;2;NULL;NULL;52811C;2;4_AOI;4_AOI_SIDEB;2024-09-24 00:00:00.000;1;1,55;1,2667;1,2167
KA24.000155-002;34;68;2;NULL;NULL;52811C;APT-1600FD FP-MACHINE2;5_FPT;5_FPT_BASIC;2024-09-24 00:00:00.000;2;1,6333;1,1833;0,9167
KA24.000167-001;50;250;5;NULL;NULL;69171A;2;4_AOI;4_AOI_SIDEB;2024-08-27 00:00:00.000;1;1,1;0,9167;0,85
KA24.000167-001;50;250;5;NULL;NULL;69171A;APT-1600FD FP-MACHINE2;5_FPT;5_FPT_BASIC;2024-08-27 00:00:00.000;2;2,0833;1,6833;1,5833
KA24.000171-001;15;150;10;NULL;NULL;487F1A;2;4_AOI;4_AOI_SIDEA;2024-09-27 00:00:00.000;1;1,1833;0,4333;0,3833
KA24.000171-001;15;150;10;NULL;NULL;487F1A;APT-1600FD FP-MACHINE2;5_FPT;5_FPT_BASIC;2024-09-27 00:00:00.000;2;1,6833;1,35;1,0833
KA24.000195-004;84;168;2;NULL;NULL;62881C;2;4_AOI;4_AOI_SIDEB;2024-08-26 00:00:00.000;1;1,85;1,6;1,5667
KA24.000195-004;34;68;2;NULL;NULL;62881C;APT-1600FD FP-MACHINE2;5_FPT;5_FPT_BASIC;2024-08-26 00:00:00.000;3;3,25;2,9667;2,5
KA24.000195-004;50;100;2;NULL;NULL;62881C;APT-1600FD FP-MACHINE3;5_FPT;5_FPT_BASIC;2024-08-26 00:00:00.000;4;3,35;2,85;2,6667
KA24.000195-005;65;130;2;4;33;62881C;3;3_SEL;3_SELA;2024-11-20 00:00:00.000;1;3,9;3;6
KA24.000195-005;100;200;2;NULL;NULL;62881C;2;4_AOI;4_AOI_SIDEB;2024-11-20 00:00:00.000;2;1,8;1,6;1,5667
KA24.000195-005;100;200;2;NULL;NULL;62881C;APT-1600FD FP-MACHINE3;5_FPT;5_FPT_BASIC;2024-11-20 00:00:00.000;3;3,1667;2,5667;2,3333
KA24.000227-001;50;100;2;NULL;NULL;52811C;2;4_AOI;4_AOI_SIDEB;2024-09-24 00:00:00.000;1;1,55;1,2667;1,2167
KA24.000227-001;50;100;2;NULL;NULL;52811C;APT-1600FD FP-MACHINE2;5_FPT;5_FPT_BASIC;2024-09-24 00:00:00.000;2;1,6667;1,0667;0,9167
KA24.000249-001;200;1000;5;NULL;NULL;605AAB;2;4_AOI;4_AOI_SIDEB;2024-08-20 00:00:00.000;1;1,4833;1,1167;0,8
KA24.000249-001;198;990;5;NULL;NULL;605AAB;APT-1600FD FP-MACHINE;5_FPT;5_FPT_BASIC;2024-08-20 00:00:00.000;2;1,6667;1,3667;1,1833
KA24.000249-002;200;1000;5;NULL;NULL;605AAB;2;4_AOI;4_AOI_SIDEB;2024-09-10 00:00:00.000;1;0,9667;0,8167;0,4833
KA24.000249-002;250;250;1;NULL;NULL;54511B;2;4_AOI;4_AOI_SIDEA;2024-09-10 00:00:00.000;2;0,4;0,3833;0,4833
KA24.000249-002;35;175;5;NULL;NULL;605AAB;APT-1600FD FP-MACHINE;5_FPT;5_FPT_BASIC;2024-09-10 00:00:00.000;3;1,65;1,35;1,1667
KA24.000249-002;72;360;5;NULL;NULL;605AAB;APT-1600FD FP-MACHINE2;5_FPT;5_FPT_BASIC;2024-09-10 00:00:00.000;4;2,5333;1,4833;0,3333
KA24.000249-002;101;505;5;NULL;NULL;605AAB;APT-1600FD FP-MACHINE3;5_FPT;5_FPT_BASIC;2024-09-10 00:00:00.000;5;2,0167;1,3667;1,25
KA24.000249-002;249;249;1;NULL;NULL;54511B;APT-1600FD FP-MACHINE2;5_FPT;5_FPT_BASIC;2024-09-10 00:00:00.000;6;0,4167;0,35;0,3333
KA24.000268-001;17;51;3;NULL;NULL;24161A;APT-1600FD FP-MACHINE;5_FPT;5_FPT_PREMIUM;2024-07-12 00:00:00.000;2;7,1167;5,05;5,7667
KA24.000268-001;30;90;3;NULL;NULL;24161A;2;4_AOI;4_AOI_SIDEB;2024-07-12 00:00:00.000;3;1,9;1,3333;1,1667
KA24.000268-001;13;39;3;3;14;24161A;3;3_SEL;3_SELA;2024-07-12 00:00:00.000;4;3,35;2,05;2,05
KA24.000268-002;30;90;3;NULL;NULL;24161A;2;4_AOI;4_AOI_SIDEB;2024-10-01 00:00:00.000;1;1,5333;1,15;1,15
KA24.000268-002;30;90;3;NULL;NULL;24161A;APT-1600FD FP-MACHINE3;5_FPT;5_FPT_BASIC;2024-10-01 00:00:00.000;2;3,2667;2,2667;1,5833
KA24.000269-001;147;294;2;2;165;206A1D;4;3_SEL;3_SELA;2024-10-02 00:00:00.000;1;4,5833;3,15;3,15
KA24.000269-001;150;300;2;NULL;NULL;206A1D;2;4_AOI;4_AOI_SIDEB;2024-10-02 00:00:00.000;2;1,5167;1,35;1,2333
KA24.000269-001;88;176;2;NULL;NULL;206A1D;APT-1600FD FP-MACHINE3;5_FPT;5_FPT_BASIC;2024-10-02 00:00:00.000;3;0,9333;0,7;0,7167
KA24.000269-001;63;126;2;NULL;NULL;206A1D;APT-1600FD FP-MACHINE2;5_FPT;5_FPT_BASIC;2024-10-02 00:00:00.000;4;1,4;0,9333;0,6833
KA24.000269-002;89;178;2;2;89;206A1D;4;3_SEL;3_SELA;2024-10-03 00:00:00.000;1;3,6833;3,1167;3,1167
KA24.000269-002;150;300;2;NULL;NULL;206A1D;2;4_AOI;4_AOI_SIDEB;2024-10-03 00:00:00.000;2;1,4167;1,3167;1,2333
KA24.000269-002;150;300;2;NULL;NULL;206A1D;APT-1600FD FP-MACHINE2;5_FPT;5_FPT_BASIC;2024-10-03 00:00:00.000;3;1,1;0,7667;0,7333
KA24.000269-003;128;256;2;2;128;206A1D;4;3_SEL;3_SELA;2024-10-03 00:00:00.000;1;4,0667;3,1333;3,1333
KA24.000269-003;150;300;2;NULL;NULL;206A1D;2;4_AOI;4_AOI_SIDEB;2024-10-03 00:00:00.000;2;1,5833;1,3833;1,2333
KA24.000269-003;22;44;2;4;11;206A1D;3;3_SEL;3_SELA;2024-10-03 00:00:00.000;3;3,0833;1,9833;3,9667
KA24.000269-003;150;300;2;NULL;NULL;206A1D;APT-1600FD FP-MACHINE2;5_FPT;5_FPT_BASIC;2024-10-03 00:00:00.000;4;0,9;0,7667;0,6833
KA24.000269-004;150;300;2;NULL;NULL;206A1D;2;4_AOI;4_AOI_SIDEB;2024-10-04 00:00:00.000;1;1,5;1,2333;1,2333
KA24.000269-004;88;176;2;NULL;NULL;206A1D;APT-1600FD FP-MACHINE2;5_FPT;5_FPT_BASIC;2024-10-04 00:00:00.000;2;0,8667;0,7;0,6667
KA24.000269-004;59;118;2;NULL;NULL;206A1D;APT-1600FD FP-MACHINE;5_FPT;5_FPT_BASIC;2024-10-04 00:00:00.000;3;1,05;0,8;0,6667
KA24.000269-005;150;300;2;2;152;206A1D;4;3_SEL;3_SELA;2024-10-08 00:00:00.000;1;3,9667;3,1333;3,1333
KA24.000269-005;150;300;2;NULL;NULL;206A1D;2;4_AOI;4_AOI_SIDEB;2024-10-08 00:00:00.000;2;1,6;1,3;1,2333
KA24.000269-005;150;300;2;NULL;NULL;206A1D;APT-1600FD FP-MACHINE;5_FPT;5_FPT_BASIC;2024-10-08 00:00:00.000;3;0,8833;0,7167;0,6667
KA24.000269-006;150;300;2;NULL;NULL;206A1D;2;4_AOI;4_AOI_SIDEB;2024-10-09 00:00:00.000;1;1,4667;1,2667;1,2333
KA24.000269-006;150;300;2;NULL;NULL;206A1D;APT-1600FD FP-MACHINE3;5_FPT;5_FPT_BASIC;2024-10-09 00:00:00.000;2;0,95;0,75;0,75
KA24.000269-007;150;300;2;NULL;NULL;206A1D;2;4_AOI;4_AOI_SIDEB;2024-10-10 00:00:00.000;1;1,4667;1,3;1,2333
KA24.000269-007;86;172;2;2;87;206A1D;4;3_SEL;3_SELA;2024-10-10 00:00:00.000;2;4,3167;3,1333;3,1333
KA24.000269-007;150;300;2;NULL;NULL;206A1D;APT-1600FD FP-MACHINE;5_FPT;5_FPT_BASIC;2024-10-10 00:00:00.000;3;0,9167;0,7167;0,6667
KA24.000269-008;150;300;2;2;150;206A1D;4;3_SEL;3_SELA;2024-10-14 00:00:00.000;1;3,9333;3,1333;3,1333
KA24.000269-008;150;300;2;NULL;NULL;206A1D;2;4_AOI;4_AOI_SIDEB;2024-10-14 00:00:00.000;2;1,4167;1,2833;1,25
KA24.000269-008;150;300;2;NULL;NULL;206A1D;APT-1600FD FP-MACHINE2;5_FPT;5_FPT_BASIC;2024-10-14 00:00:00.000;3;0,8667;0,7333;0,6833
KA24.000269-009;65;130;2;2;65;206A1D;4;3_SEL;3_SELA;2024-10-15 00:00:00.000;1;3,8833;3,1333;3,1333
KA24.000269-009;150;300;2;NULL;NULL;206A1D;2;4_AOI;4_AOI_SIDEB;2024-10-15 00:00:00.000;2;1,4333;1,25;1,2333
KA24.000269-009;150;300;2;NULL;NULL;206A1D;APT-1600FD FP-MACHINE2;5_FPT;5_FPT_BASIC;2024-10-15 00:00:00.000;3;1,0167;0,75;0,6833
KA24.000269-011;141;282;2;2;161;206A1D;4;3_SEL;3_SELA;2024-11-05 00:00:00.000;1;4,7167;3,4;3,4
KA24.000269-011;145;290;2;NULL;NULL;206A1D;2;4_AOI;4_AOI_SIDEB;2024-11-05 00:00:00.000;2;1,45;1,2833;1,2333
KA24.000269-011;145;290;2;NULL;NULL;206A1D;APT-1600FD FP-MACHINE;5_FPT;5_FPT_BASIC;2024-11-05 00:00:00.000;4;0,85;0,75;0,7333
KA24.000269-012;147;294;2;4;80;206A1D;3;3_SEL;3_SELA;2024-11-06 00:00:00.000;1;2,8333;2,3667;4,75
KA24.000269-012;148;296;2;NULL;NULL;206A1D;2;4_AOI;4_AOI_SIDEB;2024-11-06 00:00:00.000;2;1,4667;1,3;1,2333
KA24.000269-012;148;296;2;NULL;NULL;206A1D;APT-1600FD FP-MACHINE;5_FPT;5_FPT_BASIC;2024-11-06 00:00:00.000;3;0,9333;0,7333;0,7333
KA24.000269-013;150;300;2;NULL;NULL;206A1D;2;4_AOI;4_AOI_SIDEB;2024-11-28 00:00:00.000;1;1,4;1,2667;1,2333
KA24.000269-013;150;300;2;NULL;NULL;206A1D;APT-1600FD FP-MACHINE;5_FPT;5_FPT_BASIC;2024-11-28 00:00:00.000;2;1,2333;0,8333;0,75
KA24.000269-014;150;300;2;NULL;NULL;206A1D;2;4_AOI;4_AOI_SIDEB;2024-11-29 00:00:00.000;1;1,3667;1,2667;1,2333
KA24.000269-014;150;300;2;NULL;NULL;206A1D;APT-1600FD FP-MACHINE;5_FPT;5_FPT_BASIC;2024-11-29 00:00:00.000;2;1,2833;0,9167;0,75
KA24.000269-015;148;296;2;4;77;206A1D;3;3_SEL;3_SELA;2024-12-03 00:00:00.000;1;3,85;2,4;4,7
KA24.000269-015;150;300;2;NULL;NULL;206A1D;2;4_AOI;4_AOI_SIDEB;2024-12-03 00:00:00.000;2;1,3333;1,2333;1,2333
KA24.000269-015;150;300;2;NULL;NULL;206A1D;APT-1600FD FP-MACHINE;5_FPT;5_FPT_BASIC;2024-12-03 00:00:00.000;3;0,9167;0,75;0,75
KA24.000269-019;147;295;2;4;80;206A1D;3;3_SEL;3_SELA;2024-12-09 00:00:00.000;1;3,1333;2,65;5,25
KA24.000269-019;150;300;2;NULL;NULL;206A1D;2;4_AOI;4_AOI_SIDEB;2024-12-09 00:00:00.000;2;1,5667;1,3;1,2333
KA24.000269-019;150;300;2;NULL;NULL;206A1D;APT-1600FD FP-MACHINE;5_FPT;5_FPT_BASIC;2024-12-09 00:00:00.000;3;1,0333;0,7667;0,75
KA24.000269-020;132;264;2;4;70;206A1D;3;3_SEL;3_SELA;2024-12-11 00:00:00.000;1;3,2833;2,7;5,2667
KA24.000269-020;136;272;2;NULL;NULL;206A1D;2;4_AOI;4_AOI_SIDEB;2024-12-11 00:00:00.000;2;1,3333;1,2667;1,2333
KA24.000269-020;109;218;2;NULL;NULL;206A1D;APT-1600FD FP-MACHINE2;5_FPT;5_FPT_BASIC;2024-12-11 00:00:00.000;3;1;0,7333;0,75
KA24.000269-020;27;54;2;NULL;NULL;206A1D;APT-1600FD FP-MACHINE;5_FPT;5_FPT_BASIC;2024-12-11 00:00:00.000;4;0,8833;0,7;0,7
KA24.000269-023;150;300;2;4;79;206A1D;3;3_SEL;3_SELA;2025-01-20 00:00:00.000;1;3,15;2,6167;5,2333
KA24.000269-023;150;300;2;NULL;NULL;206A1D;2;4_AOI;4_AOI_SIDEB;2025-01-20 00:00:00.000;2;1,5167;1,2833;1,2333
KA24.000269-023;150;300;2;NULL;NULL;206A1D;APT-1600FD FP-MACHINE3;5_FPT;5_FPT_BASIC;2025-01-20 00:00:00.000;3;0,95;0,75;0,75
KA24.000269-024;149;299;2;4;76;206A1D;3;3_SEL;3_SELA;2025-01-28 00:00:00.000;1;3,2333;2,6333;5,2333
KA24.000269-024;150;300;2;NULL;NULL;206A1D;2;4_AOI;4_AOI_SIDEB;2025-01-28 00:00:00.000;2;1,6167;1,5;1,4833
KA24.000269-024;150;300;2;NULL;NULL;206A1D;APT-1600FD FP-MACHINE2;5_FPT;5_FPT_BASIC;2025-01-28 00:00:00.000;3;1,2;0,8333;0,8333
KA24.000269-025;150;300;2;4;76;206A1D;3;3_SEL;3_SELA;2025-02-14 00:00:00.000;1;3,15;2,6167;5,2333
KA24.000269-025;150;300;2;NULL;NULL;206A1D;2;4_AOI;4_AOI_SIDEB;2025-02-14 00:00:00.000;2;1,4167;1,25;1,25
KA24.000269-025;150;300;2;NULL;NULL;206A1D;APT-1600FD FP-MACHINE2;5_FPT;5_FPT_BASIC;2025-02-14 00:00:00.000;3;0,95;0,7833;0,75
KA24.000269-026;212;4240;20;NULL;NULL;0069FF;APT-1600FD FP-MACHINE2;5_FPT;5_FPT_PREMIUM;2024-09-30 00:00:00.000;1;1,45;1,3;1,2667
KA24.000269-027;300;6000;20;NULL;NULL;0069FF;2;4_AOI;4_AOI_SIDEA;2024-10-01 00:00:00.000;1;0,4667;0,4333;0,3833
KA24.000269-027;300;6000;20;NULL;NULL;0069FF;APT-1600FD FP-MACHINE2;5_FPT;5_FPT_PREMIUM;2024-10-01 00:00:00.000;2;1,35;1,3;1,2667
KA24.000269-028;300;6000;20;NULL;NULL;0069FF;APT-1600FD FP-MACHINE2;5_FPT;5_FPT_PREMIUM;2024-10-01 00:00:00.000;1;1,4;1,3333;1,2667
KA24.000269-029;300;6000;20;NULL;NULL;0069FF;APT-1600FD FP-MACHINE2;5_FPT;5_FPT_PREMIUM;2024-10-02 00:00:00.000;1;1,3833;1,3;1,3333
KA24.000269-030;300;6000;20;NULL;NULL;0069FF;APT-1600FD FP-MACHINE2;5_FPT;5_FPT_PREMIUM;2024-10-02 00:00:00.000;1;1,35;1,3167;1,3333
KA24.000269-031;300;6000;20;NULL;NULL;0069FF;APT-1600FD FP-MACHINE3;5_FPT;5_FPT_PREMIUM;2024-10-03 00:00:00.000;1;1,3667;1,3167;1,3333
KA24.000269-032;299;5980;20;NULL;NULL;0069FF;APT-1600FD FP-MACHINE3;5_FPT;5_FPT_PREMIUM;2024-10-03 00:00:00.000;1;1,4167;1,3167;1,3333
KA24.000269-033;211;4220;20;NULL;NULL;0069FF;APT-1600FD FP-MACHINE2;5_FPT;5_FPT_PREMIUM;2024-10-09 00:00:00.000;1;1,3167;1,3;1,3333
KA24.000269-033;88;1760;20;NULL;NULL;0069FF;APT-1600FD FP-MACHINE;5_FPT;5_FPT_PREMIUM;2024-10-09 00:00:00.000;3;1,4833;1,3167;1,3333
KA24.000269-034;299;5980;20;NULL;NULL;0069FF;APT-1600FD FP-MACHINE2;5_FPT;5_FPT_PREMIUM;2024-10-09 00:00:00.000;1;1,3167;1,3;1,3333
KA24.000269-036;300;6000;20;NULL;NULL;0069FF;APT-1600FD FP-MACHINE2;5_FPT;5_FPT_PREMIUM;2024-10-28 00:00:00.000;1;1,35;1,2833;1,25
KA24.000269-036;300;6000;20;NULL;NULL;0069FF;2;4_AOI;4_AOI_SIDEA;2024-10-28 00:00:00.000;2;0,2667;0,2667;0,3167
KA24.000269-037;300;6000;20;NULL;NULL;0069FF;APT-1600FD FP-MACHINE;5_FPT;5_FPT_PREMIUM;2024-10-28 00:00:00.000;1;1,3167;1,2833;1,3333
KA24.000269-037;300;6000;20;NULL;NULL;0069FF;2;4_AOI;4_AOI_SIDEA;2024-10-28 00:00:00.000;2;0,4;0,3833;0,3833
KA24.000269-038;300;6000;20;NULL;NULL;0069FF;APT-1600FD FP-MACHINE2;5_FPT;5_FPT_PREMIUM;2024-11-22 00:00:00.000;1;1,3833;1,3167;1,3333
KA24.000269-039;249;4980;20;NULL;NULL;0069FF;APT-1600FD FP-MACHINE2;5_FPT;5_FPT_PREMIUM;2024-11-22 00:00:00.000;1;1,3667;1,3;1,3333
KA24.000269-040;300;6000;20;NULL;NULL;0069FF;APT-1600FD FP-MACHINE2;5_FPT;5_FPT_PREMIUM;2024-11-22 00:00:00.000;1;1,4167;1,3167;1,3333
KA24.000269-044;300;6000;20;NULL;NULL;0069FF;2;4_AOI;4_AOI_SIDEA;2024-12-04 00:00:00.000;1;0,4833;0,4167;0,3833
KA24.000269-044;252;5040;20;NULL;NULL;0069FF;APT-1600FD FP-MACHINE;5_FPT;5_FPT_PREMIUM;2024-12-04 00:00:00.000;2;1,3333;1,2833;1,25
KA24.000269-044;48;960;20;NULL;NULL;0069FF;APT-1600FD FP-MACHINE3;5_FPT;5_FPT_PREMIUM;2024-12-04 00:00:00.000;3;1,6333;1,4167;1,4167
KA24.000269-045;232;4640;20;NULL;NULL;0069FF;APT-1600FD FP-MACHINE;5_FPT;5_FPT_PREMIUM;2024-12-05 00:00:00.000;1;1,4833;1,4333;1,3333
KA24.000269-045;300;6000;20;NULL;NULL;0069FF;2;4_AOI;4_AOI_SIDEA;2024-12-05 00:00:00.000;2;0,5167;0,4;0,3667
KA24.000269-045;68;1360;20;NULL;NULL;0069FF;APT-1600FD FP-MACHINE3;5_FPT;5_FPT_PREMIUM;2024-12-05 00:00:00.000;3;1,8333;1,55;1,3333
KA24.000269-048;130;2600;20;NULL;NULL;0069FF;APT-1600FD FP-MACHINE;5_FPT;5_FPT_PREMIUM;2025-01-16 00:00:00.000;1;1,65;1,4167;1,3333
KA24.000269-048;300;6000;20;NULL;NULL;0069FF;2;4_AOI;4_AOI_SIDEA;2025-01-16 00:00:00.000;2;0,45;0,4167;0,35
KA24.000269-048;170;3400;20;NULL;NULL;0069FF;APT-1600FD FP-MACHINE3;5_FPT;5_FPT_PREMIUM;2025-01-16 00:00:00.000;3;1,35;1,3167;1,3333
KA24.000269-049;300;6000;20;NULL;NULL;0069FF;APT-1600FD FP-MACHINE;5_FPT;5_FPT_PREMIUM;2025-01-23 00:00:00.000;1;1,3667;1,3;1,3333
KA24.000269-049;300;6000;20;NULL;NULL;0069FF;2;4_AOI;4_AOI_SIDEA;2025-01-23 00:00:00.000;2;0,4333;0,3833;0,35
KA24.000269-050;300;6000;20;NULL;NULL;0069FF;APT-1600FD FP-MACHINE2;5_FPT;5_FPT_PREMIUM;2025-02-10 00:00:00.000;1;1,3667;1,3;1,3333
KA24.000269-050;300;6000;20;NULL;NULL;0069FF;2;4_AOI;4_AOI_SIDEA;2025-02-10 00:00:00.000;2;0,4333;0,3667;0,35
KA24.000269-051;149;298;2;4;77;206AAD;3;3_SEL;3_SELA;2024-11-08 00:00:00.000;1;2,8167;2,4333;4,8333
KA24.000269-051;150;300;2;NULL;NULL;206AAD;2;4_AOI;4_AOI_SIDEB;2024-11-08 00:00:00.000;2;1,3;1,2333;1,2333
KA24.000269-051;150;300;2;NULL;NULL;206AAD;APT-1600FD FP-MACHINE;5_FPT;5_FPT_BASIC;2024-11-08 00:00:00.000;3;0,9333;0,7667;0,6667
KA24.000269-052;300;6000;20;NULL;NULL;0069CF;2;4_AOI;4_AOI_SIDEA;2024-10-23 00:00:00.000;1;0,45;0,4;0,35
KA24.000269-052;178;3560;20;NULL;NULL;0069CF;APT-1600FD FP-MACHINE2;5_FPT;5_FPT_PREMIUM;2024-10-23 00:00:00.000;2;1,4333;1,3;1,3333
KA24.000269-052;122;2440;20;NULL;NULL;0069CF;APT-1600FD FP-MACHINE;5_FPT;5_FPT_PREMIUM;2024-10-23 00:00:00.000;3;1,35;1,2667;1,3333
KA24.000269-053;150;300;2;4;75;206AAD;3;3_SEL;3_SELA;2024-12-03 00:00:00.000;1;2,8;2,3167;4,65
KA24.000269-053;150;300;2;NULL;NULL;206AAD;2;4_AOI;4_AOI_SIDEB;2024-12-03 00:00:00.000;2;1,3833;1,2833;1,25
KA24.000269-053;150;300;2;NULL;NULL;206AAD;APT-1600FD FP-MACHINE;5_FPT;5_FPT_BASIC;2024-12-03 00:00:00.000;3;0,8667;0,7333;0,75
KA24.000269-054;150;300;2;2;157;206AAD;4;3_SEL;3_SELA;2024-12-02 00:00:00.000;1;4,5333;3,35;3,35
KA24.000269-054;150;300;2;NULL;NULL;206AAD;2;4_AOI;4_AOI_SIDEB;2024-12-02 00:00:00.000;2;1,2833;1,25;1,2333
KA24.000269-054;84;168;2;NULL;NULL;206AAD;APT-1600FD FP-MACHINE3;5_FPT;5_FPT_BASIC;2024-12-02 00:00:00.000;3;0,95;0,7667;0,75
KA24.000269-054;66;132;2;NULL;NULL;206AAD;APT-1600FD FP-MACHINE;5_FPT;5_FPT_BASIC;2024-12-02 00:00:00.000;4;1,1;0,7167;0,75
KA24.000269-055;108;216;2;2;109;206AAD;4;3_SEL;3_SELA;2024-12-05 00:00:00.000;1;5,9667;4,3167;4,3167
KA24.000269-055;150;300;2;NULL;NULL;206AAD;2;4_AOI;4_AOI_SIDEB;2024-12-05 00:00:00.000;2;1,4167;1,25;1,2333
KA24.000269-055;150;300;2;NULL;NULL;206AAD;APT-1600FD FP-MACHINE;5_FPT;5_FPT_BASIC;2024-12-05 00:00:00.000;3;0,8333;0,7333;0,75
KA24.000269-056;301;6020;20;NULL;NULL;0069CF;APT-1600FD FP-MACHINE2;5_FPT;5_FPT_PREMIUM;2024-11-25 00:00:00.000;1;1,35;1,3167;1,3333
KA24.000269-057;300;6000;20;NULL;NULL;0069CF;2;4_AOI;4_AOI_SIDEA;2024-11-25 00:00:00.000;1;0,4833;0,4167;0,3833
KA24.000269-057;300;6000;20;NULL;NULL;0069CF;APT-1600FD FP-MACHINE2;5_FPT;5_FPT_PREMIUM;2024-11-25 00:00:00.000;2;1,3333;1,3167;1,3333
KA24.000269-058;300;6000;20;NULL;NULL;0069CF;2;4_AOI;4_AOI_SIDEA;2024-11-25 00:00:00.000;1;0,4333;0,4;0,3833
KA24.000269-058;271;5420;20;NULL;NULL;0069CF;APT-1600FD FP-MACHINE2;5_FPT;5_FPT_PREMIUM;2024-11-25 00:00:00.000;2;1,35;1,3167;1,3333
KA24.000269-058;29;580;20;NULL;NULL;0069CF;APT-1600FD FP-MACHINE;5_FPT;5_FPT_PREMIUM;2024-11-25 00:00:00.000;3;1,7333;1,3833;1,4167
KA24.000269-059;150;300;2;NULL;NULL;206AAD;2;4_AOI;4_AOI_SIDEB;2024-12-12 00:00:00.000;1;1,3667;1,2167;1,2333
KA24.000269-059;150;300;2;4;80;206AAD;3;3_SEL;3_SELA;2024-12-12 00:00:00.000;2;2,75;2,3333;4,6667
KA24.000269-059;150;300;2;NULL;NULL;206AAD;APT-1600FD FP-MACHINE2;5_FPT;5_FPT_BASIC;2024-12-12 00:00:00.000;3;0,95;0,75;0,75
KA24.000269-060;150;300;2;NULL;NULL;206AAD;2;4_AOI;4_AOI_SIDEB;2025-01-08 00:00:00.000;1;1,3833;1,2667;1,2333
KA24.000269-060;150;300;2;NULL;NULL;206AAD;APT-1600FD FP-MACHINE3;5_FPT;5_FPT_BASIC;2025-01-08 00:00:00.000;2;0,9333;0,7333;0,75
KA24.000269-061;300;6000;20;NULL;NULL;0069CF;2;4_AOI;4_AOI_SIDEA;2024-12-10 00:00:00.000;1;0,5167;0,4333;0,3833
KA24.000269-061;170;3400;20;NULL;NULL;0069CF;APT-1600FD FP-MACHINE2;5_FPT;5_FPT_PREMIUM;2024-12-10 00:00:00.000;2;1,45;1,3833;1,4167
KA24.000269-061;130;2600;20;NULL;NULL;0069CF;APT-1600FD FP-MACHINE;5_FPT;5_FPT_PREMIUM;2024-12-10 00:00:00.000;3;1,6;1,4;1,4167
KA24.000269-062;300;6000;20;NULL;NULL;0069CF;APT-1600FD FP-MACHINE3;5_FPT;5_FPT_PREMIUM;2024-12-18 00:00:00.000;1;1,4167;1,3833;1,4167
KA24.000269-062;300;6000;20;NULL;NULL;0069CF;2;4_AOI;4_AOI_SIDEA;2024-12-18 00:00:00.000;2;0,4667;0,4;0,3833
KA24.000269-063;10;600;60;NULL;NULL;0069FF;APT-1600FD FP-MACHINE3;5_FPT;5_FPT_PREMIUM;2025-01-23 00:00:00.000;1;5,1;4,6;4,25
KA24.000269-063;10;600;60;NULL;NULL;0069FF;2;4_AOI;4_AOI_SIDEA;2025-01-23 00:00:00.000;2;1,15;0,65;0,6167
KA24.000286-001;17;68;4;NULL;NULL;364B1B;2;4_AOI;4_AOI_SIDEB;2024-08-12 00:00:00.000;1;2,15;1,1;1,1
KA24.000286-001;16;64;4;NULL;NULL;364B1B;APT-1600FD FP-MACHINE2;5_FPT;5_FPT_BASIC;2024-08-12 00:00:00.000;3;14,0667;12,2;14,9
KA24.000292-001;63;504;8;NULL;NULL;69181D;APT-1600FD FP-MACHINE;5_FPT;5_FPT_BASIC;2024-08-22 00:00:00.000;1;5,85;5,05;4,8333
KA24.000299-005;30;120;4;NULL;NULL;62851B;2;4_AOI;4_AOI_SMT;2024-08-06 00:00:00.000;1;0,7667;0,5667;0,4
KA24.000299-005;30;120;4;NULL;NULL;62851B;2;4_AOI;4_AOI_SIDEB;2024-08-06 00:00:00.000;2;1,8;1,5;0,4
KA24.000299-005;30;120;4;NULL;NULL;62851B;APT-1600FD FP-MACHINE2;5_FPT;5_FPT_PREMIUM;2024-08-06 00:00:00.000;3;3,7833;2,45;2,1667
KA24.000299-006;30;120;4;NULL;NULL;62851B;2;4_AOI;4_AOI_SMT;2024-08-06 00:00:00.000;1;0,5833;0,4167;1,1833
KA24.000299-006;30;120;4;NULL;NULL;62851B;APT-1600FD FP-MACHINE;5_FPT;5_FPT_PREMIUM;2024-08-06 00:00:00.000;2;3,25;2,25;2,1
KA24.000299-006;30;120;4;NULL;NULL;62851B;2;4_AOI;4_AOI_SIDEB;2024-08-06 00:00:00.000;3;1,4833;1,3167;1,1833
KA24.000322-001;43;172;4;NULL;NULL;18741B;2;4_AOI;4_AOI_THT;2024-08-23 00:00:00.000;1;2,0667;1,65;1,5167
KA24.000322-001;43;172;4;NULL;NULL;18741B;APT-1600FD FP-MACHINE2;5_FPT;5_FPT_BASIC;2024-08-23 00:00:00.000;2;4,2;2,6833;2,5833
KA24.000343-001;154;308;2;NULL;NULL;006D1A;2;4_AOI;4_AOI_SIDEB;2024-08-26 00:00:00.000;1;1,6833;1,4;1,35
KA24.000343-001;10;50;5;NULL;NULL;128P1A;2;4_AOI;4_AOI_SMT;2024-08-26 00:00:00.000;2;1,0333;0,5333;1,35
KA24.000343-001;10;50;5;NULL;NULL;128P1A;2;4_AOI;4_AOI_SIDEB;2024-08-26 00:00:00.000;4;1,8333;1,5333;1,35
KA24.000343-001;10;50;5;NULL;NULL;128P1A;APT-1600FD FP-MACHINE3;5_FPT;5_FPT_PREMIUM;2024-08-26 00:00:00.000;5;3,25;2,75;4,5
KA24.000343-001;37;74;2;NULL;NULL;006D1A;APT-1600FD FP-MACHINE;5_FPT;5_FPT_PREMIUM;2024-08-26 00:00:00.000;6;7,3667;5,8833;5,9833
KA24.000343-001;97;194;2;NULL;NULL;006D1A;APT-1600FD FP-MACHINE2;5_FPT;5_FPT_PREMIUM;2024-08-26 00:00:00.000;7;7,2167;5,5167;6
KA24.000368-001;60;120;2;NULL;NULL;17611B;2;4_AOI;4_AOI_SIDEA;2024-08-13 00:00:00.000;1;0,6667;0,4167;0,4
KA24.000368-001;60;120;2;NULL;NULL;17611B;APT-1600FD FP-MACHINE3;5_FPT;5_FPT_PREMIUM;2024-08-13 00:00:00.000;2;1,1333;0,8833;0,5
KA24.000378-001;25;100;4;NULL;NULL;62811A;2;4_AOI;4_AOI_SIDEB;2024-08-22 00:00:00.000;1;1,9;1,4333;1,4333
KA24.000378-001;19;76;4;NULL;NULL;62811A;APT-1600FD FP-MACHINE2;5_FPT;5_FPT_BASIC;2024-08-22 00:00:00.000;2;2,9333;2,15;1,75
KA24.000379-002;329;658;2;4;165;206I1G;3;3_SEL;3_SELA;2024-09-18 00:00:00.000;1;1,85;1,4833;2,9667
KA24.000379-002;375;750;2;NULL;NULL;206I1G;2;4_AOI;4_AOI_SIDEB;2024-09-18 00:00:00.000;2;1,25;1,1333;1,1167
KA24.000379-002;364;728;2;NULL;NULL;206I1G;APT-1600FD FP-MACHINE3;5_FPT;5_FPT_PREMIUM;2024-09-18 00:00:00.000;3;7,5167;6,9333;6,85
KA24.000380-001;256;512;2;NULL;NULL;206M1E;2;4_AOI;4_AOI_SIDEB;2024-09-24 00:00:00.000;1;1,1333;1,0833;1,05
KA24.000380-001;88;176;2;NULL;NULL;206M1E;APT-1600FD FP-MACHINE;5_FPT;5_FPT_PREMIUM;2024-09-24 00:00:00.000;2;5,4;4,9;4,7667
KA24.000380-001;168;336;2;NULL;NULL;206M1E;APT-1600FD FP-MACHINE2;5_FPT;5_FPT_PREMIUM;2024-09-24 00:00:00.000;3;4,6;4,0667;4,8333
KA24.000386-001;10;100;10;NULL;NULL;487F1A;2;4_AOI;4_AOI_SIDEA;2025-01-20 00:00:00.000;1;0,9;0,4;0,4
KA24.000386-001;10;100;10;NULL;NULL;487F1A;APT-1600FD FP-MACHINE;5_FPT;5_FPT_BASIC;2025-01-20 00:00:00.000;2;2,0667;1,0667;1,0833
KA24.000387-002;34;204;6;NULL;NULL;49421A;2;4_AOI;4_AOI_SIDEB;2024-09-04 00:00:00.000;1;1,8;1,5;1,45
KA24.000391-001;16;64;4;NULL;NULL;628A1A;2;4_AOI;4_AOI_SIDEB;2024-08-30 00:00:00.000;1;1,7;0,9333;0,8833
KA24.000398-001;25;50;2;NULL;NULL;25921B;APT-1600FD FP-MACHINE3;5_FPT;5_FPT_PREMIUM;2024-08-02 00:00:00.000;1;2,2167;1,2167;0,8333
KA24.000414-001;50;500;10;NULL;NULL;515G1C;2;4_AOI;4_AOI_SIDEB;2024-09-17 00:00:00.000;1;1,3667;1,0333;0,8333
KA24.000414-001;10;100;10;NULL;NULL;515G1C;APT-1600FD FP-MACHINE2;5_FPT;5_FPT_BASIC;2024-09-17 00:00:00.000;2;3,0167;2,5167;1,95
KA24.000414-001;48;480;10;NULL;NULL;515G1C;APT-1600FD FP-MACHINE3;5_FPT;5_FPT_BASIC;2024-09-17 00:00:00.000;3;1,9167;1,7167;1,5
KA24.000422-001;10;50;5;NULL;NULL;128P1A;2;4_AOI;4_AOI_SMT;2024-09-26 00:00:00.000;1;1,5;0,8333;0,4667
KA24.000422-001;11;55;5;NULL;NULL;128P1A;APT-1600FD FP-MACHINE;5_FPT;5_FPT_BASIC;2024-09-26 00:00:00.000;3;2,6167;1,25;1,2167
KA24.000440-001;30;300;10;NULL;NULL;5106AB;2;4_AOI;4_AOI_SIDEA;2024-09-27 00:00:00.000;1;2,0833;1,5;1,3833
KA24.000440-001;30;300;10;NULL;NULL;5106AB;APT-1600FD FP-MACHINE;5_FPT;5_FPT_BASIC;2024-09-27 00:00:00.000;2;1,6833;1,35;1,25
KA24.000441-001;105;210;2;NULL;NULL;006E1B;2;4_AOI;4_AOI_SIDEA;2024-11-11 00:00:00.000;1;1,2833;1,0167;0,8833
KA24.000441-001;100;200;2;NULL;NULL;006E1B;APT-1600FD FP-MACHINE2;5_FPT;5_FPT_BASIC;2024-11-11 00:00:00.000;2;0,95;0,5;0,4167
KA24.000441-002;100;200;2;NULL;NULL;006E1B;2;4_AOI;4_AOI_SIDEA;2024-12-02 00:00:00.000;2;1,0333;0,9333;0,8833
KA24.000441-002;100;200;2;NULL;NULL;006E1B;APT-1600FD FP-MACHINE;5_FPT;5_FPT_BASIC;2024-12-02 00:00:00.000;3;0,6;0,4;0,4167
KA24.000441-003;98;197;2;4;51;006E1B;3;3_SEL;3_SELA;2025-01-24 00:00:00.000;1;1,65;1,1333;2,25
KA24.000441-003;100;200;2;NULL;NULL;006E1B;2;4_AOI;4_AOI_SIDEA;2025-01-24 00:00:00.000;2;1,1333;0,9333;0,8833
KA24.000441-003;100;200;2;NULL;NULL;006E1B;APT-1600FD FP-MACHINE2;5_FPT;5_FPT_BASIC;2025-01-24 00:00:00.000;3;0,75;0,45;0,4167
KA24.000441-004;44;88;2;4;54;006E1B;3;3_SEL;3_SELA;2025-04-07 00:00:00.000;1;2,5833;1,6667;2,8667
KA24.000441-004;100;200;2;NULL;NULL;006E1B;2;4_AOI;4_AOI_SIDEB;2025-04-07 00:00:00.000;2;1,1833;0,9167;0,9167
KA24.000441-004;64;128;2;2;68;006E1B;4;3_SEL;3_SELA;2025-04-07 00:00:00.000;3;2,9667;2,1;2,1
KA24.000441-004;100;200;2;NULL;NULL;006E1B;APT-1600FD FP-MACHINE2;5_FPT;5_FPT_BASIC;2025-04-07 00:00:00.000;4;0,6167;0,4167;0,4167
KA24.000441-005;100;200;2;NULL;NULL;006E1B;2;4_AOI;4_AOI_SIDEB;2025-07-18 00:00:00.000;1;0,9667;0,9167;0,9
KA24.000441-005;100;200;2;NULL;NULL;006E1B;APT-1600FD FP-MACHINE2;5_FPT;5_FPT_BASIC;2025-07-18 00:00:00.000;2;0,7167;0,5167;0,4167
KA24.000448-003;67;268;4;NULL;NULL;62851B;2;4_AOI;4_AOI_SMT;2024-12-12 00:00:00.000;1;0,6333;0,55;1,25
KA24.000448-003;54;218;4;8;34;62851B;3;3_SEL;3_SELA;2024-12-12 00:00:00.000;2;5,2833;4,35;7,0167
KA24.000448-003;67;268;4;NULL;NULL;62851B;2;4_AOI;4_AOI_SIDEB;2024-12-12 00:00:00.000;3;1,4667;1,3167;1,25
KA24.000448-003;67;268;4;NULL;NULL;62851B;APT-1600FD FP-MACHINE2;5_FPT;5_FPT_BASIC;2024-12-12 00:00:00.000;4;2,2;1,45;1,25
KA24.000451-001;20;100;5;NULL;NULL;11581B;2;4_AOI;4_AOI_SIDEA;2024-10-17 00:00:00.000;1;1,2667;1,05;0,8667
KA24.000451-001;20;100;5;NULL;NULL;11581B;APT-1600FD FP-MACHINE2;5_FPT;5_FPT_BASIC;2024-10-17 00:00:00.000;2;1,7833;1,2833;1,2667
KA24.000460-001;34;102;3;3;37;10011G;3;3_SEL;3_SELA;2024-10-25 00:00:00.000;1;6,4167;4,6167;4,6167
KA24.000460-001;34;102;3;NULL;NULL;10011G;2;4_AOI;4_AOI_SIDEB;2024-10-25 00:00:00.000;2;1,2833;0,7667;0,8
KA24.000460-001;34;102;3;NULL;NULL;10011G;2;4_AOI;4_AOI_SIDEA;2024-10-25 00:00:00.000;3;0,8333;0,8333;0,8
KA24.000460-001;34;102;3;NULL;NULL;10011G;APT-1600FD FP-MACHINE2;5_FPT;5_FPT_BASIC;2024-10-25 00:00:00.000;4;3;1,9667;1,8333
KA24.000473-001;52;104;2;NULL;NULL;11421D;2;4_AOI;4_AOI_SIDEA;2024-10-02 00:00:00.000;1;1,2;0,8667;0,8
KA24.000473-001;50;100;2;NULL;NULL;11421D;APT-1600FD FP-MACHINE2;5_FPT;5_FPT_PREMIUM;2024-10-02 00:00:00.000;2;2,9333;2,1333;1,8333
KA24.000477-001;75;375;5;NULL;NULL;12881B;2;4_AOI;4_AOI_SMT;2025-04-22 00:00:00.000;1;0,8833;0,7333;1,1333
KA24.000477-001;75;375;5;NULL;NULL;12881B;2;4_AOI;4_AOI_THT;2025-04-22 00:00:00.000;3;1,8667;1,65;1,1333
KA24.000477-001;75;375;5;NULL;NULL;12881B;APT-1600FD FP-MACHINE;5_FPT;5_FPT_BASIC;2025-04-22 00:00:00.000;4;3,6333;2,7;2,25
KA24.000489-010;250;500;2;NULL;NULL;006IBC;2;4_AOI;4_AOI_SIDEA;2024-08-28 00:00:00.000;1;0,5333;0,5;0,4833
KA24.000489-010;250;500;2;NULL;NULL;006IBC;2;4_AOI;4_AOI_SIDEB;2024-08-28 00:00:00.000;2;0,7167;0,55;0,4833
KA24.000489-010;252;504;2;NULL;NULL;006IBC;APT-1600FD FP-MACHINE;5_FPT;5_FPT_PREMIUM;2024-08-28 00:00:00.000;3;5,7333;5,6;5,6
KA24.000492-001;49;490;10;NULL;NULL;291W1B;2;4_AOI;4_AOI_SIDEA;2024-09-24 00:00:00.000;1;0,7333;0,5333;0,4833
KA24.000492-001;49;490;10;NULL;NULL;291W1B;APT-1600FD FP-MACHINE;5_FPT;5_FPT_BASIC;2024-09-24 00:00:00.000;2;1,9833;1,6667;1,5
KA24.000503-001;8;40;5;5;13;074N1C;4;3_SEL;3_SELA;2024-11-04 00:00:00.000;1;3,5667;2,15;2,15
KA24.000510-002;70;70;1;NULL;NULL;54511C;2;4_AOI;4_AOI_SIDEA;2024-10-07 00:00:00.000;1;0,4167;0,4167;0,35
KA24.000510-002;70;70;1;NULL;NULL;54511C;APT-1600FD FP-MACHINE2;5_FPT;5_FPT_BASIC;2024-10-07 00:00:00.000;2;0,45;0,3;0,3333
KA24.000513-002;245;980;4;NULL;NULL;14741C;2;4_AOI;4_AOI_SIDEB;2024-10-30 00:00:00.000;1;1,2333;1,1167;1,0833
KA24.000513-002;245;980;4;NULL;NULL;14741C;APT-1600FD FP-MACHINE2;5_FPT;5_FPT_BASIC;2024-10-30 00:00:00.000;2;2,4333;1,7667;1,5833
KA24.000514-001;25;100;4;NULL;NULL;62811A;2;4_AOI;4_AOI_SMT;2024-10-15 00:00:00.000;1;1,1833;0,6167;1,4167
KA24.000514-001;25;100;4;NULL;NULL;62811A;2;4_AOI;4_AOI_SIDEB;2024-10-15 00:00:00.000;2;2,0667;1,7;1,4167
KA24.000514-001;25;100;4;NULL;NULL;62811A;APT-1600FD FP-MACHINE;5_FPT;5_FPT_BASIC;2024-10-15 00:00:00.000;4;2,3667;1,7667;1,75
KA24.000516-001;10;50;5;NULL;NULL;128P1A;2;4_AOI;4_AOI_SMT;2024-11-27 00:00:00.000;1;2,5333;1,1;1,25
KA24.000516-001;10;50;5;5;10;128P1A;4;3_SEL;3_SELA;2024-11-27 00:00:00.000;2;12,2333;8,3667;8,3667
KA24.000516-001;10;50;5;NULL;NULL;128P1A;2;4_AOI;4_AOI_SIDEB;2024-11-27 00:00:00.000;3;2,1667;1,25;1,25
KA24.000516-001;10;50;5;NULL;NULL;128P1A;APT-1600FD FP-MACHINE2;5_FPT;5_FPT_BASIC;2024-11-27 00:00:00.000;4;1,75;1,25;1,25
KA24.000517-001;50;50;1;NULL;NULL;2066AC;2;4_AOI;4_AOI_SIDEB;2024-10-23 00:00:00.000;2;1,0167;0,8333;0,7833
KA24.000517-001;50;50;1;NULL;NULL;2066AC;APT-1600FD FP-MACHINE2;5_FPT;5_FPT_PREMIUM;2024-10-23 00:00:00.000;3;2,1833;1,5833;1,25
KA24.000520-001;25;250;10;NULL;NULL;55911A;2;4_AOI;4_AOI_SIDEA;2024-11-26 00:00:00.000;1;0,5833;0,3833;0,3833
KA24.000520-001;25;250;10;NULL;NULL;55911A;APT-1600FD FP-MACHINE3;5_FPT;5_FPT_BASIC;2024-11-26 00:00:00.000;2;0,9333;0,7333;0,5
KA24.000522-001;10;50;5;NULL;NULL;074F1A;APT-1600FD FP-MACHINE3;5_FPT;5_FPT_BASIC;2025-01-13 00:00:00.000;2;1,3333;0,3333;0,3333
KA24.000522-001;10;50;5;NULL;NULL;074F1A;2;4_AOI;4_AOI_SIDEA;2025-01-13 00:00:00.000;3;1,6833;0,85;0,85
KA24.000525-003;15;30;2;2;15;52951A;3;3_SEL;3_SELA;2024-12-13 00:00:00.000;1;3,2667;1,8167;1,8167
KA24.000525-005;15;30;2;2;16;5295AA;3;3_SEL;3_SELA;2024-12-16 00:00:00.000;1;4,6333;4,35;4,35
KA24.000525-006;16;32;2;2;16;52971A;3;3_SEL;3_SELA;2024-11-15 00:00:00.000;2;6,75;5,6167;5,6167
KA24.000525-007;32;64;2;NULL;NULL;52971A;2;4_AOI;4_AOI_SMT;2024-12-10 00:00:00.000;1;0,8167;0,65;0,8667
KA24.000525-007;32;64;2;NULL;NULL;52971A;2;4_AOI;4_AOI_SIDEB;2024-12-10 00:00:00.000;2;1,3333;0,8667;0,8667
KA24.000525-007;32;64;2;2;33;52971A;3;3_SEL;3_SELA;2024-12-10 00:00:00.000;3;4,7333;3,8833;3,8833
KA24.000525-007;32;64;2;NULL;NULL;52971A;APT-1600FD FP-MACHINE;5_FPT;5_FPT_BASIC;2024-12-10 00:00:00.000;4;1,2833;0,9833;0,85
KA24.000526-001;25;50;2;NULL;NULL;266E1A;2;4_AOI;4_AOI_SIDEB;2024-10-22 00:00:00.000;1;1,8667;1,3;1,2333
KA24.000526-001;25;50;2;NULL;NULL;266E1A;APT-1600FD FP-MACHINE2;5_FPT;5_FPT_PREMIUM;2024-10-22 00:00:00.000;2;7,05;5,05;4,8
KA24.000533-001;40;200;5;NULL;NULL;913A1B;2;4_AOI;4_AOI_SIDEA;2025-02-12 00:00:00.000;1;1,3333;1;0,8333
KA24.000533-001;38;190;5;NULL;NULL;913A1B;APT-1600FD FP-MACHINE3;5_FPT;5_FPT_PREMIUM;2025-02-12 00:00:00.000;2;10,7333;9,55;9,25
KA24.000544-001;249;498;2;NULL;NULL;00671I;2;4_AOI;4_AOI_SIDEA;2025-04-09 00:00:00.000;1;0,4667;0,4;0,4
KA24.000544-001;244;488;2;NULL;NULL;00671I;10;2_ODD;2_ODDA;2025-04-09 00:00:00.000;2;2,6;2,3;2,0167
KA24.000544-001;249;498;2;NULL;NULL;00671I;2;4_AOI;4_AOI_SIDEB;2025-04-09 00:00:00.000;5;0,6667;0,45;0,4
KA24.000544-001;249;498;2;NULL;NULL;00671I;APT-1600FD FP-MACHINE;5_FPT;5_FPT_BASIC;2025-04-09 00:00:00.000;6;1,3333;1,1333;1,0833
KA24.000544-002;250;500;2;NULL;NULL;00671I;2;4_AOI;4_AOI_SIDEA;2025-04-10 00:00:00.000;1;0,5;0,4333;0,4
KA24.000544-002;250;500;2;NULL;NULL;00671I;10;2_ODD;2_ODDA;2025-04-10 00:00:00.000;2;1,9667;1,9167;1,8
KA24.000544-002;246;492;2;NULL;NULL;00671I;APT-1600FD FP-MACHINE;5_FPT;5_FPT_BASIC;2025-04-10 00:00:00.000;4;1,4;1,15;1,0833
KA24.000544-002;250;500;2;NULL;NULL;00671I;2;4_AOI;4_AOI_SIDEB;2025-04-10 00:00:00.000;5;0,65;0,4167;0,4
KA24.000544-003;250;500;2;NULL;NULL;00671I;2;4_AOI;4_AOI_SIDEA;2025-04-10 00:00:00.000;1;0,4833;0,4;0,3833
KA24.000544-003;250;500;2;NULL;NULL;00671I;10;2_ODD;2_ODDA;2025-04-10 00:00:00.000;2;2,0667;1,9667;1,8
KA24.000544-003;249;498;2;NULL;NULL;00671I;2;4_AOI;4_AOI_SIDEB;2025-04-10 00:00:00.000;4;0,5833;0,4333;0,3833
KA24.000544-003;249;498;2;NULL;NULL;00671I;APT-1600FD FP-MACHINE2;5_FPT;5_FPT_BASIC;2025-04-10 00:00:00.000;5;1,2667;1,0833;1,0833
KA24.000544-004;250;500;2;NULL;NULL;00671I;2;4_AOI;4_AOI_SIDEA;2025-04-11 00:00:00.000;1;0,5;0,4167;0,3833
KA24.000544-004;250;500;2;NULL;NULL;00671I;10;2_ODD;2_ODDA;2025-04-11 00:00:00.000;2;2,15;1,9833;1,8167
KA24.000544-004;250;500;2;2;283;00671I;4;3_SEL;3_SELA;2025-04-11 00:00:00.000;3;2,8833;1,7833;1,7833
KA24.000544-004;250;500;2;NULL;NULL;00671I;2;4_AOI;4_AOI_SIDEB;2025-04-11 00:00:00.000;4;0,4667;0,45;0,3833
KA24.000544-004;250;500;2;NULL;NULL;00671I;APT-1600FD FP-MACHINE3;5_FPT;5_FPT_BASIC;2025-04-11 00:00:00.000;5;1,4333;1,2167;1,0833
KA24.000544-005;252;504;2;NULL;NULL;00671I;2;4_AOI;4_AOI_SIDEA;2025-08-01 00:00:00.000;1;0,5;0,45;0,4333
KA24.000544-005;251;502;2;NULL;NULL;00671I;10;2_ODD;2_ODDA;2025-08-01 00:00:00.000;2;2,4667;2;1,6833
KA24.000544-005;252;504;2;NULL;NULL;00671I;2;4_AOI;4_AOI_SIDEB;2025-08-01 00:00:00.000;3;0,6167;0,45;0,4333
KA24.000544-005;252;504;2;NULL;NULL;00671I;APT-1600FD FP-MACHINE3;5_FPT;5_FPT_BASIC;2025-08-01 00:00:00.000;4;1,2667;1,15;1,0833
KA24.000544-006;252;504;2;NULL;NULL;00671I;2;4_AOI;4_AOI_SIDEA;2025-08-04 00:00:00.000;1;0,55;0,4333;0,4333
KA24.000544-006;252;504;2;NULL;NULL;00671I;10;2_ODD;2_ODDA;2025-08-04 00:00:00.000;2;2,6667;2,05;1,7667
KA24.000544-006;252;504;2;NULL;NULL;00671I;2;4_AOI;4_AOI_SIDEB;2025-08-04 00:00:00.000;3;0,65;0,45;0,4333
KA24.000544-006;224;448;2;NULL;NULL;00671I;APT-1600FD FP-MACHINE3;5_FPT;5_FPT_BASIC;2025-08-04 00:00:00.000;4;1,3;1,1667;1,1
KA24.000544-006;64;128;2;4;32;00671I;3;3_SEL;3_SELA;2025-08-04 00:00:00.000;5;1,8167;1,3667;2,75
KA24.000544-006;28;56;2;NULL;NULL;00671I;APT-1600FD FP-MACHINE2;5_FPT;5_FPT_BASIC;2025-08-04 00:00:00.000;6;1,2667;1,0833;1,0833
KA24.000544-007;252;504;2;NULL;NULL;00671I;2;4_AOI;4_AOI_SIDEA;2025-10-03 00:00:00.000;1;0,45;0,3833;0,3833
KA24.000544-007;252;504;2;NULL;NULL;00671I;10;2_ODD;2_ODDA;2025-10-03 00:00:00.000;2;1,7333;1,6333;1,5
KA24.000544-007;252;504;2;NULL;NULL;00671I;2;4_AOI;4_AOI_SIDEB;2025-10-03 00:00:00.000;3;0,6333;0,4;0,3833
KA24.000544-007;212;424;2;4;107;00671I;3;3_SEL;3_SELA;2025-10-03 00:00:00.000;4;1,95;1,4167;2,85
KA24.000544-007;132;264;2;NULL;NULL;00671I;APT-1600FD FP-MACHINE3;5_FPT;5_FPT_BASIC;2025-10-03 00:00:00.000;5;1,2667;1,1167;1,1
KA24.000544-007;120;240;2;NULL;NULL;00671I;APT-1600FD FP-MACHINE2;5_FPT;5_FPT_BASIC;2025-10-03 00:00:00.000;6;1,1333;1,1;1,0833
KA24.000544-008;247;494;2;NULL;NULL;00671I;2;4_AOI;4_AOI_SIDEA;2025-10-03 00:00:00.000;1;0,45;0,3833;0,4
KA24.000544-008;247;494;2;NULL;NULL;00671I;10;2_ODD;2_ODDA;2025-10-03 00:00:00.000;2;1,3167;1,2833;1,1667
KA24.000544-008;247;494;2;NULL;NULL;00671I;2;4_AOI;4_AOI_SIDEB;2025-10-03 00:00:00.000;3;0,5667;0,4333;0,4
KA24.000544-008;216;433;2;4;110;00671I;3;3_SEL;3_SELA;2025-10-03 00:00:00.000;4;1,7;1,3667;2,75
KA24.000544-008;217;434;2;NULL;NULL;00671I;APT-1600FD FP-MACHINE2;5_FPT;5_FPT_BASIC;2025-10-03 00:00:00.000;5;1,2667;1,1;1,0833
KA24.000544-008;30;60;2;NULL;NULL;00671I;APT-1600FD FP-MACHINE3;5_FPT;5_FPT_BASIC;2025-10-03 00:00:00.000;6;1,5333;1,2;1,1
KA24.000544-008;30;60;2;2;30;00671I;4;3_SEL;3_SELA;2025-10-03 00:00:00.000;7;7,8;7,3833;7,3833
KA24.000544-008;30;60;2;NULL;NULL;00671I;9;6_DEP;6_DEP;2025-10-03 00:00:00.000;8;1,3;0,9667;0,5833
KA24.000544-009;250;500;2;NULL;NULL;00671I;8;1_SMT;1_SMTA;2025-09-17 00:00:00.000;1;0,6333;0,55;0,4333
KA24.000544-009;252;504;2;NULL;NULL;00671I;2;4_AOI;4_AOI_SIDEA;2025-09-17 00:00:00.000;2;0,4333;0,3667;0,3833
KA24.000544-009;252;504;2;NULL;NULL;00671I;10;2_ODD;2_ODDA;2025-09-17 00:00:00.000;3;2,15;1,75;1,55
KA24.000544-009;249;499;2;4;134;00671I;3;3_SEL;3_SELA;2025-09-17 00:00:00.000;4;1,7167;1,3667;2,75
KA24.000544-009;252;504;2;NULL;NULL;00671I;2;4_AOI;4_AOI_SIDEB;2025-09-17 00:00:00.000;5;0,5333;0,5;0,3833
KA24.000544-009;252;504;2;NULL;NULL;00671I;APT-1600FD FP-MACHINE;5_FPT;5_FPT_BASIC;2025-09-17 00:00:00.000;6;1,3667;1,15;1,0833
KA24.000544-010;67;134;2;NULL;NULL;00671I;8;1_SMT;1_SMTA;2025-09-17 00:00:00.000;1;1,05;0,75;0,4667
KA24.000544-010;219;438;2;NULL;NULL;00671I;2;4_AOI;4_AOI_SIDEA;2025-09-17 00:00:00.000;2;0,45;0,4;0,3833
KA24.000544-010;219;438;2;NULL;NULL;00671I;10;2_ODD;2_ODDA;2025-09-17 00:00:00.000;3;2,3;1,95;1,6167
KA24.000544-010;212;424;2;4;112;00671I;3;3_SEL;3_SELA;2025-09-17 00:00:00.000;4;1,6167;1,4;2,75
KA24.000544-010;219;438;2;NULL;NULL;00671I;2;4_AOI;4_AOI_SIDEB;2025-09-17 00:00:00.000;5;0,5333;0,4167;0,3833
KA24.000544-010;219;438;2;NULL;NULL;00671I;APT-1600FD FP-MACHINE;5_FPT;5_FPT_BASIC;2025-09-17 00:00:00.000;6;1,2833;1,2;1,0833
KA24.000544-011;83;4980;60;NULL;NULL;0069FF;APT-1600FD FP-MACHINE2;5_FPT;5_FPT_PREMIUM;2025-04-04 00:00:00.000;1;4,1333;3,7667;3,6833
KA24.000544-011;83;4980;60;NULL;NULL;0069FF;2;4_AOI;4_AOI_SIDEA;2025-04-04 00:00:00.000;2;0,6833;0,6;0,6
KA24.000544-012;82;4920;60;NULL;NULL;0069FF;APT-1600FD FP-MACHINE2;5_FPT;5_FPT_PREMIUM;2025-04-08 00:00:00.000;1;3,8667;3,7333;3,6833
KA24.000544-012;82;4920;60;NULL;NULL;0069FF;2;4_AOI;4_AOI_SIDEA;2025-04-08 00:00:00.000;2;0,9167;0,7333;0,7167
KA24.000544-013;27;1620;60;NULL;NULL;0069FF;APT-1600FD FP-MACHINE3;5_FPT;5_FPT_PREMIUM;2025-04-09 00:00:00.000;1;4,1833;3,8167;3,6833
KA24.000544-013;84;5040;60;NULL;NULL;0069FF;2;4_AOI;4_AOI_SIDEA;2025-04-09 00:00:00.000;2;0,9833;0,9167;0,9167
KA24.000544-013;57;3420;60;NULL;NULL;0069FF;APT-1600FD FP-MACHINE2;5_FPT;5_FPT_PREMIUM;2025-04-09 00:00:00.000;3;3,9;3,7167;3,6833
KA24.000544-014;84;5040;60;NULL;NULL;0069FF;2;4_AOI;4_AOI_SIDEA;2025-04-09 00:00:00.000;1;0,9833;0,9167;0,9167
KA24.000544-014;84;5040;60;NULL;NULL;0069FF;APT-1600FD FP-MACHINE3;5_FPT;5_FPT_PREMIUM;2025-04-09 00:00:00.000;2;3,9333;3,7;3,6833
KA24.000544-015;84;5040;60;NULL;NULL;0069FF;2;4_AOI;4_AOI_SIDEA;2025-08-01 00:00:00.000;1;0,75;0,75;0,7167
KA24.000544-015;84;5040;60;NULL;NULL;0069FF;APT-1600FD FP-MACHINE3;5_FPT;5_FPT_PREMIUM;2025-08-01 00:00:00.000;2;4,0833;3,9667;4,0833
KA24.000544-016;84;5040;60;NULL;NULL;0069FF;2;4_AOI;4_AOI_SIDEA;2025-07-31 00:00:00.000;1;0,8;0,6333;0,6333
KA24.000544-016;84;5040;60;NULL;NULL;0069FF;APT-1600FD FP-MACHINE2;5_FPT;5_FPT_PREMIUM;2025-07-31 00:00:00.000;2;3,9667;3,8;4
KA24.000544-017;20;1200;60;NULL;NULL;0069FF;2;4_AOI;4_AOI_SIDEA;2025-10-02 00:00:00.000;1;0,8167;0,6833;0,6
KA24.000544-017;20;1200;60;NULL;NULL;0069FF;APT-1600FD FP-MACHINE;5_FPT;5_FPT_PREMIUM;2025-10-02 00:00:00.000;2;4,0833;4,0833;4,0167
KA24.000544-018;147;8820;60;NULL;NULL;0069FF;2;4_AOI;4_AOI_SIDEA;2025-10-02 00:00:00.000;1;0,7;0,6333;0,6
KA24.000544-018;83;4980;60;NULL;NULL;0069FF;APT-1600FD FP-MACHINE2;5_FPT;5_FPT_PREMIUM;2025-10-02 00:00:00.000;2;4,15;4,0333;4
KA24.000544-018;64;3840;60;NULL;NULL;0069FF;APT-1600FD FP-MACHINE;5_FPT;5_FPT_PREMIUM;2025-10-02 00:00:00.000;3;4,1833;4,0167;4
KA24.000544-019;84;5040;60;NULL;NULL;0069FF;APT-1600FD FP-MACHINE;5_FPT;5_FPT_PREMIUM;2025-09-15 00:00:00.000;1;4,1333;3,95;4
KA24.000544-019;84;5040;60;NULL;NULL;0069FF;2;4_AOI;4_AOI_SIDEA;2025-09-15 00:00:00.000;2;0,6667;0,6167;0,6167
KA24.000544-020;58;3480;60;NULL;NULL;0069FF;APT-1600FD FP-MACHINE2;5_FPT;5_FPT_PREMIUM;2025-09-15 00:00:00.000;1;4,15;3,9833;4
KA24.000544-020;73;4380;60;NULL;NULL;0069FF;2;4_AOI;4_AOI_SIDEA;2025-09-15 00:00:00.000;2;0,8167;0,75;0,75
KA24.000544-020;15;900;60;NULL;NULL;0069FF;APT-1600FD FP-MACHINE;5_FPT;5_FPT_PREMIUM;2025-09-15 00:00:00.000;3;4,3;3,9667;4
KA24.000546-002;13;65;5;NULL;NULL;448G1B;APT-1600FD FP-MACHINE3;5_FPT;5_FPT_BASIC;2025-02-11 00:00:00.000;2;1,3167;0,9333;0,8333
KA24.000546-002;13;65;5;NULL;NULL;448G1B;2;4_AOI;4_AOI_SIDEB;2025-02-11 00:00:00.000;3;1,2;0,7667;0,75
KA24.000548-001;145;290;2;2;145;206A1D;4;3_SEL;3_SELA;2025-01-28 00:00:00.000;1;5,4667;3,5;3,5
KA24.000548-001;149;298;2;NULL;NULL;206A1D;2;4_AOI;4_AOI_SIDEB;2025-01-28 00:00:00.000;2;1,6833;1,5167;1,4667
KA24.000548-001;149;298;2;NULL;NULL;206A1D;APT-1600FD FP-MACHINE2;5_FPT;5_FPT_BASIC;2025-01-28 00:00:00.000;3;1,3333;0,8333;0,8333
KA24.000548-002;150;300;2;2;150;206A1D;4;3_SEL;3_SELA;2025-02-20 00:00:00.000;1;4,4333;3,35;3,35
KA24.000548-002;150;300;2;NULL;NULL;206A1D;APT-1600FD FP-MACHINE2;5_FPT;5_FPT_BASIC;2025-02-20 00:00:00.000;2;0,9833;0,8167;0,75
KA24.000548-002;150;300;2;NULL;NULL;206A1D;2;4_AOI;4_AOI_SIDEB;2025-02-20 00:00:00.000;3;1,45;1,2833;1,25
KA24.000548-003;66;132;2;4;34;206A1D;3;3_SEL;3_SELA;2025-02-18 00:00:00.000;1;3,0667;2,6167;5,2333
KA24.000548-003;150;300;2;NULL;NULL;206A1D;2;4_AOI;4_AOI_SIDEB;2025-02-18 00:00:00.000;2;1,45;1,3;1,25
KA24.000548-003;86;172;2;2;86;206A1D;4;3_SEL;3_SELA;2025-02-18 00:00:00.000;3;4,6333;3,3667;3,3667
KA24.000548-003;150;300;2;NULL;NULL;206A1D;APT-1600FD FP-MACHINE2;5_FPT;5_FPT_BASIC;2025-02-18 00:00:00.000;4;1,0667;0,8333;0,75
KA24.000548-009;150;300;2;NULL;NULL;206A1D;10;2_ODD;2_ODDA;2025-10-03 00:00:00.000;1;2,7833;2,5167;2,2
KA24.000548-009;144;288;2;4;74;206A1D;3;3_SEL;3_SELA;2025-10-03 00:00:00.000;2;2,3667;1,7667;3,55
KA24.000548-009;150;300;2;NULL;NULL;206A1D;2;4_AOI;4_AOI_SIDEB;2025-10-03 00:00:00.000;3;1,3;1,2333;1,2167
KA24.000548-009;150;300;2;NULL;NULL;206A1D;APT-1600FD FP-MACHINE;5_FPT;5_FPT_BASIC;2025-10-03 00:00:00.000;4;1,0333;0,8;0,75
KA24.000548-010;150;300;2;NULL;NULL;206A1D;10;2_ODD;2_ODDA;2025-10-06 00:00:00.000;1;2,5333;2,3333;2,1833
KA24.000548-010;150;300;2;4;76;206A1D;3;3_SEL;3_SELA;2025-10-06 00:00:00.000;2;2,4667;1,8167;3,65
KA24.000548-010;150;300;2;NULL;NULL;206A1D;2;4_AOI;4_AOI_SIDEB;2025-10-06 00:00:00.000;3;1,3333;1,2;1,2167
KA24.000548-010;150;300;2;NULL;NULL;206A1D;APT-1600FD FP-MACHINE;5_FPT;5_FPT_BASIC;2025-10-06 00:00:00.000;4;0,9833;0,7833;0,75
KA24.000548-011;150;300;2;NULL;NULL;206A1D;10;2_ODD;2_ODDA;2025-10-07 00:00:00.000;1;2,55;2,35;2,1833
KA24.000548-011;150;300;2;NULL;NULL;206A1D;2;4_AOI;4_AOI_SIDEB;2025-10-07 00:00:00.000;2;1,4333;1,2;1,2167
KA24.000548-011;150;300;2;4;81;206A1D;3;3_SEL;3_SELA;2025-10-07 00:00:00.000;3;2,1833;1,6167;3,25
KA24.000548-011;150;300;2;NULL;NULL;206A1D;APT-1600FD FP-MACHINE3;5_FPT;5_FPT_BASIC;2025-10-07 00:00:00.000;4;0,9333;0,8;0,8333
KA24.000548-013;145;290;2;NULL;NULL;206A1D;10;2_ODD;2_ODDA;2025-04-04 00:00:00.000;1;2,4333;1,1833;1,1333
KA24.000548-013;42;84;2;2;42;206A1D;4;3_SEL;3_SELA;2025-04-04 00:00:00.000;2;7;4,8167;4,8167
KA24.000548-013;150;300;2;NULL;NULL;206A1D;2;4_AOI;4_AOI_SIDEB;2025-04-04 00:00:00.000;3;1,5333;1,3333;1,2667
KA24.000548-013;150;300;2;NULL;NULL;206A1D;APT-1600FD FP-MACHINE;5_FPT;5_FPT_BASIC;2025-04-04 00:00:00.000;4;1,0333;0,8333;0,7667
KA24.000548-013;108;216;2;4;60;206A1D;3;3_SEL;3_SELA;2025-04-04 00:00:00.000;5;4,4833;3,2333;6,4833
KA24.000548-014;118;236;2;4;61;206A1D;3;3_SEL;3_SELA;2025-04-08 00:00:00.000;1;4,0167;3,15;6,2667
KA24.000548-014;118;236;2;NULL;NULL;206A1D;2;4_AOI;4_AOI_SIDEB;2025-04-08 00:00:00.000;2;1,5167;1,4;1,25
KA24.000548-014;118;236;2;NULL;NULL;206A1D;APT-1600FD FP-MACHINE3;5_FPT;5_FPT_BASIC;2025-04-08 00:00:00.000;3;1,0333;0,9;0,8333
KA24.000548-015;146;292;2;NULL;NULL;206A1D;10;2_ODD;2_ODDA;2025-04-08 00:00:00.000;1;4,5333;3,95;3,45
KA24.000548-015;148;296;2;NULL;NULL;206A1D;APT-1600FD FP-MACHINE;5_FPT;5_FPT_BASIC;2025-04-08 00:00:00.000;2;1,0333;0,8333;0,75
KA24.000548-015;148;296;2;NULL;NULL;206A1D;2;4_AOI;4_AOI_SIDEB;2025-04-08 00:00:00.000;3;1,4333;1,3;1,2667
KA24.000548-015;148;296;2;4;79;206A1D;3;3_SEL;3_SELA;2025-04-08 00:00:00.000;4;2,6333;1,9833;3,9833
KA24.000548-016;151;302;2;NULL;NULL;206A1D;10;2_ODD;2_ODDA;2025-04-09 00:00:00.000;1;4,0333;3,5667;3,1667
KA24.000548-016;152;304;2;4;78;206A1D;3;3_SEL;3_SELA;2025-04-09 00:00:00.000;2;2,8167;1,75;3,5167
KA24.000548-016;152;304;2;NULL;NULL;206A1D;2;4_AOI;4_AOI_SIDEB;2025-04-09 00:00:00.000;3;1,4333;1,3;1,25
KA24.000548-016;153;306;2;NULL;NULL;206A1D;APT-1600FD FP-MACHINE;5_FPT;5_FPT_BASIC;2025-04-09 00:00:00.000;4;0,9833;0,7833;0,75
KA24.000548-017;150;300;2;NULL;NULL;206A1D;10;2_ODD;2_ODDA;2025-04-11 00:00:00.000;1;3,5333;3,1667;3
KA24.000548-017;122;244;2;4;61;206A1D;3;3_SEL;3_SELA;2025-04-11 00:00:00.000;2;3,0667;2,1833;4,3667
KA24.000548-017;150;300;2;NULL;NULL;206A1D;APT-1600FD FP-MACHINE2;5_FPT;5_FPT_BASIC;2025-04-11 00:00:00.000;3;1,05;0,85;0,8333
KA24.000548-017;150;300;2;NULL;NULL;206A1D;2;4_AOI;4_AOI_SIDEB;2025-04-11 00:00:00.000;4;1,5;1,3333;1,25
KA24.000548-017;28;56;2;2;34;206A1D;4;3_SEL;3_SELA;2025-04-11 00:00:00.000;5;5,6;3,35;3,35
KA24.000548-018;150;300;2;NULL;NULL;206A1D;10;2_ODD;2_ODDA;2025-04-15 00:00:00.000;1;3,6333;3,2333;3,05
KA24.000548-018;149;298;2;2;151;206A1D;4;3_SEL;3_SELA;2025-04-15 00:00:00.000;2;4,5833;3,3667;3,3667
KA24.000548-018;150;300;2;NULL;NULL;206A1D;2;4_AOI;4_AOI_SIDEB;2025-04-15 00:00:00.000;3;1,5833;1,3167;1,25
KA24.000548-018;150;300;2;NULL;NULL;206A1D;APT-1600FD FP-MACHINE2;5_FPT;5_FPT_BASIC;2025-04-15 00:00:00.000;4;1,0333;0,8667;0,8333
KA24.000548-019;148;296;2;NULL;NULL;206A1D;10;2_ODD;2_ODDA;2025-05-15 00:00:00.000;1;3,35;2,6333;2,3
KA24.000548-019;150;300;2;4;76;206A1D;3;3_SEL;3_SELA;2025-05-15 00:00:00.000;2;3,0833;2,4333;4,8333
KA24.000548-019;150;300;2;NULL;NULL;206A1D;2;4_AOI;4_AOI_SIDEB;2025-05-15 00:00:00.000;3;1,5667;1,3;1,25
KA24.000548-019;150;300;2;NULL;NULL;206A1D;APT-1600FD FP-MACHINE;5_FPT;5_FPT_BASIC;2025-05-15 00:00:00.000;4;0,85;0,7833;0,75
KA24.000548-020;150;300;2;NULL;NULL;206A1D;10;2_ODD;2_ODDA;2025-05-16 00:00:00.000;1;2,4167;2,35;2,2
KA24.000548-020;150;300;2;NULL;NULL;206A1D;2;4_AOI;4_AOI_SIDEB;2025-05-16 00:00:00.000;2;1,45;1,2833;1,25
KA24.000548-020;149;299;2;4;79;206A1D;3;3_SEL;3_SELA;2025-05-16 00:00:00.000;3;3,0167;2,1833;4,3833
KA24.000548-020;150;300;2;NULL;NULL;206A1D;APT-1600FD FP-MACHINE3;5_FPT;5_FPT_BASIC;2025-05-16 00:00:00.000;4;1,15;0,9167;0,8333
KA24.000548-021;147;295;2;4;77;206A1D;3;3_SEL;3_SELA;2025-05-19 00:00:00.000;1;2,8333;2,2333;4,4
KA24.000548-021;150;300;2;NULL;NULL;206A1D;2;4_AOI;4_AOI_SIDEB;2025-05-19 00:00:00.000;2;1,3167;1,25;1,25
KA24.000548-021;151;302;2;NULL;NULL;206A1D;APT-1600FD FP-MACHINE;5_FPT;5_FPT_BASIC;2025-05-19 00:00:00.000;3;1;0,8333;0,7667
KA24.000548-024;149;298;2;NULL;NULL;206A1D;10;2_ODD;2_ODDA;2025-05-27 00:00:00.000;1;3,5;3,0667;2,7833
KA24.000548-024;146;292;2;4;82;206A1D;3;3_SEL;3_SELA;2025-05-27 00:00:00.000;2;2,7167;2,0333;4
KA24.000548-024;149;298;2;NULL;NULL;206A1D;2;4_AOI;4_AOI_SIDEB;2025-05-27 00:00:00.000;3;1,6333;1,3;1,25
KA24.000548-024;149;298;2;NULL;NULL;206A1D;APT-1600FD FP-MACHINE;5_FPT;5_FPT_BASIC;2025-05-27 00:00:00.000;4;0,95;0,8167;0,75
KA24.000548-028;150;300;2;NULL;NULL;206A1D;10;2_ODD;2_ODDA;2025-07-04 00:00:00.000;1;2,5667;2,2667;2,15
KA24.000548-028;134;269;2;4;77;206A1D;3;3_SEL;3_SELA;2025-07-04 00:00:00.000;2;3,4333;2,55;4,5333
KA24.000548-028;150;300;2;NULL;NULL;206A1D;2;4_AOI;4_AOI_SIDEB;2025-07-04 00:00:00.000;3;1,3333;1,2667;1,2667
KA24.000548-028;150;300;2;NULL;NULL;206A1D;APT-1600FD FP-MACHINE;5_FPT;5_FPT_BASIC;2025-07-04 00:00:00.000;4;0,9333;0,8;0,75
KA24.000548-029;150;300;2;NULL;NULL;206A1D;10;2_ODD;2_ODDA;2025-07-04 00:00:00.000;1;2,3333;2,1667;2,1167
KA24.000548-029;134;269;2;4;75;206A1D;3;3_SEL;3_SELA;2025-07-04 00:00:00.000;2;2,6667;1,9667;3,5667
KA24.000548-029;150;300;2;NULL;NULL;206A1D;2;4_AOI;4_AOI_SIDEB;2025-07-04 00:00:00.000;3;1,3833;1,2833;1,2833
KA24.000548-029;150;300;2;NULL;NULL;206A1D;APT-1600FD FP-MACHINE;5_FPT;5_FPT_BASIC;2025-07-04 00:00:00.000;4;0,9167;0,7833;0,75
KA24.000548-030;150;300;2;NULL;NULL;206A1D;10;2_ODD;2_ODDA;2025-07-07 00:00:00.000;1;2,4;2,2667;2,1333
KA24.000548-030;119;239;2;4;77;206A1D;3;3_SEL;3_SELA;2025-07-07 00:00:00.000;2;2,9167;2,2167;3,55
KA24.000548-030;150;300;2;NULL;NULL;206A1D;2;4_AOI;4_AOI_SIDEB;2025-07-07 00:00:00.000;3;1,4;1,3;1,25
KA24.000548-030;150;300;2;NULL;NULL;206A1D;APT-1600FD FP-MACHINE;5_FPT;5_FPT_BASIC;2025-07-07 00:00:00.000;4;0,95;0,7833;0,75
KA24.000548-031;149;298;2;NULL;NULL;206A1D;2;4_AOI;4_AOI_SIDEB;2025-07-25 00:00:00.000;1;1,35;1,25;1,25
KA24.000548-031;149;298;2;NULL;NULL;206A1D;APT-1600FD FP-MACHINE3;5_FPT;5_FPT_BASIC;2025-07-25 00:00:00.000;2;1,15;0,8167;0,8333
KA24.000548-032;150;300;2;NULL;NULL;206A1D;10;2_ODD;2_ODDA;2025-07-25 00:00:00.000;1;2,3833;2,2167;2,1333
KA24.000548-032;150;300;2;NULL;NULL;206A1D;2;4_AOI;4_AOI_SIDEB;2025-07-25 00:00:00.000;2;1,3333;1,2667;1,25
KA24.000548-032;150;300;2;NULL;NULL;206A1D;APT-1600FD FP-MACHINE3;5_FPT;5_FPT_BASIC;2025-07-25 00:00:00.000;3;1,0667;0,8333;0,8333
KA24.000548-033;150;300;2;NULL;NULL;206A1D;10;2_ODD;2_ODDA;2025-07-28 00:00:00.000;1;2,8667;2,5;2,15
KA24.000548-033;150;300;2;NULL;NULL;206A1D;2;4_AOI;4_AOI_SIDEB;2025-07-28 00:00:00.000;2;1,3167;1,25;1,25
KA24.000548-033;150;300;2;NULL;NULL;206A1D;APT-1600FD FP-MACHINE3;5_FPT;5_FPT_BASIC;2025-07-28 00:00:00.000;3;0,9833;0,8833;0,8333
KA24.000548-034;150;300;2;NULL;NULL;206A1D;10;2_ODD;2_ODDA;2025-08-01 00:00:00.000;1;2,5667;2,3333;2,15
KA24.000548-034;150;300;2;NULL;NULL;206A1D;2;4_AOI;4_AOI_SIDEB;2025-08-01 00:00:00.000;2;1,3167;1,25;1,2667
KA24.000548-034;150;300;2;NULL;NULL;206A1D;APT-1600FD FP-MACHINE3;5_FPT;5_FPT_BASIC;2025-08-01 00:00:00.000;3;1;0,8333;0,8333
KA24.000548-035;150;300;2;NULL;NULL;206A1D;10;2_ODD;2_ODDA;2025-08-04 00:00:00.000;1;2,45;2,25;2,15
KA24.000548-035;150;300;2;NULL;NULL;206A1D;2;4_AOI;4_AOI_SIDEB;2025-08-04 00:00:00.000;2;1,3667;1,2667;1,2667
KA24.000548-035;150;300;2;NULL;NULL;206A1D;APT-1600FD FP-MACHINE3;5_FPT;5_FPT_BASIC;2025-08-04 00:00:00.000;3;1,05;0,8833;0,8333
KA24.000548-036;148;296;2;NULL;NULL;206A1D;10;2_ODD;2_ODDA;2025-08-05 00:00:00.000;1;2,55;2,2833;2,1333
KA24.000548-036;148;296;2;NULL;NULL;206A1D;2;4_AOI;4_AOI_SIDEB;2025-08-05 00:00:00.000;2;1,5833;1,2833;1,2667
KA24.000548-036;148;296;2;NULL;NULL;206A1D;APT-1600FD FP-MACHINE3;5_FPT;5_FPT_BASIC;2025-08-05 00:00:00.000;3;0,95;0,8667;0,8333
KA24.000548-037;300;6000;20;NULL;NULL;0069FF;APT-1600FD FP-MACHINE2;5_FPT;5_FPT_PREMIUM;2025-01-22 00:00:00.000;1;1,3167;1,2833;1,25
KA24.000548-037;300;6000;20;NULL;NULL;0069FF;2;4_AOI;4_AOI_SIDEA;2025-01-22 00:00:00.000;2;0,4833;0,4;0,35
KA24.000548-038;300;6000;20;NULL;NULL;0069FF;2;4_AOI;4_AOI_SIDEA;2025-02-10 00:00:00.000;1;0,4333;0,3667;0,35
KA24.000548-038;300;6000;20;NULL;NULL;0069FF;APT-1600FD FP-MACHINE;5_FPT;5_FPT_PREMIUM;2025-02-10 00:00:00.000;2;1,3167;1,2833;1,2667
KA24.000548-039;300;6000;20;NULL;NULL;0069FF;2;4_AOI;4_AOI_SIDEA;2025-02-11 00:00:00.000;1;0,4167;0,3833;0,35
KA24.000548-039;300;6000;20;NULL;NULL;0069FF;APT-1600FD FP-MACHINE;5_FPT;5_FPT_PREMIUM;2025-02-11 00:00:00.000;2;1,3333;1,3;1,3333
KA24.000548-045;100;6000;60;NULL;NULL;0069FF;APT-1600FD FP-MACHINE;5_FPT;5_FPT_PREMIUM;2025-09-30 00:00:00.000;1;4,2667;4,0167;4
KA24.000548-045;100;6000;60;NULL;NULL;0069FF;2;4_AOI;4_AOI_SIDEA;2025-09-30 00:00:00.000;2;0,7;0,65;0,6
KA24.000548-046;100;6000;60;NULL;NULL;0069FF;2;4_AOI;4_AOI_SIDEA;2025-09-30 00:00:00.000;1;0,7;0,6;0,6
KA24.000548-046;100;6000;60;NULL;NULL;0069FF;APT-1600FD FP-MACHINE;5_FPT;5_FPT_PREMIUM;2025-09-30 00:00:00.000;2;4,0833;4,0333;4,0167
KA24.000548-047;100;6000;60;NULL;NULL;0069FF;2;4_AOI;4_AOI_SIDEA;2025-10-01 00:00:00.000;1;0,7;0,65;0,6
KA24.000548-047;100;6000;60;NULL;NULL;0069FF;APT-1600FD FP-MACHINE;5_FPT;5_FPT_PREMIUM;2025-10-01 00:00:00.000;2;4,0833;4,0333;4,0167
KA24.000548-049;100;6000;60;NULL;NULL;0069FF;APT-1600FD FP-MACHINE;5_FPT;5_FPT_PREMIUM;2025-03-31 00:00:00.000;1;4,1333;4,0333;4,0167
KA24.000548-049;100;6000;60;NULL;NULL;0069FF;2;4_AOI;4_AOI_SIDEA;2025-03-31 00:00:00.000;2;0,65;0,65;0,6167
KA24.000548-050;100;6000;60;NULL;NULL;0069FF;2;4_AOI;4_AOI_SIDEA;2025-03-31 00:00:00.000;1;0,75;0,6667;0,6333
KA24.000548-050;100;6000;60;NULL;NULL;0069FF;APT-1600FD FP-MACHINE2;5_FPT;5_FPT_PREMIUM;2025-03-31 00:00:00.000;2;4,2667;4,1167;4,0833
KA24.000548-050;32;64;2;NULL;NULL;206A1D;2;4_AOI;4_AOI_SIDEB;2025-03-31 00:00:00.000;3;1,5167;1,2167;0,6333
KA24.000548-050;32;64;2;4;17;206A1D;3;3_SEL;3_SELA;2025-03-31 00:00:00.000;4;2,8667;1,65;3,3167
KA24.000548-050;32;64;2;NULL;NULL;206A1D;APT-1600FD FP-MACHINE3;5_FPT;5_FPT_BASIC;2025-03-31 00:00:00.000;5;1,1;0,9333;0,8333
KA24.000548-051;100;6000;60;NULL;NULL;0069FF;2;4_AOI;4_AOI_SIDEA;2025-03-31 00:00:00.000;1;0,7;0,65;0,6167
KA24.000548-051;100;6000;60;NULL;NULL;0069FF;APT-1600FD FP-MACHINE2;5_FPT;5_FPT_PREMIUM;2025-03-31 00:00:00.000;2;4,5333;4,3333;4,3167
KA24.000548-052;100;6000;60;NULL;NULL;0069FF;2;4_AOI;4_AOI_SIDEA;2025-04-02 00:00:00.000;1;0,6833;0,6167;0,6167
KA24.000548-052;100;6000;60;NULL;NULL;0069FF;APT-1600FD FP-MACHINE;5_FPT;5_FPT_PREMIUM;2025-04-02 00:00:00.000;2;4,6333;4,3833;4,4167
KA24.000548-053;100;6000;60;NULL;NULL;0069FF;2;4_AOI;4_AOI_SIDEA;2025-04-02 00:00:00.000;1;0,7333;0,65;0,6167
KA24.000548-053;100;6000;60;NULL;NULL;0069FF;APT-1600FD FP-MACHINE3;5_FPT;5_FPT_PREMIUM;2025-04-02 00:00:00.000;2;4,7;4,5;4,4333
KA24.000548-054;100;6000;60;NULL;NULL;0069FF;APT-1600FD FP-MACHINE;5_FPT;5_FPT_PREMIUM;2025-04-03 00:00:00.000;1;4,6667;4,4167;4,5
KA24.000548-054;100;6000;60;NULL;NULL;0069FF;2;4_AOI;4_AOI_SIDEA;2025-04-03 00:00:00.000;2;0,8;0,75;0,65
KA24.000548-055;101;6060;60;NULL;NULL;0069FF;2;4_AOI;4_AOI_SIDEA;2025-05-09 00:00:00.000;1;0,7;0,65;0,6167
KA24.000548-055;100;6000;60;NULL;NULL;0069FF;APT-1600FD FP-MACHINE3;5_FPT;5_FPT_PREMIUM;2025-05-09 00:00:00.000;2;3,8833;3,7833;3,7667
KA24.000548-056;100;6000;60;NULL;NULL;0069FF;2;4_AOI;4_AOI_SIDEA;2025-05-12 00:00:00.000;1;0,6667;0,6333;0,6167
KA24.000548-056;100;6000;60;NULL;NULL;0069FF;APT-1600FD FP-MACHINE2;5_FPT;5_FPT_PREMIUM;2025-05-12 00:00:00.000;2;4;3,85;3,8333
KA24.000548-057;100;6000;60;NULL;NULL;0069FF;2;4_AOI;4_AOI_SIDEA;2025-05-12 00:00:00.000;1;0,6667;0,6667;0,6167
KA24.000548-057;100;6000;60;NULL;NULL;0069FF;APT-1600FD FP-MACHINE2;5_FPT;5_FPT_PREMIUM;2025-05-12 00:00:00.000;2;4,0167;3,9167;3,8333
KA24.000548-060;100;6000;60;NULL;NULL;0069FF;2;4_AOI;4_AOI_SIDEA;2025-05-20 00:00:00.000;1;0,6667;0,6167;0,6167
KA24.000548-060;100;6000;60;NULL;NULL;0069FF;APT-1600FD FP-MACHINE;5_FPT;5_FPT_PREMIUM;2025-05-20 00:00:00.000;2;3,8833;3,7833;3,75
KA24.000548-064;101;6060;60;NULL;NULL;0069FF;2;4_AOI;4_AOI_SIDEA;2025-06-20 00:00:00.000;1;0,7833;0,6833;0,6
KA24.000548-064;100;6000;60;NULL;NULL;0069FF;APT-1600FD FP-MACHINE;5_FPT;5_FPT_PREMIUM;2025-06-20 00:00:00.000;2;4,4833;4,2333;4,25
KA24.000548-065;100;6000;60;NULL;NULL;0069FF;2;4_AOI;4_AOI_SIDEA;2025-06-20 00:00:00.000;1;0,8833;0,7833;0,6
KA24.000548-065;100;6000;60;NULL;NULL;0069FF;APT-1600FD FP-MACHINE2;5_FPT;5_FPT_PREMIUM;2025-06-20 00:00:00.000;2;4,3667;4,2667;4,25
KA24.000548-066;100;6000;60;NULL;NULL;0069FF;2;4_AOI;4_AOI_SIDEA;2025-06-23 00:00:00.000;1;0,8167;0,6667;0,6
KA24.000548-066;100;6000;60;NULL;NULL;0069FF;APT-1600FD FP-MACHINE;5_FPT;5_FPT_PREMIUM;2025-06-23 00:00:00.000;2;4,5167;4,2167;4,25
KA24.000548-067;100;6000;60;NULL;NULL;0069FF;2;4_AOI;4_AOI_SIDEA;2025-06-27 00:00:00.000;1;0,85;0,75;0,75
KA24.000548-067;100;6000;60;NULL;NULL;0069FF;APT-1600FD FP-MACHINE2;5_FPT;5_FPT_PREMIUM;2025-06-27 00:00:00.000;2;4,2167;4,0667;4,0167
KA24.000548-068;100;6000;60;NULL;NULL;0069FF;2;4_AOI;4_AOI_SIDEA;2025-06-26 00:00:00.000;1;0,7667;0,6167;0,6167
KA24.000548-068;100;6000;60;NULL;NULL;0069FF;APT-1600FD FP-MACHINE;5_FPT;5_FPT_PREMIUM;2025-06-26 00:00:00.000;2;4,0333;3,9333;4
KA24.000548-069;100;6000;60;NULL;NULL;0069FF;2;4_AOI;4_AOI_SIDEA;2025-06-26 00:00:00.000;1;0,6667;0,6167;0,6
KA24.000548-069;100;6000;60;NULL;NULL;0069FF;APT-1600FD FP-MACHINE;5_FPT;5_FPT_PREMIUM;2025-06-26 00:00:00.000;2;4,1;4;3,9333
KA24.000548-070;100;6000;60;NULL;NULL;0069FF;2;4_AOI;4_AOI_SIDEA;2025-07-23 00:00:00.000;1;0,6667;0,6167;0,6
KA24.000548-070;99;5940;60;NULL;NULL;0069FF;APT-1600FD FP-MACHINE;5_FPT;5_FPT_PREMIUM;2025-07-23 00:00:00.000;2;4,1333;3,9833;4,0833
KA24.000548-071;100;6000;60;NULL;NULL;0069FF;2;4_AOI;4_AOI_SIDEA;2025-07-23 00:00:00.000;1;0,7;0,6667;0,6
KA24.000548-071;98;5880;60;NULL;NULL;0069FF;APT-1600FD FP-MACHINE3;5_FPT;5_FPT_PREMIUM;2025-07-23 00:00:00.000;2;3,9833;3,9333;4,0833
KA24.000548-072;100;6000;60;NULL;NULL;0069FF;2;4_AOI;4_AOI_SIDEA;2025-07-23 00:00:00.000;1;0,7333;0,6333;0,6167
KA24.000548-072;100;6000;60;NULL;NULL;0069FF;APT-1600FD FP-MACHINE;5_FPT;5_FPT_PREMIUM;2025-07-23 00:00:00.000;2;4,1833;4,0333;4,1667
KA24.000548-073;149;298;2;NULL;NULL;206A1D;10;2_ODD;2_ODDA;2025-09-16 00:00:00.000;1;3,3;2,55;2,2167
KA24.000548-073;149;298;2;NULL;NULL;206A1D;2;4_AOI;4_AOI_SIDEB;2025-09-16 00:00:00.000;2;1,3;1,2667;1,2167
KA24.000548-073;149;298;2;NULL;NULL;206A1D;APT-1600FD FP-MACHINE3;5_FPT;5_FPT_BASIC;2025-09-16 00:00:00.000;3;0,9833;0,8167;0,8333
KA24.000548-074;150;300;2;NULL;NULL;206AAD;10;2_ODD;2_ODDA;2025-09-08 00:00:00.000;1;2,8333;2,3667;2,1
KA24.000548-074;150;300;2;NULL;NULL;206AAD;2;4_AOI;4_AOI_SIDEB;2025-09-08 00:00:00.000;3;1,5;1,2167;1,1833
KA24.000548-074;109;218;2;NULL;NULL;206AAD;APT-1600FD FP-MACHINE;5_FPT;5_FPT_BASIC;2025-09-08 00:00:00.000;4;0,9;0,75;0,75
KA24.000548-074;41;82;2;NULL;NULL;206AAD;APT-1600FD FP-MACHINE3;5_FPT;5_FPT_BASIC;2025-09-08 00:00:00.000;5;1,0167;0,7833;0,75
KA24.000548-075;150;300;2;NULL;NULL;206AAD;10;2_ODD;2_ODDA;2025-09-09 00:00:00.000;1;2,4667;2,3333;2,1
KA24.000548-075;150;300;2;NULL;NULL;206AAD;2;4_AOI;4_AOI_SIDEB;2025-09-09 00:00:00.000;2;1,4333;1,2;1,2
KA24.000548-075;150;300;2;NULL;NULL;206AAD;APT-1600FD FP-MACHINE;5_FPT;5_FPT_BASIC;2025-09-09 00:00:00.000;3;0,9833;0,7833;0,75
KA24.000548-076;150;300;2;NULL;NULL;206AAD;10;2_ODD;2_ODDA;2025-09-10 00:00:00.000;1;2,3833;2,25;2,1
KA24.000548-076;150;300;2;NULL;NULL;206AAD;2;4_AOI;4_AOI_SIDEB;2025-09-10 00:00:00.000;2;1,2833;1,2167;1,2
KA24.000548-076;151;302;2;NULL;NULL;206AAD;APT-1600FD FP-MACHINE;5_FPT;5_FPT_BASIC;2025-09-10 00:00:00.000;3;0,95;0,75;0,75
KA24.000548-077;150;300;2;NULL;NULL;206AAD;10;2_ODD;2_ODDA;2025-09-18 00:00:00.000;1;2,45;2,35;2,1667
KA24.000548-077;150;300;2;NULL;NULL;206AAD;2;4_AOI;4_AOI_SIDEB;2025-09-18 00:00:00.000;2;1,3;1,2;1,2
KA24.000548-077;152;304;2;NULL;NULL;206AAD;APT-1600FD FP-MACHINE3;5_FPT;5_FPT_BASIC;2025-09-18 00:00:00.000;3;0,9;0,7333;0,75
KA24.000548-078;100;6000;60;NULL;NULL;0069FF;2;4_AOI;4_AOI_SIDEA;2025-09-10 00:00:00.000;1;0,6667;0,6167;0,6167
KA24.000548-078;83;4980;60;NULL;NULL;0069FF;APT-1600FD FP-MACHINE3;5_FPT;5_FPT_PREMIUM;2025-09-10 00:00:00.000;2;4,15;3,9667;4
KA24.000548-078;17;1020;60;NULL;NULL;0069FF;APT-1600FD FP-MACHINE;5_FPT;5_FPT_PREMIUM;2025-09-10 00:00:00.000;3;4,35;4,0667;4
KA24.000548-079;100;6000;60;NULL;NULL;0069CF;2;4_AOI;4_AOI_SIDEA;2025-08-25 00:00:00.000;1;0,7333;0,6833;0,65
KA24.000548-079;100;6000;60;NULL;NULL;0069CF;APT-1600FD FP-MACHINE2;5_FPT;5_FPT_PREMIUM;2025-08-25 00:00:00.000;2;4,1167;4,0667;4,1667
KA24.000548-080;100;6000;60;NULL;NULL;0069CF;2;4_AOI;4_AOI_SIDEA;2025-08-25 00:00:00.000;1;0,8333;0,7;0,65
KA24.000548-080;100;6000;60;NULL;NULL;0069CF;APT-1600FD FP-MACHINE;5_FPT;5_FPT_PREMIUM;2025-08-25 00:00:00.000;2;4,15;4,1;4,1667
KA24.000548-081;100;6000;60;NULL;NULL;0069CF;2;4_AOI;4_AOI_SIDEA;2025-08-25 00:00:00.000;1;0,7333;0,6833;0,65
KA24.000548-081;101;6060;60;NULL;NULL;0069CF;APT-1600FD FP-MACHINE;5_FPT;5_FPT_PREMIUM;2025-08-25 00:00:00.000;2;4,2833;4,0833;4,1667
KA24.000548-082;101;6060;60;NULL;NULL;0069CF;2;4_AOI;4_AOI_SIDEA;2025-09-09 00:00:00.000;1;0,75;0,7;0,65
KA24.000548-082;80;4800;60;NULL;NULL;0069CF;APT-1600FD FP-MACHINE3;5_FPT;5_FPT_PREMIUM;2025-09-09 00:00:00.000;2;4,3;4,1667;4,1667
KA24.000548-082;21;1260;60;NULL;NULL;0069CF;APT-1600FD FP-MACHINE;5_FPT;5_FPT_PREMIUM;2025-09-09 00:00:00.000;3;4,65;4,1667;4,1667
KA24.000548-083;150;300;2;NULL;NULL;206AAD;10;2_ODD;2_ODDA;2025-09-18 00:00:00.000;1;2,6667;2,3667;2,1833
KA24.000548-083;150;300;2;NULL;NULL;206AAD;2;4_AOI;4_AOI_SIDEB;2025-09-18 00:00:00.000;2;1,4;1,2;1,2
KA24.000548-083;150;300;2;NULL;NULL;206AAD;APT-1600FD FP-MACHINE3;5_FPT;5_FPT_BASIC;2025-09-18 00:00:00.000;3;0,9333;0,8;0,75
KA24.000548-084;100;6000;60;NULL;NULL;0069CF;2;4_AOI;4_AOI_SIDEA;2025-09-10 00:00:00.000;1;0,7;0,65;0,65
KA24.000548-084;77;4620;60;NULL;NULL;0069CF;APT-1600FD FP-MACHINE3;5_FPT;5_FPT_PREMIUM;2025-09-10 00:00:00.000;2;4,2333;4,1667;4,1667
KA24.000548-084;23;1380;60;NULL;NULL;0069CF;APT-1600FD FP-MACHINE2;5_FPT;5_FPT_PREMIUM;2025-09-10 00:00:00.000;3;4,6;4,1667;4,1667
KA24.000548-085;150;300;2;NULL;NULL;206AAD;10;2_ODD;2_ODDA;2025-05-28 00:00:00.000;2;2,8833;2,4833;2,2667
KA24.000548-085;149;299;2;4;75;206AAD;3;3_SEL;3_SELA;2025-05-28 00:00:00.000;3;2,75;1,9667;3,9333
KA24.000548-085;150;300;2;NULL;NULL;206AAD;2;4_AOI;4_AOI_SIDEB;2025-05-28 00:00:00.000;4;1,4333;1,2333;1,2333
KA24.000548-085;150;300;2;NULL;NULL;206AAD;APT-1600FD FP-MACHINE;5_FPT;5_FPT_BASIC;2025-05-28 00:00:00.000;5;0,9833;0,7167;0,6833
KA24.000548-086;150;300;2;NULL;NULL;206AAD;10;2_ODD;2_ODDA;2025-06-05 00:00:00.000;1;3,8667;2,95;2,6833
KA24.000548-086;148;297;2;4;84;206AAD;3;3_SEL;3_SELA;2025-06-05 00:00:00.000;2;2,7833;2;3,9333
KA24.000548-086;150;300;2;NULL;NULL;206AAD;2;4_AOI;4_AOI_SIDEB;2025-06-05 00:00:00.000;3;1,2833;1,2167;1,2333
KA24.000548-086;150;300;2;NULL;NULL;206AAD;APT-1600FD FP-MACHINE2;5_FPT;5_FPT_BASIC;2025-06-05 00:00:00.000;4;0,9333;0,7667;0,75
KA24.000548-087;17;1020;60;NULL;NULL;0069CF;APT-1600FD FP-MACHINE;5_FPT;5_FPT_PREMIUM;2025-05-22 00:00:00.000;1;4,7667;4,1833;3,85
KA24.000548-087;100;6000;60;NULL;NULL;0069CF;2;4_AOI;4_AOI_SIDEA;2025-05-22 00:00:00.000;2;0,7667;0,6833;0,6667
KA24.000548-087;83;4980;60;NULL;NULL;0069CF;APT-1600FD FP-MACHINE3;5_FPT;5_FPT_PREMIUM;2025-05-22 00:00:00.000;3;4,0667;4,0167;3,9167
KA24.000548-088;100;6000;60;NULL;NULL;0069CF;2;4_AOI;4_AOI_SIDEA;2025-05-23 00:00:00.000;1;0,7;0,65;0,65
KA24.000548-088;83;4980;60;NULL;NULL;0069CF;APT-1600FD FP-MACHINE3;5_FPT;5_FPT_PREMIUM;2025-05-23 00:00:00.000;2;4,3667;4,0667;4
KA24.000548-088;17;1020;60;NULL;NULL;0069CF;APT-1600FD FP-MACHINE;5_FPT;5_FPT_PREMIUM;2025-05-23 00:00:00.000;3;3,9333;3,9333;3,8333
KA24.000548-089;150;300;2;NULL;NULL;206AAD;10;2_ODD;2_ODDA;2025-06-23 00:00:00.000;1;2,2833;2,2167;2,1333
KA24.000548-089;76;153;2;4;80;206AAD;3;3_SEL;3_SELA;2025-06-23 00:00:00.000;2;5,15;3,7333;3,6
KA24.000548-089;150;300;2;NULL;NULL;206AAD;2;4_AOI;4_AOI_SIDEB;2025-06-23 00:00:00.000;3;1,4;1,2333;1,2333
KA24.000548-089;150;300;2;NULL;NULL;206AAD;APT-1600FD FP-MACHINE2;5_FPT;5_FPT_BASIC;2025-06-23 00:00:00.000;4;0,8833;0,75;0,75
KA24.000548-090;150;300;2;NULL;NULL;206AAD;10;2_ODD;2_ODDA;2025-06-24 00:00:00.000;1;2,5167;2,3167;2,1667
KA24.000548-090;105;210;2;4;81;206AAD;3;3_SEL;3_SELA;2025-06-24 00:00:00.000;2;3,4167;2,5667;3,6
KA24.000548-090;150;300;2;NULL;NULL;206AAD;2;4_AOI;4_AOI_SIDEB;2025-06-24 00:00:00.000;3;1,3833;1,2167;1,2333
KA24.000548-090;150;300;2;NULL;NULL;206AAD;APT-1600FD FP-MACHINE2;5_FPT;5_FPT_BASIC;2025-06-24 00:00:00.000;4;0,9167;0,75;0,75
KA24.000548-091;150;300;2;NULL;NULL;206AAD;10;2_ODD;2_ODDA;2025-06-26 00:00:00.000;1;2,65;2,2833;2,15
KA24.000548-091;89;178;2;4;75;206AAD;3;3_SEL;3_SELA;2025-06-26 00:00:00.000;2;4,0667;3,0167;3,6
KA24.000548-091;150;300;2;NULL;NULL;206AAD;2;4_AOI;4_AOI_SIDEB;2025-06-26 00:00:00.000;3;1,4;1,2333;1,2333
KA24.000548-091;150;300;2;NULL;NULL;206AAD;APT-1600FD FP-MACHINE2;5_FPT;5_FPT_BASIC;2025-06-26 00:00:00.000;4;1,1833;0,8167;0,75
KA24.000548-092;100;6000;60;NULL;NULL;0069CF;2;4_AOI;4_AOI_SIDEA;2025-06-10 00:00:00.000;1;0,7667;0,6667;0,65
KA24.000548-092;98;5880;60;NULL;NULL;0069CF;APT-1600FD FP-MACHINE2;5_FPT;5_FPT_PREMIUM;2025-06-10 00:00:00.000;2;4,4;4,2;4,35
KA24.000548-093;102;6120;60;NULL;NULL;0069CF;2;4_AOI;4_AOI_SIDEA;2025-06-11 00:00:00.000;1;0,9833;0,7;0,6667
KA24.000548-093;101;6060;60;NULL;NULL;0069CF;APT-1600FD FP-MACHINE3;5_FPT;5_FPT_PREMIUM;2025-06-11 00:00:00.000;2;4,05;3,7;4
KA24.000548-094;100;6000;60;NULL;NULL;0069CF;2;4_AOI;4_AOI_SIDEA;2025-06-11 00:00:00.000;1;0,9833;0,85;0,65
KA24.000548-094;100;6000;60;NULL;NULL;0069CF;APT-1600FD FP-MACHINE2;5_FPT;5_FPT_PREMIUM;2025-06-11 00:00:00.000;2;4,6;4,3;4,25
KA24.000549-001;25;50;2;NULL;NULL;26641A;2;4_AOI;4_AOI_SIDEB;2025-04-02 00:00:00.000;2;1,45;1,2167;0,9833
KA24.000549-001;25;50;2;NULL;NULL;26641A;APT-1600FD FP-MACHINE2;5_FPT;5_FPT_PREMIUM;2025-04-02 00:00:00.000;3;3,1167;2,9167;2,8333
KA24.000549-003;25;50;2;NULL;NULL;2664AA;2;4_AOI;4_AOI_SIDEB;2024-12-11 00:00:00.000;1;1,4333;1,0833;0,9667
KA24.000549-003;25;50;2;NULL;NULL;2664AA;APT-1600FD FP-MACHINE2;5_FPT;5_FPT_PREMIUM;2024-12-11 00:00:00.000;2;5,35;3,35;3,5
KA24.000549-004;22;45;2;4;13;2664AA;3;3_SEL;3_SELA;2025-04-11 00:00:00.000;1;1,5333;0,7333;1,3333
KA24.000549-004;26;52;2;NULL;NULL;2664AA;2;4_AOI;4_AOI_SIDEB;2025-04-11 00:00:00.000;2;1,3833;1;0,95
KA24.000549-004;25;50;2;NULL;NULL;2664AA;APT-1600FD FP-MACHINE3;5_FPT;5_FPT_PREMIUM;2025-04-11 00:00:00.000;3;3,4333;2,8333;2,5833
KA24.000549-005;25;50;2;NULL;NULL;2664AA;2;4_AOI;4_AOI_SIDEB;2025-09-24 00:00:00.000;1;1,2;1,0333;0,9667
KA24.000549-005;25;50;2;4;13;2664AA;3;3_SEL;3_SELA;2025-09-24 00:00:00.000;2;1,2667;0,6833;1,3333
KA24.000549-005;25;50;2;NULL;NULL;2664AA;APT-1600FD FP-MACHINE2;5_FPT;5_FPT_PREMIUM;2025-09-24 00:00:00.000;3;3,0667;2,6667;2,6667
KA24.000552-001;14;3500;250;NULL;NULL;26651A;2;4_AOI;4_AOI_SIDEB;2025-03-31 00:00:00.000;1;1,7;1,3667;1,05
KA24.000552-001;14;3500;250;NULL;NULL;26651A;APT-1600FD FP-MACHINE3;5_FPT;5_FPT_PREMIUM;2025-03-31 00:00:00.000;2;5,1;4,75;4,5833
KA24.000552-002;13;3250;250;NULL;NULL;26651A;2;4_AOI;4_AOI_SIDEB;2026-02-23 00:00:00.000;1;1,35;1,35;1,0667
KA24.000552-002;13;3250;250;NULL;NULL;26651A;APT-1600FD FP-MACHINE;5_FPT;5_FPT_PREMIUM;2026-02-23 00:00:00.000;2;4,95;4,5667;4,5
KA24.000562-001;25;100;4;NULL;NULL;62811A;2;4_AOI;4_AOI_SMT;2024-11-26 00:00:00.000;2;1,2167;1,05;1,4167
KA24.000562-001;25;100;4;NULL;NULL;62811A;2;4_AOI;4_AOI_SIDEB;2024-11-26 00:00:00.000;4;1,6167;1,4167;1,4167
KA24.000562-001;25;100;4;NULL;NULL;62811A;APT-1600FD FP-MACHINE3;5_FPT;5_FPT_BASIC;2024-11-26 00:00:00.000;5;2,4833;2,0833;1,75
KA24.000562-006;75;150;2;NULL;NULL;206A1D;7;1_SMT;1_SMTA;2026-07-30 00:00:00.000;1;0,7667;0,6333;0,4833
KA24.000562-006;74;148;2;NULL;NULL;206A1D;10;2_ODD;2_ODDA;2026-07-30 00:00:00.000;2;1,9667;1,9667;1,9
KA24.000562-006;74;148;2;NULL;NULL;206A1D;11;4_AOI;4_AOI_SIDEB;2026-07-30 00:00:00.000;3;1,2;1,0167;0,9833
KA24.000562-006;74;148;2;NULL;NULL;206A1D;APT-1600FD FP-MACHINE2;5_FPT;5_FPT_BASIC;2026-07-28 00:00:00.000;4;0,9833;0,9;0,9167
KA24.000562-006;74;148;2;NULL;NULL;206A1D;9;6_DEP;6_DEP;2026-07-30 00:00:00.000;5;1,0833;0,7;0,4667
KA24.000569-001;10;200;20;NULL;NULL;53931B;2;4_AOI;4_AOI_SIDEB;2024-11-11 00:00:00.000;2;1,8;1,0167;1,0333
KA24.000577-001;173;346;2;NULL;NULL;206V1B;2;4_AOI;4_AOI_SIDEB;2025-07-09 00:00:00.000;1;1,2333;1,0833;1,0667
KA24.000577-001;148;296;2;NULL;NULL;206V1B;APT-1600FD FP-MACHINE;5_FPT;5_FPT_PREMIUM;2025-07-09 00:00:00.000;2;2,8667;2,6;2,5833
KA24.000581-001;10;50;5;NULL;NULL;70131B;2;4_AOI;4_AOI_SIDEB;2024-12-11 00:00:00.000;1;1,5333;1,0333;1,05
KA24.000581-001;10;50;5;NULL;NULL;70131B;APT-1600FD FP-MACHINE3;5_FPT;5_FPT_PREMIUM;2024-12-11 00:00:00.000;2;2,8833;1,3833;1,35
KA24.000582-001;70;70;1;NULL;NULL;799Q1A;2;4_AOI;4_AOI_SIDEB;2025-01-16 00:00:00.000;2;1,0333;0,9167;0,8167
KA24.000582-001;70;70;1;NULL;NULL;799Q1A;APT-1600FD FP-MACHINE3;5_FPT;5_FPT_BASIC;2025-01-16 00:00:00.000;3;0,5667;0,3667;0,25
KA24.000582-005;10;100;10;10;20;799R1A;3;3_SEL;3_SELA;2025-04-15 00:00:00.000;1;14;9,95;9,95
KA24.000582-005;10;100;10;NULL;NULL;799R1A;2;4_AOI;4_AOI_SIDEA;2025-04-15 00:00:00.000;2;2,6;1,9333;1,8333
KA24.000582-005;10;100;10;NULL;NULL;799R1A;APT-1600FD FP-MACHINE3;5_FPT;5_FPT_BASIC;2025-04-15 00:00:00.000;3;3,4833;2,4833;2
KA24.000584-001;10;200;20;NULL;NULL;5461AA;2;4_AOI;4_AOI_SIDEA;2024-11-27 00:00:00.000;2;1,85;1,0667;1,0333
KA24.000584-001;10;200;20;NULL;NULL;5461AA;APT-1600FD FP-MACHINE3;5_FPT;5_FPT_PREMIUM;2024-11-27 00:00:00.000;3;2,7;1,7;1,3333
KA24.000585-002;10;50;5;NULL;NULL;60111A;2;4_AOI;4_AOI_SIDEB;2025-01-16 00:00:00.000;2;2;1,2333;0,8833
KA24.000585-002;10;50;5;NULL;NULL;60111A;APT-1600FD FP-MACHINE2;5_FPT;5_FPT_BASIC;2025-01-16 00:00:00.000;3;1,2833;0,7833;0,6667
KA24.000586-001;100;1000;10;NULL;NULL;53411B;2;4_AOI;4_AOI_SIDEA;2024-12-11 00:00:00.000;1;1,2333;1,0333;0,9
KA24.000586-001;44;440;10;NULL;NULL;53411B;APT-1600FD FP-MACHINE;5_FPT;5_FPT_BASIC;2024-12-11 00:00:00.000;2;1,5167;1,1667;1,1667
KA24.000586-001;56;560;10;NULL;NULL;53411B;APT-1600FD FP-MACHINE3;5_FPT;5_FPT_BASIC;2024-12-11 00:00:00.000;3;1,4167;1,15;1,1667
KA24.000588-009;399;21546;54;NULL;NULL;607IAA;2;4_AOI;4_AOI_SIDEA;2024-12-02 00:00:00.000;1;0,6167;0,55;0,5
KA24.000588-010;468;25272;54;NULL;NULL;607IAA;2;4_AOI;4_AOI_SIDEA;2024-12-16 00:00:00.000;1;0,5833;0,5167;0,5
KA24.000590-001;10;50;5;NULL;NULL;115O1B;2;4_AOI;4_AOI_SIDEB;2025-01-14 00:00:00.000;1;1,9167;1,0167;0,8333
KA24.000590-001;10;50;5;NULL;NULL;115O1B;APT-1600FD FP-MACHINE2;5_FPT;5_FPT_BASIC;2025-01-14 00:00:00.000;2;2,3667;1,3667;1,25
KA24.000592-001;25;250;10;NULL;NULL;505MDE;2;4_AOI;4_AOI_SIDEA;2025-01-30 00:00:00.000;1;1,3833;1,1833;1,2
KA24.000592-001;22;220;10;NULL;NULL;505MDE;APT-1600FD FP-MACHINE3;5_FPT;5_FPT_BASIC;2025-01-30 00:00:00.000;3;1,7667;0,8667;0,95
KA24.000592-002;25;250;10;NULL;NULL;505MDE;2;4_AOI;4_AOI_SIDEA;2025-01-30 00:00:00.000;1;2,1333;1,2833;1,2333
KA24.000592-002;25;250;10;NULL;NULL;505MDE;APT-1600FD FP-MACHINE3;5_FPT;5_FPT_BASIC;2025-01-30 00:00:00.000;2;1,7667;1,3667;0,9167
KA24.000593-001;25;250;10;NULL;NULL;505NDC;2;4_AOI;4_AOI_SIDEB;2025-01-21 00:00:00.000;1;1,4;1,2167;0,95
KA24.000593-001;23;230;10;NULL;NULL;505NDC;APT-1600FD FP-MACHINE3;5_FPT;5_FPT_BASIC;2025-01-21 00:00:00.000;3;3,2333;2,15;2,0833
KA24.000593-002;25;250;10;NULL;NULL;505NDC;2;4_AOI;4_AOI_SIDEB;2025-01-21 00:00:00.000;1;1,35;0,9667;0,95
KA24.000593-002;25;250;10;NULL;NULL;505NDC;APT-1600FD FP-MACHINE3;5_FPT;5_FPT_BASIC;2025-01-21 00:00:00.000;2;3,5;2,3;2,1667
KA24.000594-001;25;250;10;NULL;NULL;605F1B;2;4_AOI;4_AOI_SIDEB;2025-01-20 00:00:00.000;2;2,4167;1,95;1,6667
KA24.000594-001;25;250;10;NULL;NULL;605F1B;APT-1600FD FP-MACHINE3;5_FPT;5_FPT_BASIC;2025-01-20 00:00:00.000;3;3,45;2,65;2,25
KA24.000594-002;25;250;10;NULL;NULL;605F1B;2;4_AOI;4_AOI_SIDEB;2025-01-29 00:00:00.000;2;2,6833;1,8;1,6833
KA24.000594-002;20;200;10;NULL;NULL;605F1B;APT-1600FD FP-MACHINE3;5_FPT;5_FPT_BASIC;2025-01-29 00:00:00.000;4;5;3,75;3,7167
KA24.000595-001;20;100;5;NULL;NULL;49513B;2;4_AOI;4_AOI_SIDEB;2025-01-08 00:00:00.000;1;1,8;1,0333;0,9
KA24.000602-001;25;250;10;NULL;NULL;55911A;APT-1600FD FP-MACHINE2;5_FPT;5_FPT_BASIC;2025-01-08 00:00:00.000;1;0,7167;0,5167;0,5
KA24.000602-001;25;250;10;NULL;NULL;55911A;2;4_AOI;4_AOI_SIDEA;2025-01-08 00:00:00.000;2;0,9333;0,3833;0,3833
KA24.000604-001;47;188;4;8;24;09311A;3;3_SEL;3_SELA;2025-01-10 00:00:00.000;1;1,8333;1,4667;2,9167
KA24.000604-001;50;200;4;NULL;NULL;09311A;APT-1600FD FP-MACHINE3;5_FPT;5_FPT_BASIC;2025-01-10 00:00:00.000;2;1,0333;0,7333;0,75
KA24.000604-001;50;200;4;NULL;NULL;09311A;2;4_AOI;4_AOI_SIDEB;2025-01-10 00:00:00.000;3;1,5;1,2333;1,0167
KA24.000605-001;35;1050;30;NULL;NULL;128A1B;2;4_AOI;4_AOI_SIDEA;2025-03-31 00:00:00.000;1;1,0333;0,7333;0,5167
KA24.000605-001;34;1020;30;NULL;NULL;128A1B;APT-1600FD FP-MACHINE2;5_FPT;5_FPT_BASIC;2025-03-31 00:00:00.000;2;1,75;1,3;1,3333
KA24.000613-001;25;100;4;NULL;NULL;62811A;2;4_AOI;4_AOI_SMT;2025-01-22 00:00:00.000;2;0,8;0,6;1,4
KA24.000613-001;24;98;4;8;13;62811A;3;3_SEL;3_SELA;2025-01-22 00:00:00.000;3;5,5833;4,7167;8,9333
KA24.000613-001;25;100;4;NULL;NULL;62811A;2;4_AOI;4_AOI_SIDEB;2025-01-22 00:00:00.000;4;1,7333;1,5333;1,4
KA24.000613-001;25;100;4;NULL;NULL;62811A;APT-1600FD FP-MACHINE2;5_FPT;5_FPT_BASIC;2025-01-22 00:00:00.000;5;1,9333;1,7333;1,75
KA24.000617-001;25;100;4;NULL;NULL;62811A;2;4_AOI;4_AOI_SMT;2025-01-22 00:00:00.000;1;0,8667;0,5333;0,9667
KA24.000617-001;25;100;4;8;13;62811A;3;3_SEL;3_SELA;2025-01-22 00:00:00.000;2;5,6333;4,65;8,9167
KA24.000617-001;25;100;4;NULL;NULL;62811A;2;4_AOI;4_AOI_SIDEB;2025-01-22 00:00:00.000;3;1,8333;1,4667;0,9667
KA24.000617-001;25;100;4;NULL;NULL;62811A;APT-1600FD FP-MACHINE2;5_FPT;5_FPT_BASIC;2025-01-22 00:00:00.000;4;2,2167;1,8167;1,75
KA24.000618-001;10;50;5;NULL;NULL;128P1A;2;4_AOI;4_AOI_SMT;2025-01-22 00:00:00.000;1;1,3167;0,45;0,4833
KA24.000618-001;10;50;5;NULL;NULL;128P1A;2;4_AOI;4_AOI_SIDEB;2025-01-22 00:00:00.000;3;1,95;1,1167;0,4833
KA24.000618-001;10;50;5;NULL;NULL;128P1A;APT-1600FD FP-MACHINE2;5_FPT;5_FPT_BASIC;2025-01-22 00:00:00.000;4;1,8167;1,3167;1,25
KA24.000619-001;10;50;5;NULL;NULL;128P1A;2;4_AOI;4_AOI_SMT;2025-04-17 00:00:00.000;1;1,3833;0,8833;1,2333
KA24.000619-001;10;50;5;NULL;NULL;128P1A;2;4_AOI;4_AOI_SIDEB;2025-04-17 00:00:00.000;3;1,7833;1,2833;1,2333
KA24.000619-001;10;50;5;NULL;NULL;128P1A;APT-1600FD FP-MACHINE3;5_FPT;5_FPT_BASIC;2025-04-17 00:00:00.000;4;1,7167;1,2167;1,25
KA24.000623-003;60;240;4;NULL;NULL;62851B;2;4_AOI;4_AOI_SMT;2025-02-20 00:00:00.000;1;0,9667;0,5833;0,65
KA24.000623-003;60;240;4;NULL;NULL;62851B;2;4_AOI;4_AOI_SIDEB;2025-02-20 00:00:00.000;2;1,6833;1,25;0,65
KA24.000623-003;60;240;4;NULL;NULL;62851B;APT-1600FD FP-MACHINE3;5_FPT;5_FPT_BASIC;2025-02-20 00:00:00.000;3;2,15;1,65;1,3333
KA24.000628-002;245;490;2;4;123;515Z1A;3;3_SEL;3_SELA;2025-05-21 00:00:00.000;1;2,0167;1,6667;3,3333
KA24.000628-002;245;490;2;NULL;NULL;515Z1A;2;4_AOI;4_AOI_SIDEB;2025-05-21 00:00:00.000;2;1,2;1,0833;1,05
KA24.000628-002;243;486;2;NULL;NULL;515Z1A;APT-1600FD FP-MACHINE;5_FPT;5_FPT_BASIC;2025-05-21 00:00:00.000;3;1,65;1,2;1,1167
KA24.000632-001;10;50;5;NULL;NULL;2313BA;APT-1600FD FP-MACHINE2;5_FPT;5_FPT_BASIC;2025-03-06 00:00:00.000;1;1,0667;0,5667;0,4167
KA24.000632-001;10;50;5;NULL;NULL;2313BA;2;4_AOI;4_AOI_SIDEB;2025-03-06 00:00:00.000;2;0,9833;0,4833;0,35
KA24.000633-003;61;244;4;NULL;NULL;62851B;2;4_AOI;4_AOI_SMT;2025-04-04 00:00:00.000;1;0,6167;0,4833;0,4167
KA24.000633-003;59;236;4;8;32;62851B;3;3_SEL;3_SELA;2025-04-04 00:00:00.000;2;4,2167;3,6167;6,8167
KA24.000633-003;59;236;4;NULL;NULL;62851B;2;4_AOI;4_AOI_SIDEB;2025-04-04 00:00:00.000;3;1,4833;1,3;0,4167
KA24.000633-003;62;248;4;NULL;NULL;62851B;APT-1600FD FP-MACHINE2;5_FPT;5_FPT_BASIC;2025-04-04 00:00:00.000;4;2,15;1,6;1,25
KA24.000636-002;46;230;5;NULL;NULL;24171A;2;4_AOI;4_AOI_SMT;2025-03-18 00:00:00.000;1;0,7667;0,6;0,5667
KA24.000636-002;46;230;5;5;49;24171A;3;3_SEL;3_SELA;2025-03-18 00:00:00.000;2;3,3667;2,5333;2,5333
KA24.000636-002;21;105;5;NULL;NULL;24171A;APT-1600FD FP-MACHINE3;5_FPT;5_FPT_BASIC;2025-03-18 00:00:00.000;3;2,7333;1,55;1,5
KA24.000636-002;46;230;5;NULL;NULL;24171A;2;4_AOI;4_AOI_SIDEB;2025-03-18 00:00:00.000;4;1,1833;1;0,5667
KA24.000636-002;27;135;5;NULL;NULL;24171A;2;4_AOI;4_AOI_SIDEA;2025-03-18 00:00:00.000;5;0,75;0,55;0,5667
KA24.000636-002;25;125;5;NULL;NULL;24171A;APT-1600FD FP-MACHINE;5_FPT;5_FPT_BASIC;2025-03-18 00:00:00.000;6;2;1,4;1,4167
KA24.000637-002;34;204;6;6;41;49421A;4;3_SEL;3_SELA;2025-03-13 00:00:00.000;1;5,3;3,35;3,35
KA24.000637-002;34;204;6;NULL;NULL;49421A;2;4_AOI;4_AOI_SIDEB;2025-03-13 00:00:00.000;2;1,9333;1,4333;1,4167
KA24.000639-001;38;152;4;NULL;NULL;51041B;2;4_AOI;4_AOI_SIDEB;2025-01-27 00:00:00.000;2;1,35;0,8667;0,8167
KA24.000639-001;35;140;4;NULL;NULL;51041B;APT-1600FD FP-MACHINE3;5_FPT;5_FPT_BASIC;2025-01-27 00:00:00.000;3;1,0667;0,6333;0,4167
KA24.000640-006;11;220;20;NULL;NULL;24131B;2;4_AOI;4_AOI_SIDEA;2025-02-14 00:00:00.000;1;1,1667;1;0,7667
KA24.000640-006;10;200;20;NULL;NULL;24131B;APT-1600FD FP-MACHINE2;5_FPT;5_FPT_BASIC;2025-02-14 00:00:00.000;2;6,1333;4,6333;4,2667
KA24.000641-001;26;104;4;NULL;NULL;62811A;2;4_AOI;4_AOI_SMT;2025-02-19 00:00:00.000;1;0,8667;0,5833;0,5167
KA24.000641-001;26;104;4;8;16;62811A;3;3_SEL;3_SELA;2025-02-19 00:00:00.000;2;6,1;5,1;9,8333
KA24.000641-001;26;104;4;NULL;NULL;62811A;2;4_AOI;4_AOI_SIDEB;2025-02-19 00:00:00.000;3;1,7;1,3667;0,5167
KA24.000641-001;26;104;4;NULL;NULL;62811A;APT-1600FD FP-MACHINE2;5_FPT;5_FPT_BASIC;2025-02-19 00:00:00.000;4;2,3667;1,7833;1,75
KA24.000648-002;21;43;2;2;26;36491C;4;3_SEL;3_SELA;2025-02-18 00:00:00.000;1;3,5167;1,5333;1,5167
KA24.000648-002;22;44;2;2;22;36491C;4;3_SEL;3_SELB;2025-02-18 00:00:00.000;2;2,4;1,5167;1,5167
KA24.000656-001;29;58;2;NULL;NULL;00671I;7;1_SMT;1_SMTA;2025-04-28 00:00:00.000;1;0,7;0,5167;0,4
KA24.000656-001;252;504;2;NULL;NULL;00671I;2;4_AOI;4_AOI_SIDEA;2025-04-28 00:00:00.000;2;0,45;0,4333;0,3833
KA24.000656-001;252;504;2;NULL;NULL;00671I;10;2_ODD;2_ODDA;2025-04-28 00:00:00.000;3;2,3333;2,1;1,8667
KA24.000656-001;192;384;2;NULL;NULL;00671I;APT-1600FD FP-MACHINE;5_FPT;5_FPT_BASIC;2025-04-28 00:00:00.000;4;1,3333;1,1;1,0833
KA24.000656-001;251;502;2;4;126;00671I;3;3_SEL;3_SELA;2025-04-28 00:00:00.000;5;1,7167;1,35;2,7
KA24.000656-001;252;504;2;NULL;NULL;00671I;2;4_AOI;4_AOI_SIDEB;2025-04-28 00:00:00.000;6;0,5;0,4167;0,3833
KA24.000656-001;60;120;2;NULL;NULL;00671I;APT-1600FD FP-MACHINE2;5_FPT;5_FPT_BASIC;2025-04-28 00:00:00.000;7;1,3;1,1333;1,1
KA24.000656-002;252;504;2;NULL;NULL;00671I;2;4_AOI;4_AOI_SIDEA;2025-05-06 00:00:00.000;1;0,45;0,4167;0,4
KA24.000656-002;252;504;2;NULL;NULL;00671I;10;2_ODD;2_ODDA;2025-04-28 00:00:00.000;2;2,15;1,9333;1,7667
KA24.000656-002;252;504;2;4;128;00671I;3;3_SEL;3_SELA;2025-04-28 00:00:00.000;3;1,6667;1,35;2,7167
KA24.000656-002;252;504;2;NULL;NULL;00671I;2;4_AOI;4_AOI_SIDEB;2025-04-28 00:00:00.000;4;0,55;0,4833;0,4
KA24.000656-002;91;182;2;NULL;NULL;00671I;APT-1600FD FP-MACHINE;5_FPT;5_FPT_BASIC;2025-05-06 00:00:00.000;5;1,3667;1,1;1,0833
KA24.000656-002;162;324;2;NULL;NULL;00671I;APT-1600FD FP-MACHINE2;5_FPT;5_FPT_BASIC;2025-05-06 00:00:00.000;6;1,3167;1,1;1,0833
KA24.000656-003;252;504;2;NULL;NULL;00671I;7;1_SMT;1_SMTA;2025-05-19 00:00:00.000;1;0,5833;0,5;0,45
KA24.000656-003;252;504;2;NULL;NULL;00671I;2;4_AOI;4_AOI_SIDEA;2025-05-19 00:00:00.000;2;0,4333;0,3833;0,3833
KA24.000656-003;252;504;2;NULL;NULL;00671I;10;2_ODD;2_ODDA;2025-05-19 00:00:00.000;3;2,5;2,1833;1,8833
KA24.000656-003;252;504;2;4;128;00671I;3;3_SEL;3_SELA;2025-05-19 00:00:00.000;4;1,75;1,35;2,7167
KA24.000656-003;252;504;2;NULL;NULL;00671I;2;4_AOI;4_AOI_SIDEB;2025-05-19 00:00:00.000;5;0,55;0,4;0,3833
KA24.000656-003;252;504;2;NULL;NULL;00671I;APT-1600FD FP-MACHINE2;5_FPT;5_FPT_BASIC;2025-05-19 00:00:00.000;6;1,2333;1,1333;1,0833
KA24.000656-004;252;504;2;NULL;NULL;00671I;2;4_AOI;4_AOI_SIDEA;2025-05-21 00:00:00.000;1;0,4667;0,4167;0,4
KA24.000656-004;252;504;2;NULL;NULL;00671I;10;2_ODD;2_ODDA;2025-05-21 00:00:00.000;2;2,8333;2,2333;1,9
KA24.000656-004;252;504;2;4;127;00671I;3;3_SEL;3_SELA;2025-05-21 00:00:00.000;3;1,7167;1,35;2,7167
KA24.000656-004;252;504;2;NULL;NULL;00671I;2;4_AOI;4_AOI_SIDEB;2025-05-21 00:00:00.000;4;0,55;0,4667;0,4
KA24.000656-004;252;504;2;NULL;NULL;00671I;APT-1600FD FP-MACHINE2;5_FPT;5_FPT_BASIC;2025-05-21 00:00:00.000;5;1,3667;1,1;1,0833
KA24.000656-007;252;504;2;NULL;NULL;00671I;2;4_AOI;4_AOI_SIDEA;2025-06-04 00:00:00.000;1;0,45;0,4;0,4
KA24.000656-007;252;504;2;NULL;NULL;00671I;10;2_ODD;2_ODDA;2025-06-04 00:00:00.000;2;2,3667;2,15;1,7333
KA24.000656-007;252;504;2;NULL;NULL;00671I;2;4_AOI;4_AOI_SIDEB;2025-06-04 00:00:00.000;3;0,55;0,4167;0,4
KA24.000656-007;152;305;2;4;77;00671I;3;3_SEL;3_SELA;2025-06-04 00:00:00.000;4;1,7333;1,3667;2,75
KA24.000656-007;252;504;2;NULL;NULL;00671I;APT-1600FD FP-MACHINE2;5_FPT;5_FPT_BASIC;2025-06-04 00:00:00.000;5;1,3167;1,1667;1,0833
KA24.000656-008;252;504;2;NULL;NULL;00671I;2;4_AOI;4_AOI_SIDEA;2025-06-04 00:00:00.000;1;0,5;0,4333;0,4
KA24.000656-008;252;504;2;NULL;NULL;00671I;10;2_ODD;2_ODDA;2025-06-04 00:00:00.000;2;2,1833;1,9667;1,7
KA24.000656-008;252;504;2;4;132;00671I;3;3_SEL;3_SELA;2025-06-04 00:00:00.000;3;1,75;1,35;2,7167
KA24.000656-008;252;504;2;NULL;NULL;00671I;2;4_AOI;4_AOI_SIDEB;2025-06-04 00:00:00.000;4;0,4333;0,4;0,4
KA24.000656-008;252;504;2;NULL;NULL;00671I;APT-1600FD FP-MACHINE;5_FPT;5_FPT_BASIC;2025-06-04 00:00:00.000;5;1,2;1,1;1,0833
KA24.000656-009;252;504;2;NULL;NULL;00671I;2;4_AOI;4_AOI_SIDEA;2025-06-25 00:00:00.000;1;0,45;0,4167;0,3833
KA24.000656-009;252;504;2;NULL;NULL;00671I;10;2_ODD;2_ODDA;2025-06-25 00:00:00.000;2;2,6333;2,1;1,65
KA24.000656-009;252;504;2;NULL;NULL;00671I;2;4_AOI;4_AOI_SIDEB;2025-06-25 00:00:00.000;3;0,5;0,4333;0,3833
KA24.000656-009;55;110;2;4;28;00671I;3;3_SEL;3_SELA;2025-06-25 00:00:00.000;4;1,65;1,3667;2,75
KA24.000656-009;142;284;2;NULL;NULL;00671I;APT-1600FD FP-MACHINE2;5_FPT;5_FPT_BASIC;2025-06-25 00:00:00.000;5;1,4;1,15;1,0833
KA24.000656-009;105;210;2;NULL;NULL;00671I;APT-1600FD FP-MACHINE;5_FPT;5_FPT_BASIC;2025-06-25 00:00:00.000;6;1,4833;1,15;1,0833
KA24.000656-010;252;504;2;NULL;NULL;00671I;2;4_AOI;4_AOI_SIDEA;2025-06-26 00:00:00.000;1;0,5;0,45;0,3833
KA24.000656-010;252;504;2;NULL;NULL;00671I;10;2_ODD;2_ODDA;2025-06-26 00:00:00.000;2;2,8;2,2833;1,8333
KA24.000656-010;252;504;2;NULL;NULL;00671I;2;4_AOI;4_AOI_SIDEB;2025-06-26 00:00:00.000;3;0,4833;0,4167;0,3833
KA24.000656-010;252;504;2;NULL;NULL;00671I;APT-1600FD FP-MACHINE2;5_FPT;5_FPT_BASIC;2025-06-26 00:00:00.000;4;1,2833;1,1167;1,0833
KA24.000656-011;84;5040;60;NULL;NULL;0069FF;2;4_AOI;4_AOI_SIDEA;2025-04-28 00:00:00.000;1;0,75;0,6333;0,6
KA24.000656-011;84;5040;60;NULL;NULL;0069FF;APT-1600FD FP-MACHINE2;5_FPT;5_FPT_PREMIUM;2025-04-28 00:00:00.000;2;3,95;3,7667;3,75
KA24.000656-012;84;5040;60;NULL;NULL;0069FF;2;4_AOI;4_AOI_SIDEA;2025-05-05 00:00:00.000;1;0,7167;0,6;0,6
KA24.000656-012;74;4440;60;NULL;NULL;0069FF;APT-1600FD FP-MACHINE2;5_FPT;5_FPT_PREMIUM;2025-05-05 00:00:00.000;2;3,9167;3,7833;3,75
KA24.000656-012;10;600;60;NULL;NULL;0069FF;APT-1600FD FP-MACHINE3;5_FPT;5_FPT_PREMIUM;2025-05-05 00:00:00.000;3;4,2833;3,7833;3,7667
KA24.000656-013;84;5040;60;NULL;NULL;0069FF;2;4_AOI;4_AOI_SIDEA;2025-05-16 00:00:00.000;1;0,7333;0,65;0,6167
KA24.000656-013;84;5040;60;NULL;NULL;0069FF;APT-1600FD FP-MACHINE;5_FPT;5_FPT_PREMIUM;2025-05-16 00:00:00.000;2;3,9167;3,8;3,7667
KA24.000656-014;84;5040;60;NULL;NULL;0069FF;2;4_AOI;4_AOI_SIDEA;2025-05-20 00:00:00.000;1;0,7833;0,6667;0,6167
KA24.000656-014;84;5040;60;NULL;NULL;0069FF;APT-1600FD FP-MACHINE2;5_FPT;5_FPT_PREMIUM;2025-05-20 00:00:00.000;2;4,0167;3,7833;3,7667
KA24.000656-017;84;5040;60;NULL;NULL;0069FF;2;4_AOI;4_AOI_SIDEA;2025-06-04 00:00:00.000;1;0,6667;0,6;0,55
KA24.000656-017;84;5040;60;NULL;NULL;0069FF;APT-1600FD FP-MACHINE2;5_FPT;5_FPT_PREMIUM;2025-06-04 00:00:00.000;2;3,8167;3,75;3,75
KA24.000656-018;214;4280;20;NULL;NULL;0069FF;2;4_AOI;4_AOI_SIDEA;2025-06-03 00:00:00.000;1;0,4667;0,4;0,3833
KA24.000656-018;214;4280;20;NULL;NULL;0069FF;APT-1600FD FP-MACHINE;5_FPT;5_FPT_PREMIUM;2025-06-03 00:00:00.000;2;1,5833;1,4667;1,25
KA24.000656-019;84;5040;60;NULL;NULL;0069FF;APT-1600FD FP-MACHINE;5_FPT;5_FPT_PREMIUM;2025-06-25 00:00:00.000;1;4,15;3,9667;4
KA24.000656-019;84;5040;60;NULL;NULL;0069FF;2;4_AOI;4_AOI_SIDEA;2025-06-25 00:00:00.000;2;0,6667;0,6;0,6167
KA24.000656-020;73;4380;60;NULL;NULL;0069FF;APT-1600FD FP-MACHINE3;5_FPT;5_FPT_PREMIUM;2025-06-25 00:00:00.000;1;4,3;4,15;4,1833
KA24.000656-020;84;5040;60;NULL;NULL;0069FF;2;4_AOI;4_AOI_SIDEA;2025-06-25 00:00:00.000;2;0,6667;0,6167;0,6167
KA24.000656-020;11;660;60;NULL;NULL;0069FF;APT-1600FD FP-MACHINE;5_FPT;5_FPT_PREMIUM;2025-06-25 00:00:00.000;3;4,1;3,65;3,9667
KA24.000656-021;28;56;2;NULL;NULL;0067AI;8;1_SMT;1_SMTA;2025-05-28 00:00:00.000;1;0,9667;0,9667;0,4667
KA24.000656-021;252;504;2;NULL;NULL;0067AI;2;4_AOI;4_AOI_SIDEA;2025-05-28 00:00:00.000;2;0,4333;0,4;0,3833
KA24.000656-021;252;504;2;NULL;NULL;0067AI;10;2_ODD;2_ODDA;2025-05-28 00:00:00.000;3;2,35;2,0167;1,6833
KA24.000656-021;251;503;2;4;129;0067AI;3;3_SEL;3_SELA;2025-05-28 00:00:00.000;4;1,95;1,35;2,7167
KA24.000656-021;252;504;2;NULL;NULL;0067AI;2;4_AOI;4_AOI_SIDEB;2025-05-28 00:00:00.000;5;0,5;0,45;0,3833
KA24.000656-021;45;90;2;NULL;NULL;0067AI;APT-1600FD FP-MACHINE3;5_FPT;5_FPT_PREMIUM;2025-05-28 00:00:00.000;6;2,65;2,4333;1,0833
KA24.000656-021;207;414;2;NULL;NULL;0067AI;APT-1600FD FP-MACHINE3;5_FPT;5_FPT_BASIC;2025-05-28 00:00:00.000;7;1,3;1,1333;1,0833
KA24.000656-022;252;504;2;NULL;NULL;0067AI;2;4_AOI;4_AOI_SIDEA;2025-05-28 00:00:00.000;1;0,4167;0,3833;0,3833
KA24.000656-022;251;502;2;NULL;NULL;0067AI;10;2_ODD;2_ODDA;2025-05-28 00:00:00.000;2;2,5667;1,9833;1,65
KA24.000656-022;216;432;2;4;126;0067AI;3;3_SEL;3_SELA;2025-05-28 00:00:00.000;3;2,0833;1,5667;2,7167
KA24.000656-022;252;504;2;NULL;NULL;0067AI;2;4_AOI;4_AOI_SIDEB;2025-05-28 00:00:00.000;4;0,65;0,5;0,3833
KA24.000656-022;60;120;2;NULL;NULL;0067AI;APT-1600FD FP-MACHINE3;5_FPT;5_FPT_BASIC;2025-05-28 00:00:00.000;5;1,4333;1,1833;1,0833
KA24.000656-022;192;384;2;NULL;NULL;0067AI;APT-1600FD FP-MACHINE;5_FPT;5_FPT_BASIC;2025-05-28 00:00:00.000;6;1,4167;1,25;1,1667
KA24.000656-023;84;5040;60;NULL;NULL;0069CF;2;4_AOI;4_AOI_SIDEA;2025-05-26 00:00:00.000;1;0,8667;0,7;0,65
KA24.000656-023;84;5040;60;NULL;NULL;0069CF;APT-1600FD FP-MACHINE;5_FPT;5_FPT_PREMIUM;2025-05-26 00:00:00.000;2;3,9333;3,8667;3,85
KA24.000656-024;84;5040;60;NULL;NULL;0069CF;2;4_AOI;4_AOI_SIDEA;2025-05-26 00:00:00.000;1;0,7;0,65;0,65
KA24.000656-024;84;5040;60;NULL;NULL;0069CF;APT-1600FD FP-MACHINE;5_FPT;5_FPT_PREMIUM;2025-05-26 00:00:00.000;2;4,0333;3,8;3,85
KA24.000659-001;10;50;5;NULL;NULL;128P1A;2;4_AOI;4_AOI_SMT;2025-02-04 00:00:00.000;1;1,1667;0,7167;1,2167
KA24.000659-001;10;50;5;NULL;NULL;128P1A;2;4_AOI;4_AOI_SIDEB;2025-02-04 00:00:00.000;3;1,7833;1,2667;1,2167
KA24.000659-001;10;50;5;NULL;NULL;128P1A;APT-1600FD FP-MACHINE2;5_FPT;5_FPT_BASIC;2025-02-04 00:00:00.000;4;1,7167;1,2167;1,25
KA24.000660-001;100;1000;10;NULL;NULL;69191B;2;4_AOI;4_AOI_SMT;2025-02-05 00:00:00.000;1;0,4833;0,4;0,75
KA24.000660-001;100;1000;10;NULL;NULL;69191B;2;4_AOI;4_AOI_THT;2025-02-05 00:00:00.000;2;1,0833;0,8167;0,75
KA24.000660-001;103;1030;10;NULL;NULL;69191B;APT-1600FD FP-MACHINE2;5_FPT;5_FPT_BASIC;2025-02-05 00:00:00.000;3;1,2667;0,9833;0,9167
KA24.000660-002;100;1000;10;NULL;NULL;69191B;2;4_AOI;4_AOI_SMT;2025-04-24 00:00:00.000;1;0,5167;0,4167;0,75
KA24.000660-002;100;1000;10;NULL;NULL;69191B;2;4_AOI;4_AOI_THT;2025-04-24 00:00:00.000;2;0,95;0,8;0,75
KA24.000660-002;114;1140;10;NULL;NULL;69191B;APT-1600FD FP-MACHINE3;5_FPT;5_FPT_BASIC;2025-04-24 00:00:00.000;3;2,0167;1,15;1
KA24.000660-002;100;1000;10;NULL;NULL;69191B;2;4_AOI;4_AOI_SIDEA;2025-04-24 00:00:00.000;4;1,1;0,8667;0,75
KA24.000667-001;15;30;2;2;15;95561A;3;3_SEL;3_SELA;2025-02-03 00:00:00.000;2;1,9667;1,5333;1,5333
KA24.000668-002;20;60;3;6;12;5499AB;3;3_SEL;3_SELA;2025-01-22 00:00:00.000;1;4,55;2,9667;5,95
KA24.000668-002;20;60;3;NULL;NULL;5499AB;2;4_AOI;4_AOI_SIDEB;2025-01-22 00:00:00.000;2;1,7333;1,2833;1,1333
KA24.000668-002;20;60;3;NULL;NULL;5499AB;APT-1600FD FP-MACHINE3;5_FPT;5_FPT_BASIC;2025-01-22 00:00:00.000;3;0,85;0,6;0,4167
KA24.000669-002;45;90;2;NULL;NULL;56311A;2;4_AOI;4_AOI_SIDEB;2025-02-13 00:00:00.000;1;1,3333;0,7;0,5667
KA24.000669-002;32;64;2;NULL;NULL;56311A;APT-1600FD FP-MACHINE;5_FPT;5_FPT_BASIC;2025-02-13 00:00:00.000;3;3,9167;3,45;3,3333
KA24.000672-001;10;60;6;NULL;NULL;62871A;2;4_AOI;4_AOI_SIDEB;2025-03-19 00:00:00.000;1;2,15;1,65;1,5
KA24.000672-001;10;60;6;NULL;NULL;62871A;APT-1600FD FP-MACHINE3;5_FPT;5_FPT_BASIC;2025-03-19 00:00:00.000;2;1,5333;1,0333;0,75
KA24.000674-001;20;100;5;NULL;NULL;913A1B;2;4_AOI;4_AOI_SIDEA;2025-03-13 00:00:00.000;1;1,6667;0,95;0,85
KA24.000674-001;17;85;5;NULL;NULL;913A1B;APT-1600FD FP-MACHINE;5_FPT;5_FPT_PREMIUM;2025-03-13 00:00:00.000;2;12,0833;10,0333;10,4333
KA24.000677-001;65;130;2;4;34;62881C;3;3_SEL;3_SELA;2025-03-10 00:00:00.000;1;4,0167;2,95;5,8333
KA24.000677-001;65;130;2;NULL;NULL;62881C;2;4_AOI;4_AOI_SIDEB;2025-03-10 00:00:00.000;2;1,75;1,6;1,5667
KA24.000677-001;65;130;2;NULL;NULL;62881C;APT-1600FD FP-MACHINE;5_FPT;5_FPT_BASIC;2025-03-10 00:00:00.000;3;3,4333;2,6;2,3333
KA24.000677-002;65;130;2;NULL;NULL;62881C;2;4_AOI;4_AOI_SIDEB;2025-03-10 00:00:00.000;1;1,9667;1,7333;1,5667
KA24.000677-002;65;130;2;NULL;NULL;62881C;APT-1600FD FP-MACHINE;5_FPT;5_FPT_BASIC;2025-03-10 00:00:00.000;2;3,45;2,5167;2,3333
KA24.000677-003;65;130;2;4;35;62881C;3;3_SEL;3_SELA;2025-11-26 00:00:00.000;1;3,7667;2,9333;5,8167
KA24.000677-003;65;130;2;NULL;NULL;62881C;2;4_AOI;4_AOI_SIDEB;2025-11-26 00:00:00.000;2;1,9667;1,7667;1,7
KA24.000677-003;65;130;2;NULL;NULL;62881C;9;6_DEP;6_DEP;2025-11-26 00:00:00.000;3;0,8667;0,65;0,55
KA24.000677-003;65;130;2;NULL;NULL;62881C;APT-1600FD FP-MACHINE2;5_FPT;5_FPT_BASIC;2025-11-26 00:00:00.000;4;3,2333;2,55;2,3333
KA24.000677-004;51;102;2;4;29;62881C;3;3_SEL;3_SELA;2026-05-04 00:00:00.000;1;4,2;3,3833;5,9
KA24.000677-004;65;130;2;NULL;NULL;62881C;2;4_AOI;4_AOI_SIDEB;2026-05-04 00:00:00.000;2;2;1,7333;1,7
KA24.000677-004;35;70;2;NULL;NULL;62881C;APT-1600FD FP-MACHINE;5_FPT;5_FPT_BASIC;2026-05-04 00:00:00.000;3;2,8667;2,45;2,3333
KA24.000677-004;30;60;2;NULL;NULL;62881C;APT-1600FD FP-MACHINE3;5_FPT;5_FPT_BASIC;2026-05-04 00:00:00.000;4;2,85;2,35;2,3333
KA24.000677-004;65;130;2;NULL;NULL;62881C;9;6_DEP;6_DEP;2026-05-04 00:00:00.000;5;0,75;0,6;0,55
KA24.000684-001;10;200;20;NULL;NULL;53931B;2;4_AOI;4_AOI_SIDEB;2025-01-21 00:00:00.000;1;2,0333;1,2667;1,0333
KA24.000684-001;8;166;20;20;10;53931B;3;3_SEL;3_SELA;2025-01-21 00:00:00.000;3;8,9667;6,0167;5
KA24.000689-001;17;85;5;15;10;591F1D;3;3_SEL;3_SELA;2025-03-18 00:00:00.000;1;3;2,8667;7,45
KA24.000689-001;177;885;5;15;61;591F1D;4;3_SEL;3_SELA;2025-03-18 00:00:00.000;2;1,8667;1,1833;3,55
KA24.000689-001;200;1000;5;NULL;NULL;591F1D;APT-1600FD FP-MACHINE;5_FPT;5_FPT_BASIC;2025-03-18 00:00:00.000;3;1,0167;0,8667;0,85
KA24.000689-001;200;1000;5;NULL;NULL;591F1D;2;4_AOI;4_AOI_SIDEA;2025-03-18 00:00:00.000;4;1,3833;1,15;1,1
KA24.000690-001;100;1000;10;NULL;NULL;69151A;2;4_AOI;4_AOI_SIDEA;2025-02-25 00:00:00.000;2;1,1333;0,9333;0,8667
KA24.000694-003;58;232;4;NULL;NULL;62851B;2;4_AOI;4_AOI_SMT;2025-04-29 00:00:00.000;1;0,5167;0,4167;0,4167
KA24.000694-003;58;232;4;8;32;62851B;3;3_SEL;3_SELA;2025-04-29 00:00:00.000;2;2,6833;2,1833;4,25
KA24.000694-003;58;232;4;NULL;NULL;62851B;2;4_AOI;4_AOI_SIDEB;2025-04-29 00:00:00.000;3;1,4167;1,25;0,4167
KA24.000694-003;59;236;4;NULL;NULL;62851B;APT-1600FD FP-MACHINE;5_FPT;5_FPT_BASIC;2025-04-29 00:00:00.000;4;2,2667;1,6667;1,3333
KA24.000695-001;25;50;2;NULL;NULL;60361A;2;4_AOI;4_AOI_SIDEB;2025-03-20 00:00:00.000;1;1,45;1,0833;0,9833
KA24.000695-001;25;50;2;NULL;NULL;60361A;APT-1600FD FP-MACHINE3;5_FPT;5_FPT_BASIC;2025-03-20 00:00:00.000;2;1,7;1,5;0,8
KA24.000698-026;49;196;4;NULL;NULL;628A1B;2;4_AOI;4_AOI_SIDEB;2025-03-07 00:00:00.000;1;1,0833;0,8833;0,8667
KA24.000698-026;49;196;4;NULL;NULL;628A1B;APT-1600FD FP-MACHINE3;5_FPT;5_FPT_BASIC;2025-03-07 00:00:00.000;2;1,3333;1,1333;1,1
KA24.000698-028;24;96;4;NULL;NULL;628A1B;2;4_AOI;4_AOI_SIDEB;2025-03-07 00:00:00.000;1;1,1833;0,9833;0,8667
KA24.000698-028;24;96;4;NULL;NULL;628A1B;APT-1600FD FP-MACHINE3;5_FPT;5_FPT_BASIC;2025-03-07 00:00:00.000;2;2,3167;1,4833;1,1667
KA24.000698-030;26;104;4;NULL;NULL;628A1B;2;4_AOI;4_AOI_SIDEB;2025-03-07 00:00:00.000;1;1,1;0,9667;0,8667
KA24.000698-030;26;104;4;NULL;NULL;628A1B;APT-1600FD FP-MACHINE3;5_FPT;5_FPT_BASIC;2025-03-07 00:00:00.000;2;2,0167;1,25;1,1
KA24.000698-032;24;96;4;NULL;NULL;628A1B;2;4_AOI;4_AOI_SIDEB;2025-03-07 00:00:00.000;1;1,0333;0,9333;0,8667
KA24.000698-032;24;96;4;NULL;NULL;628A1B;APT-1600FD FP-MACHINE3;5_FPT;5_FPT_BASIC;2025-03-07 00:00:00.000;2;1,7;1,2833;1,1667
KA24.000699-001;12;60;5;5;14;122YAA;3;3_SEL;3_SELA;2025-02-13 00:00:00.000;1;4,1833;2,35;2,2833
KA24.000699-001;12;60;5;NULL;NULL;122YAA;2;4_AOI;4_AOI_SIDEB;2025-02-13 00:00:00.000;2;1,8167;0,9333;0,9333
KA24.000699-001;12;60;5;NULL;NULL;122YAA;APT-1600FD FP-MACHINE2;5_FPT;5_FPT_BASIC;2025-02-13 00:00:00.000;3;2,85;2,0167;1,5
KA24.000704-002;108;217;2;8;43;54621A;3;3_SEL;3_SELA;2025-06-16 00:00:00.000;1;2,6333;2,25;5,7833
KA24.000704-002;145;290;2;NULL;NULL;54621A;2;4_AOI;4_AOI_SIDEB;2025-06-16 00:00:00.000;2;1,1833;1,0667;0,9833
KA24.000704-002;137;274;2;NULL;NULL;54621A;APT-1600FD FP-MACHINE3;5_FPT;5_FPT_BASIC;2025-06-16 00:00:00.000;4;2,2833;1,85;1,75
KA24.000708-001;45;91;2;8;49;780P1A;4;3_SEL;3_SELA;2025-02-28 00:00:00.000;1;8,5;5,9;5,4833
KA24.000708-001;244;489;2;12;47;780P1A;3;3_SEL;3_SELA;2025-02-28 00:00:00.000;2;1,1;0,7667;4,05
KA24.000708-001;176;352;2;NULL;NULL;780P1A;APT-1600FD FP-MACHINE;5_FPT;5_FPT_BASIC;2025-02-28 00:00:00.000;3;0,65;0,6;0,5833
KA24.000708-001;464;928;2;NULL;NULL;780P1A;2;4_AOI;4_AOI_SIDEB;2025-02-28 00:00:00.000;4;1,1;0,9;0,8667
KA24.000708-001;288;576;2;NULL;NULL;780P1A;APT-1600FD FP-MACHINE2;5_FPT;5_FPT_BASIC;2025-02-28 00:00:00.000;5;0,7333;0,5667;0,5833
KA24.000710-002;30;90;3;3;33;56411A;3;3_SEL;3_SELA;2025-03-28 00:00:00.000;1;3,75;2,45;2,45
KA24.000710-002;30;90;3;NULL;NULL;56411A;2;4_AOI;4_AOI_SIDEB;2025-03-28 00:00:00.000;2;1,3;1,0333;1,05
KA24.000710-002;30;90;3;NULL;NULL;56411A;APT-1600FD FP-MACHINE;5_FPT;5_FPT_BASIC;2025-03-28 00:00:00.000;3;2,2333;1,2333;0,9167
KA24.000716-003;16;800;50;NULL;NULL;53821A;APT-1600FD FP-MACHINE3;5_FPT;5_FPT_BASIC;2025-02-18 00:00:00.000;2;9;7,75;9,5
KA24.000717-001;247;2964;12;NULL;NULL;0921AB;2;4_AOI;4_AOI_SIDEA;2025-03-12 00:00:00.000;1;0,5333;0,4167;0,3667
KA24.00269-026;88;1760;20;NULL;NULL;0069FF;APT-1600FD FP-MACHINE2;5_FPT;5_FPT_PREMIUM;2024-09-30 00:00:00.000;1;1,3667;1,3167;1,2667
KA25.000002-001;100;200;2;NULL;NULL;52811C;2;4_AOI;4_AOI_SIDEB;2025-03-17 00:00:00.000;1;1,55;1,3167;1,2167
KA25.000002-001;90;180;2;NULL;NULL;52811C;APT-1600FD FP-MACHINE2;5_FPT;5_FPT_BASIC;2025-03-17 00:00:00.000;3;1,1667;0,95;0,9167
KA25.000027-001;915;915;1;6;166;289C1H;3;3_SEL;3_SELB;2025-01-30 00:00:00.000;1;0,75;0,75;4,25
KA25.000027-001;1000;1000;1;NULL;NULL;289C1H;2;4_AOI;4_AOI_SIDEA;2025-01-30 00:00:00.000;3;1,0667;0,9667;0,9167
KA25.000027-001;872;872;1;NULL;NULL;289C1H;APT-1600FD FP-MACHINE3;5_FPT;5_FPT_BASIC;2025-01-30 00:00:00.000;4;1,0667;0,7833;0,5833
KA25.000027-001;128;128;1;NULL;NULL;289C1H;APT-1600FD FP-MACHINE;5_FPT;5_FPT_BASIC;2025-01-30 00:00:00.000;5;1,2167;0,8667;0,5833
KA25.000027-002;999;999;1;NULL;NULL;289C1H;10;2_ODD;2_ODDA;2025-06-05 00:00:00.000;1;0,4;0,35;0,2667
KA25.000027-002;722;722;1;3;246;289C1H;4;3_SEL;3_SELB;2025-06-05 00:00:00.000;2;0,4167;0,2667;0,8167
KA25.000027-002;278;278;1;6;57;289C1H;3;3_SEL;3_SELB;2025-06-05 00:00:00.000;3;0,7667;0,7333;3,95
KA25.000027-002;1000;1000;1;NULL;NULL;289C1H;2;4_AOI;4_AOI_SIDEA;2025-06-05 00:00:00.000;5;1,05;0,9667;0,9167
KA25.000027-002;384;384;1;NULL;NULL;289C1H;APT-1600FD FP-MACHINE2;5_FPT;5_FPT_BASIC;2025-06-05 00:00:00.000;6;1,0667;0,7667;0,5833
KA25.000027-002;615;615;1;NULL;NULL;289C1H;APT-1600FD FP-MACHINE;5_FPT;5_FPT_BASIC;2025-06-05 00:00:00.000;7;1;0,8167;0,6667
KA25.000028-001;343;686;2;8;327;289D1C;3;3_SEL;3_SELA;2025-02-04 00:00:00.000;1;3,2;2,4333;2,8167
KA25.000028-001;383;766;2;NULL;NULL;289D1C;2;4_AOI;4_AOI_SIDEA;2025-02-04 00:00:00.000;2;1,6333;1,4833;1,45
KA25.000028-001;498;996;2;NULL;NULL;289D1C;APT-1600FD FP-MACHINE2;5_FPT;5_FPT_BASIC;2025-02-04 00:00:00.000;3;1,1167;0,9333;0,9167
KA25.000028-001;113;226;2;2;126;289D1C;4;3_SEL;3_SELA;2025-02-04 00:00:00.000;4;4,3333;2,5333;2,5333
KA25.000028-001;117;234;2;NULL;NULL;289D1C;2;4_AOI;4_AOI_SIDEB;2025-02-04 00:00:00.000;5;1,6;1,4667;1,45
KA25.000028-002;169;848;5;10;102;289E1F;3;3_SEL;3_SELA;2025-02-04 00:00:00.000;1;2,3167;1,7333;2,9333
KA25.000028-002;200;1000;5;NULL;NULL;289E1F;2;4_AOI;4_AOI_SIDEA;2025-02-04 00:00:00.000;3;1,3833;1,25;1,2
KA25.000028-002;200;1000;5;NULL;NULL;289E1F;APT-1600FD FP-MACHINE;5_FPT;5_FPT_BASIC;2025-02-04 00:00:00.000;4;2,35;1,4;1,25
KA25.000029-002;95;95;1;NULL;NULL;56621A;2;4_AOI;4_AOI_SIDEA;2025-04-11 00:00:00.000;1;0,5;0,4667;0,4
KA25.000029-002;95;95;1;NULL;NULL;56621A;APT-1600FD FP-MACHINE;5_FPT;5_FPT_PREMIUM;2025-04-11 00:00:00.000;2;4,1667;3,5333;3,25
KA25.000031-001;50;100;2;NULL;NULL;11421D;2;4_AOI;4_AOI_SIDEA;2025-03-26 00:00:00.000;1;1,25;0,85;0,7833
KA25.000031-001;46;92;2;4;27;11421D;3;3_SEL;3_SELA;2025-03-26 00:00:00.000;2;2,0333;1,2167;2,1167
KA25.000031-001;50;100;2;NULL;NULL;11421D;APT-1600FD FP-MACHINE;5_FPT;5_FPT_PREMIUM;2025-03-26 00:00:00.000;3;2,3167;1,9167;1,8167
KA25.000041-001;100;200;2;NULL;NULL;476N1A;2;4_AOI;4_AOI_SIDEA;2025-03-05 00:00:00.000;1;1,0667;0,9;0,7333
KA25.000044-002;125;500;4;NULL;NULL;14741D;2;4_AOI;4_AOI_SIDEB;2025-03-25 00:00:00.000;2;1,2;1,1;1,0167
KA25.000044-002;125;500;4;NULL;NULL;14741D;APT-1600FD FP-MACHINE2;5_FPT;5_FPT_BASIC;2025-03-25 00:00:00.000;3;2,5333;2,1333;1,75
KA25.000046-003;59;236;4;NULL;NULL;62851B;2;4_AOI;4_AOI_SMT;2025-06-16 00:00:00.000;1;0,7833;0,55;1,2667
KA25.000046-003;59;236;4;NULL;NULL;62851B;2;4_AOI;4_AOI_SIDEB;2025-06-16 00:00:00.000;2;1,6;1,4;1,2667
KA25.000046-003;58;235;4;8;30;62851B;3;3_SEL;3_SELA;2025-06-16 00:00:00.000;3;2,5333;2,1667;4,25
KA25.000046-003;59;236;4;NULL;NULL;62851B;APT-1600FD FP-MACHINE3;5_FPT;5_FPT_BASIC;2025-06-16 00:00:00.000;4;2,15;1,3;1,2667
KA25.000048-001;25;100;4;NULL;NULL;62811A;2;4_AOI;4_AOI_SMT;2025-04-03 00:00:00.000;1;0,8667;0,5333;0,6167
KA25.000048-001;25;100;4;NULL;NULL;62811A;10;2_ODD;2_ODDA;2025-04-03 00:00:00.000;2;9,0333;7,8333;9,1833
KA25.000048-001;25;100;4;8;13;62811A;3;3_SEL;3_SELA;2025-04-03 00:00:00.000;3;6,2;4,9167;9,8333
KA25.000048-001;25;100;4;NULL;NULL;62811A;2;4_AOI;4_AOI_SIDEB;2025-04-03 00:00:00.000;4;1,9333;1,4333;0,6167
KA25.000048-001;25;100;4;NULL;NULL;62811A;APT-1600FD FP-MACHINE;5_FPT;5_FPT_BASIC;2025-04-03 00:00:00.000;5;3,35;2,55;1,85
KA25.000049-001;40;400;10;NULL;NULL;5106AB;APT-1600FD FP-MACHINE;5_FPT;5_FPT_BASIC;2025-03-27 00:00:00.000;2;1,6333;1,2667;1,25
KA25.000049-001;40;400;10;NULL;NULL;5106AB;2;4_AOI;4_AOI_SIDEA;2025-03-27 00:00:00.000;3;1,8;1,5833;1,4
KA25.000050-001;15;150;10;NULL;NULL;5591BA;2;4_AOI;4_AOI_SIDEA;2025-04-30 00:00:00.000;1;0,9;0,35;0,3667
KA25.000050-001;15;150;10;NULL;NULL;5591BA;APT-1600FD FP-MACHINE3;5_FPT;5_FPT_BASIC;2025-04-30 00:00:00.000;2;2,1333;0,8;0,6333
KA25.000052-001;32;64;2;NULL;NULL;04511F;2;4_AOI;4_AOI_SIDEB;2025-03-20 00:00:00.000;2;4,8;1,05;0,95
KA25.000052-001;32;64;2;NULL;NULL;95991A;2;4_AOI;4_AOI_SIDEB;2025-03-20 00:00:00.000;5;1,1167;0,95;0,95
KA25.000052-001;29;58;2;NULL;NULL;95991A;APT-1600FD FP-MACHINE;5_FPT;5_FPT_BASIC;2025-03-20 00:00:00.000;6;1,0833;0,9;0,9167
KA25.000065-001;58;232;4;NULL;NULL;51041B;2;4_AOI;4_AOI_SIDEB;2025-04-01 00:00:00.000;2;0,95;0,7833;0,75
KA25.000065-001;16;64;4;NULL;NULL;51041B;APT-1600FD FP-MACHINE;5_FPT;5_FPT_BASIC;2025-04-01 00:00:00.000;3;0,7;0,3833;0,4167
KA25.000065-001;42;168;4;NULL;NULL;51041B;APT-1600FD FP-MACHINE3;5_FPT;5_FPT_BASIC;2025-04-01 00:00:00.000;4;0,6833;0,45;0,4167
KA25.000076-018;667;10005;15;NULL;NULL;3976HH;2;4_AOI;4_AOI_SIDEB;2025-12-03 00:00:00.000;2;0,4833;0,45;0,4333
KA25.000076-018;666;9990;15;NULL;NULL;3976HH;APT-1600FD FP-MACHINE2;5_FPT;5_FPT_PREMIUM;2025-12-03 00:00:00.000;3;0,9;0,8667;0,8333
KA25.000079-002;18;37;2;2;23;114O1A;3;3_SEL;3_SELA;2025-05-20 00:00:00.000;2;3,65;2,4667;1,9833
KA25.000081-001;25;100;4;NULL;NULL;62811A;2;4_AOI;4_AOI_SMT;2025-04-16 00:00:00.000;1;0,9167;0,5;0,5167
KA25.000081-001;25;100;4;NULL;NULL;62811A;10;2_ODD;2_ODDA;2025-04-16 00:00:00.000;2;7,45;6,05;6,6667
KA25.000081-001;24;99;4;8;18;62811A;3;3_SEL;3_SELA;2025-04-16 00:00:00.000;3;3,45;2,6167;5,1667
KA25.000081-001;25;100;4;NULL;NULL;62811A;2;4_AOI;4_AOI_SIDEB;2025-04-16 00:00:00.000;4;1,7333;1,3667;0,5167
KA25.000081-001;25;100;4;NULL;NULL;62811A;APT-1600FD FP-MACHINE3;5_FPT;5_FPT_BASIC;2025-04-16 00:00:00.000;5;3,3833;2,7833;2,6167
KA25.000082-002;100;1000;10;NULL;NULL;605B1A;2;4_AOI;4_AOI_SIDEB;2025-06-16 00:00:00.000;1;0,4833;0,3833;0,35
KA25.000082-003;99;990;10;NULL;NULL;605B1A;2;4_AOI;4_AOI_SIDEB;2025-06-16 00:00:00.000;1;0,5333;0,45;0,35
KA25.000083-001;200;1000;5;NULL;NULL;605AAB;2;4_AOI;4_AOI_SIDEB;2025-07-14 00:00:00.000;2;0,8833;0,8;0,7833
KA25.000083-001;196;980;5;NULL;NULL;605AAB;APT-1600FD FP-MACHINE3;5_FPT;5_FPT_BASIC;2025-07-14 00:00:00.000;3;1,2167;1,0833;1,25
KA25.000083-002;200;1000;5;NULL;NULL;605AAB;2;4_AOI;4_AOI_SIDEB;2025-07-14 00:00:00.000;2;0,9;0,7667;0,7833
KA25.000083-002;189;945;5;NULL;NULL;605AAB;APT-1600FD FP-MACHINE2;5_FPT;5_FPT_BASIC;2025-07-14 00:00:00.000;3;1,4167;1,2667;1,25
KA25.000083-002;10;50;5;NULL;NULL;605AAB;APT-1600FD FP-MACHINE3;5_FPT;5_FPT_BASIC;2025-07-14 00:00:00.000;4;3,7833;1,2833;1,3333
KA25.000097-002;40;80;2;2;40;52031A;3;3_SEL;3_SELA;2025-11-14 00:00:00.000;1;5,4167;4,4;4,4
KA25.000097-002;40;80;2;NULL;NULL;52031A;2;4_AOI;4_AOI_SIDEB;2025-11-14 00:00:00.000;2;1,4667;1,2167;1,2167
KA25.000097-002;31;62;2;NULL;NULL;52031A;APT-1600FD FP-MACHINE3;5_FPT;5_FPT_BASIC;2025-11-14 00:00:00.000;3;2,5;2,1833;1,4167
KA25.000098-002;94;94;1;NULL;NULL;52021A;2;4_AOI;4_AOI_SIDEB;2025-09-01 00:00:00.000;1;1,1167;1,0167;1,0167
KA25.000098-002;94;94;1;NULL;NULL;52021A;APT-1600FD FP-MACHINE3;5_FPT;5_FPT_BASIC;2025-09-01 00:00:00.000;2;1,8667;1,3333;1,0833
KA25.000100-001;25;250;10;NULL;NULL;5591AA;2;4_AOI;4_AOI_SIDEA;2025-07-22 00:00:00.000;1;0,8167;0,45;0,3667
KA25.000100-001;25;250;10;NULL;NULL;5591AA;APT-1600FD FP-MACHINE3;5_FPT;5_FPT_BASIC;2025-07-22 00:00:00.000;2;0,7167;0,5167;0,5
KA25.000101-001;25;250;10;NULL;NULL;016AAA;2;4_AOI;4_AOI_SIDEA;2025-04-25 00:00:00.000;1;0,6333;0,3833;0,3833
KA25.000101-001;25;250;10;NULL;NULL;016AAA;APT-1600FD FP-MACHINE;5_FPT;5_FPT_BASIC;2025-04-25 00:00:00.000;2;1,0667;0,8667;0,75
KA25.000102-002;30;60;2;NULL;NULL;95981A;2;4_AOI;4_AOI_SIDEB;2025-08-29 00:00:00.000;1;1,1667;0,9167;0,9
KA25.000104-002;30;60;2;NULL;NULL;95991A;APT-1600FD FP-MACHINE3;5_FPT;5_FPT_BASIC;2025-09-01 00:00:00.000;1;1,8667;1,5333;0,9167
KA25.000104-002;30;60;2;NULL;NULL;95991A;2;4_AOI;4_AOI_SIDEB;2025-09-01 00:00:00.000;2;0,9667;0,8;0,8167
KA25.000110-001;50;200;4;NULL;NULL;006S1A;10;2_ODD;2_ODDA;2025-09-18 00:00:00.000;1;2,1;1,7;1,2667
KA25.000110-001;50;200;4;NULL;NULL;006S1A;2;4_AOI;4_AOI_SIDEB;2025-09-18 00:00:00.000;2;1;0,8667;0,8667
KA25.000110-001;50;200;4;NULL;NULL;006S1A;APT-1600FD FP-MACHINE2;5_FPT;5_FPT_PREMIUM;2025-09-18 00:00:00.000;3;2,8667;2,0667;2
KA25.000118-002;183;732;4;NULL;NULL;515R1C;10;2_ODD;2_ODDA;2025-09-24 00:00:00.000;1;0,7333;0,65;0,5833
KA25.000118-002;70;280;4;8;35;515R1C;3;3_SEL;3_SELB;2025-09-24 00:00:00.000;2;1,8833;1,6667;3,35
KA25.000118-002;183;732;4;NULL;NULL;515R1C;2;4_AOI;4_AOI_SIDEB;2025-09-24 00:00:00.000;3;0,8667;0,8167;0,8
KA25.000118-002;183;732;4;NULL;NULL;515R1C;APT-1600FD FP-MACHINE3;5_FPT;5_FPT_BASIC;2025-09-24 00:00:00.000;4;1,2333;1,0167;0,9167
KA25.000118-002;183;732;4;NULL;NULL;515R1C;9;6_DEP;6_DEP;2025-09-24 00:00:00.000;5;1,55;1,4333;1,0667
KA25.000127-001;26;104;4;NULL;NULL;62811A;2;4_AOI;4_AOI_SMT;2025-05-15 00:00:00.000;2;0,6833;0,5333;0,6333
KA25.000127-001;26;104;4;NULL;NULL;62811A;10;2_ODD;2_ODDA;2025-05-15 00:00:00.000;3;6,0833;4,9333;4,7167
KA25.000127-001;26;104;4;NULL;NULL;62811A;2;4_AOI;4_AOI_SIDEB;2025-05-15 00:00:00.000;4;1,7;1,5167;0,6333
KA25.000127-001;26;104;4;8;13;62811A;3;3_SEL;3_SELA;2025-05-15 00:00:00.000;5;3,7667;2,5167;5,0333
KA25.000127-001;26;104;4;NULL;NULL;62811A;APT-1600FD FP-MACHINE3;5_FPT;5_FPT_BASIC;2025-05-15 00:00:00.000;6;2,7833;1,8167;1,8333
KA25.000128-001;48;240;5;NULL;NULL;12881B;2;4_AOI;4_AOI_SMT;2025-04-18 00:00:00.000;1;0,85;0,65;0,65
KA25.000128-001;48;240;5;10;24;12881B;3;3_SEL;3_SELA;2025-04-18 00:00:00.000;2;2,2333;1,6667;3,3333
KA25.000128-001;48;240;5;NULL;NULL;12881B;2;4_AOI;4_AOI_THT;2025-04-18 00:00:00.000;3;1,8833;1,55;0,65
KA25.000128-001;48;240;5;NULL;NULL;12881B;APT-1600FD FP-MACHINE3;5_FPT;5_FPT_BASIC;2025-04-18 00:00:00.000;4;3,7;2,9667;2,5
KA25.000129-001;25;100;4;NULL;NULL;62811A;10;2_ODD;2_ODDA;2025-05-15 00:00:00.000;1;9,0167;7,0167;8,15
KA25.000129-001;25;100;4;NULL;NULL;62811A;2;4_AOI;4_AOI_SMT;2025-05-15 00:00:00.000;2;0,95;0,5167;0,55
KA25.000129-001;25;100;4;8;13;62811A;3;3_SEL;3_SELA;2025-05-15 00:00:00.000;3;3,4333;2,6;5,05
KA25.000129-001;25;100;4;NULL;NULL;62811A;2;4_AOI;4_AOI_SIDEB;2025-05-15 00:00:00.000;4;1,65;1,45;0,55
KA25.000129-001;25;100;4;NULL;NULL;62811A;APT-1600FD FP-MACHINE3;5_FPT;5_FPT_BASIC;2025-05-15 00:00:00.000;5;2,4667;1,8667;1,8333
KA25.000139-001;10;500;50;NULL;NULL;505K1C;2;4_AOI;4_AOI_SIDEB;2025-05-06 00:00:00.000;1;2,2333;1,1167;0,8667
KA25.000148-001;105;840;8;NULL;NULL;69181D;2;4_AOI;4_AOI_SIDEB;2025-06-30 00:00:00.000;1;1,4;1,2167;1,1833
KA25.000148-001;32;256;8;NULL;NULL;69181D;APT-1600FD FP-MACHINE;5_FPT;5_FPT_BASIC;2025-06-30 00:00:00.000;2;5,65;4,5667;4,3333
KA25.000150-002;51;51;1;NULL;NULL;57421A;2;4_AOI;4_AOI_SIDEB;2025-05-30 00:00:00.000;1;1,6167;1,2667;1,2833
KA25.000150-002;51;51;1;NULL;NULL;57421A;APT-1600FD FP-MACHINE3;5_FPT;5_FPT_BASIC;2025-05-30 00:00:00.000;2;2,45;1,85;1,75
KA25.000161-001;10;50;5;NULL;NULL;913A1B;2;4_AOI;4_AOI_SIDEA;2025-05-16 00:00:00.000;1;1,4833;0,85;0,8333
KA25.000161-001;10;50;5;NULL;NULL;913A1B;APT-1600FD FP-MACHINE;5_FPT;5_FPT_PREMIUM;2025-05-16 00:00:00.000;2;10,6333;9,1333;8,9167
KA25.000162-002;45;90;2;4;29;54311C;3;3_SEL;3_SELA;2025-09-29 00:00:00.000;1;1,4333;0,85;1,7
KA25.000162-002;45;90;2;NULL;NULL;54311C;2;4_AOI;4_AOI_SIDEB;2025-09-29 00:00:00.000;2;1,3333;1,1333;1,1333
KA25.000162-002;45;90;2;NULL;NULL;54311C;APT-1600FD FP-MACHINE3;5_FPT;5_FPT_BASIC;2025-09-29 00:00:00.000;3;4,1667;2,7167;3,2167
KA25.000163-001;17;255;15;NULL;NULL;029U1A;2;4_AOI;4_AOI_SIDEA;2025-06-26 00:00:00.000;1;1,0833;0,4833;0,4
KA25.000165-001;10;100;10;NULL;NULL;016B1B;2;4_AOI;4_AOI_SMT;2025-04-30 00:00:00.000;1;1,5833;0,95;0,8333
KA25.000165-001;10;100;10;10;10;016B1B;3;3_SEL;3_SELA;2025-04-30 00:00:00.000;2;3,9167;3,0333;3,0333
KA25.000165-001;10;100;10;NULL;NULL;016B1B;2;4_AOI;4_AOI_THT;2025-04-30 00:00:00.000;3;1,8167;1,05;0,8333
KA25.000179-001;39;1950;50;NULL;NULL;505K1C;8;1_SMT;1_SMTB;2026-05-20 00:00:00.000;1;2,05;1,55;1,5667
KA25.000179-001;40;2000;50;NULL;NULL;505K1C;2;4_AOI;4_AOI_SIDEB;2026-05-20 00:00:00.000;2;1,2833;0,85;0,8333
KA25.000186-001;84;168;2;8;26;78061A;3;3_SEL;3_SELA;2025-05-08 00:00:00.000;1;1,05;0,65;2,0833
KA25.000186-001;85;170;2;NULL;NULL;78061A;2;4_AOI;4_AOI_SIDEB;2025-05-08 00:00:00.000;2;0,8833;0,7833;0,75
KA25.000186-001;100;200;2;NULL;NULL;78061A;APT-1600FD FP-MACHINE3;5_FPT;5_FPT_BASIC;2025-05-08 00:00:00.000;3;1,1;0,8;0,5
KA25.000193-013;19;57;3;6;17;794E1A;3;3_SEL;3_SELA;2025-07-15 00:00:00.000;1;1,2833;0,8833;1,25
KA25.000193-013;26;78;3;NULL;NULL;794E1A;2;4_AOI;4_AOI_SIDEB;2025-07-15 00:00:00.000;2;1,2667;0,9333;0,95
KA25.000193-013;26;78;3;NULL;NULL;794E1A;APT-1600FD FP-MACHINE2;5_FPT;5_FPT_BASIC;2025-07-15 00:00:00.000;3;1,2833;0,7167;0,75
KA25.000193-014;26;78;3;NULL;NULL;794D1D;2;4_AOI;4_AOI_SIDEB;2025-07-15 00:00:00.000;2;1,6167;1,45;1,2833
KA25.000193-014;26;78;3;NULL;NULL;794D1D;APT-1600FD FP-MACHINE3;5_FPT;5_FPT_BASIC;2025-07-15 00:00:00.000;3;2,7667;2,3833;1,9167
KA25.000193-015;23;70;3;6;13;794CAD;3;3_SEL;3_SELA;2025-07-14 00:00:00.000;1;2,5667;1,9833;3,6
KA25.000193-015;26;78;3;NULL;NULL;794CAD;2;4_AOI;4_AOI_SIDEB;2025-07-14 00:00:00.000;2;1,4833;1,3;1,3
KA25.000193-015;26;78;3;NULL;NULL;794CAD;APT-1600FD FP-MACHINE2;5_FPT;5_FPT_BASIC;2025-07-14 00:00:00.000;3;2,1833;2;1,9167
KA25.000193-016;22;68;3;6;12;794CED;3;3_SEL;3_SELA;2025-07-15 00:00:00.000;1;2,15;1,75;3,35
KA25.000193-016;26;78;3;NULL;NULL;794CED;2;4_AOI;4_AOI_SIDEB;2025-07-15 00:00:00.000;2;1,4333;1,2667;1,25
KA25.000193-016;26;78;3;NULL;NULL;794CED;APT-1600FD FP-MACHINE2;5_FPT;5_FPT_BASIC;2025-07-15 00:00:00.000;3;2,3167;1,75;1,8333
KA25.000193-017;78;78;1;NULL;NULL;794B12;2;4_AOI;4_AOI_SIDEA;2025-07-17 00:00:00.000;1;1,65;1,4333;1,4333
KA25.000193-017;78;78;1;NULL;NULL;794B12;APT-1600FD FP-MACHINE3;5_FPT;5_FPT_BASIC;2025-07-17 00:00:00.000;2;3,2667;2,55;2,1667
KA25.000202-001;63;126;2;4;51;266C1B;3;3_SEL;3_SELA;2025-06-16 00:00:00.000;1;3,3167;2,3333;2,8833
KA25.000202-001;101;202;2;NULL;NULL;266C1B;2;4_AOI;4_AOI_SIDEA;2025-06-16 00:00:00.000;2;1,45;1,25;1,0833
KA25.000202-001;101;202;2;NULL;NULL;266C1B;APT-1600FD FP-MACHINE2;5_FPT;5_FPT_PREMIUM;2025-06-16 00:00:00.000;3;3,8;3,5;3,5
KA25.000202-002;89;178;2;4;53;266C1B;3;3_SEL;3_SELA;2025-09-02 00:00:00.000;1;2,5667;1,7833;3,05
KA25.000202-002;100;200;2;NULL;NULL;266C1B;2;4_AOI;4_AOI_SIDEA;2025-09-02 00:00:00.000;2;1,3667;1,0833;1,05
KA25.000202-002;100;200;2;NULL;NULL;266C1B;APT-1600FD FP-MACHINE2;5_FPT;5_FPT_PREMIUM;2025-09-02 00:00:00.000;3;3,6333;3,4833;3,5
KA25.000204-001;20;80;4;NULL;NULL;58661A;2;4_AOI;4_AOI_SIDEB;2025-09-15 00:00:00.000;1;3,1167;2,4;2,1833
KA25.000204-001;20;80;4;NULL;NULL;58661A;APT-1600FD FP-MACHINE2;5_FPT;5_FPT_BASIC;2025-09-15 00:00:00.000;2;4,4167;2,4167;2,5833
KA25.000206-001;126;252;2;4;75;20661C;3;3_SEL;3_SELA;2025-09-01 00:00:00.000;1;1,3667;0,6833;1,3667
KA25.000206-001;126;252;2;NULL;NULL;20661C;2;4_AOI;4_AOI_SIDEB;2025-09-01 00:00:00.000;2;1,2667;1,1;0,9833
KA25.000206-001;126;252;2;NULL;NULL;20661C;APT-1600FD FP-MACHINE;5_FPT;5_FPT_PREMIUM;2025-09-01 00:00:00.000;3;2,7667;2,5;2,4167
KA25.000206-002;125;250;2;2;137;20661C;4;3_SEL;3_SELA;2025-11-14 00:00:00.000;1;1,75;1,1;1,1
KA25.000206-002;125;250;2;NULL;NULL;20661C;2;4_AOI;4_AOI_SIDEB;2025-11-14 00:00:00.000;2;1,2333;1,1167;1,1333
KA25.000206-002;125;250;2;NULL;NULL;20661C;APT-1600FD FP-MACHINE3;5_FPT;5_FPT_PREMIUM;2025-11-14 00:00:00.000;3;2,85;2,5667;2,5
KA25.000206-002;125;250;2;NULL;NULL;20661C;9;6_DEP;6_DEP;2025-11-14 00:00:00.000;4;1,0167;0,9833;0,9167
KA25.000207-001;200;400;2;NULL;NULL;54621A;2;4_AOI;4_AOI_SIDEB;2026-01-12 00:00:00.000;1;1,1667;1,05;1,0167
KA25.000207-001;195;391;2;8;51;54621A;3;3_SEL;3_SELA;2026-01-12 00:00:00.000;2;1,9333;1,3833;5,3833
KA25.000207-001;183;366;2;NULL;NULL;54621A;APT-1600FD FP-MACHINE;5_FPT;5_FPT_BASIC;2026-01-12 00:00:00.000;3;2,0667;1,7667;1,75
KA25.000208-001;10;100;10;NULL;NULL;51061B;2;4_AOI;4_AOI_SIDEA;2025-05-21 00:00:00.000;2;2,45;1,6167;1,3667
KA25.000208-001;10;100;10;NULL;NULL;51061B;APT-1600FD FP-MACHINE2;5_FPT;5_FPT_BASIC;2025-05-21 00:00:00.000;3;3,0833;1,5833;1,4167
KA25.000212-001;10;50;5;NULL;NULL;128P1A;2;4_AOI;4_AOI_SMT;2025-06-05 00:00:00.000;1;0,95;0,45;0,45
KA25.000212-001;10;50;5;NULL;NULL;128P1A;2;4_AOI;4_AOI_SIDEB;2025-06-05 00:00:00.000;2;2,0667;1,0667;0,45
KA25.000212-001;10;50;5;NULL;NULL;128P1A;APT-1600FD FP-MACHINE;5_FPT;5_FPT_BASIC;2025-06-05 00:00:00.000;4;3,3667;2,3667;2,3333
KA25.000216-003;60;240;4;NULL;NULL;62851B;2;4_AOI;4_AOI_SMT;2025-09-22 00:00:00.000;1;0,5333;0,4167;1,25
KA25.000216-003;59;239;4;8;30;62851B;3;3_SEL;3_SELA;2025-09-22 00:00:00.000;2;2,45;2,1167;4,25
KA25.000216-003;60;240;4;NULL;NULL;62851B;2;4_AOI;4_AOI_SIDEB;2025-09-22 00:00:00.000;3;1,65;1,45;1,25
KA25.000216-003;44;176;4;NULL;NULL;62851B;APT-1600FD FP-MACHINE3;5_FPT;5_FPT_BASIC;2025-09-22 00:00:00.000;4;1,8167;1,4667;1,3333
KA25.000216-003;16;64;4;NULL;NULL;62851B;APT-1600FD FP-MACHINE;5_FPT;5_FPT_BASIC;2025-09-22 00:00:00.000;5;1,9833;1,35;1,25
KA25.000218-003;53;212;4;NULL;NULL;62851B;2;4_AOI;4_AOI_SMT;2025-08-05 00:00:00.000;1;0,6;0,4833;1,2167
KA25.000218-003;53;212;4;NULL;NULL;62851B;2;4_AOI;4_AOI_SIDEB;2025-08-05 00:00:00.000;2;1,6167;1,3833;1,2167
KA25.000218-003;23;92;4;NULL;NULL;62851B;APT-1600FD FP-MACHINE;5_FPT;5_FPT_BASIC;2025-08-05 00:00:00.000;3;2,95;1,65;1,3167
KA25.000218-003;32;128;4;NULL;NULL;62851B;APT-1600FD FP-MACHINE2;5_FPT;5_FPT_BASIC;2025-08-05 00:00:00.000;4;2,5167;1,7333;1,3333
KA25.000232-001;50;50;1;1;51;487H1B;4;3_SEL;3_SELA;2025-12-04 00:00:00.000;1;4,6667;2,95;2,95
KA25.000232-001;50;50;1;NULL;NULL;487H1B;2;4_AOI;4_AOI_SIDEB;2025-12-04 00:00:00.000;2;1,55;1,3667;1,3667
KA25.000232-001;50;50;1;NULL;NULL;487H1B;APT-1600FD FP-MACHINE3;5_FPT;5_FPT_BASIC;2025-12-04 00:00:00.000;3;2,0833;1,4833;1,4167
KA25.000232-002;50;50;1;1;51;487H1B;3;3_SEL;3_SELA;2026-02-04 00:00:00.000;1;4,9833;4,35;4,35
KA25.000232-002;50;50;1;NULL;NULL;487H1B;2;4_AOI;4_AOI_SIDEB;2026-02-04 00:00:00.000;2;1,5;1,35;1,1833
KA25.000232-002;50;50;1;NULL;NULL;487H1B;APT-1600FD FP-MACHINE2;5_FPT;5_FPT_BASIC;2026-02-04 00:00:00.000;3;2,4833;1,7833;1,5
KA25.000232-003;50;50;1;NULL;NULL;487H1B;8;1_SMT;1_SMTA;2026-03-12 00:00:00.000;1;1,35;0,95;0,5833
KA25.000232-003;50;50;1;NULL;NULL;487H1B;2;4_AOI;4_AOI_SIDEB;2026-03-12 00:00:00.000;4;1,4333;1,2667;1,2
KA25.000232-003;50;50;1;NULL;NULL;487H1B;APT-1600FD FP-MACHINE2;5_FPT;5_FPT_BASIC;2026-03-12 00:00:00.000;5;1,85;1,55;1,4167
KA25.000234-002;56;112;2;NULL;NULL;52981A;2;4_AOI;4_AOI_SIDEB;2025-07-24 00:00:00.000;1;1,3167;0,9167;0,9167
KA25.000234-002;55;110;2;NULL;NULL;52981A;APT-1600FD FP-MACHINE2;5_FPT;5_FPT_PREMIUM;2025-07-24 00:00:00.000;2;2,9333;2,0333;1,9333
KA25.000235-008;43;86;2;NULL;NULL;52991A;2;4_AOI;4_AOI_SIDEB;2025-07-24 00:00:00.000;1;1,0667;0,8667;0,8667
KA25.000235-008;43;86;2;NULL;NULL;52991A;APT-1600FD FP-MACHINE3;5_FPT;5_FPT_PREMIUM;2025-07-24 00:00:00.000;2;2,9333;2,35;2,3333
KA25.000238-001;25;50;2;NULL;NULL;074A1A;2;4_AOI;4_AOI_SIDEA;2025-09-22 00:00:00.000;2;1,3667;1,05;0,8667
KA25.000250-003;70;280;4;NULL;NULL;62851B;2;4_AOI;4_AOI_SMT;2025-10-13 00:00:00.000;1;0,75;0,5;1,2833
KA25.000250-003;70;280;4;8;36;62851B;3;3_SEL;3_SELA;2025-10-13 00:00:00.000;2;2,6;2,1667;4,25
KA25.000250-003;70;280;4;NULL;NULL;62851B;APT-1600FD FP-MACHINE2;5_FPT;5_FPT_BASIC;2025-10-13 00:00:00.000;3;2,1167;1,55;1,3333
KA25.000250-003;70;280;4;NULL;NULL;62851B;2;4_AOI;4_AOI_SIDEB;2025-10-13 00:00:00.000;4;1,6833;1,35;1,2833
KA25.000250-003;70;280;4;NULL;NULL;62851B;9;6_DEP;6_DEP;2025-10-13 00:00:00.000;5;1;0,8;0,75
KA25.000256-001;30;1500;50;NULL;NULL;01631A;2;4_AOI;4_AOI_SIDEB;2025-09-03 00:00:00.000;1;1,4833;1,0833;0,9667
KA25.000256-001;30;1500;50;NULL;NULL;01631A;APT-1600FD FP-MACHINE;5_FPT;5_FPT_BASIC;2025-09-03 00:00:00.000;2;1,0333;0,7;0,8333
KA25.000262-001;10;50;5;NULL;NULL;128P1A;2;4_AOI;4_AOI_SMT;2025-09-05 00:00:00.000;1;1,0167;1,0167;1,2667
KA25.000262-001;10;50;5;NULL;NULL;128P1A;2;4_AOI;4_AOI_SIDEB;2025-09-05 00:00:00.000;2;1,9333;1,3333;1,2667
KA25.000262-001;10;50;5;NULL;NULL;128P1A;APT-1600FD FP-MACHINE3;5_FPT;5_FPT_BASIC;2025-09-05 00:00:00.000;3;2,7333;1,2333;1,25
KA25.000264-001;10;200;20;NULL;NULL;5461CA;2;4_AOI;4_AOI_SIDEA;2025-06-16 00:00:00.000;1;1,6333;1,35;1,1333
KA25.000264-001;10;200;20;NULL;NULL;5461CA;APT-1600FD FP-MACHINE;5_FPT;5_FPT_PREMIUM;2025-06-16 00:00:00.000;2;2,6667;2,1667;1,5
KA25.000269-002;145;1450;10;NULL;NULL;56521A;10;2_ODD;2_ODDA;2025-10-02 00:00:00.000;1;2,8167;1,9;1,4667
KA25.000269-002;145;1450;10;NULL;NULL;56521A;2;4_AOI;4_AOI_SIDEB;2025-10-02 00:00:00.000;3;1,1167;0,8833;0,85
KA25.000269-002;137;1370;10;NULL;NULL;56521A;APT-1600FD FP-MACHINE;5_FPT;5_FPT_BASIC;2025-10-02 00:00:00.000;4;1,7333;1,55;1,5
KA25.000270-001;34;1020;30;NULL;NULL;128A1B;2;4_AOI;4_AOI_SIDEA;2025-09-19 00:00:00.000;1;0,8;0,5167;0,5167
KA25.000270-001;34;1020;30;NULL;NULL;128A1B;APT-1600FD FP-MACHINE2;5_FPT;5_FPT_BASIC;2025-09-19 00:00:00.000;2;2,3167;1,4333;1,3333
KA25.000273-001;153;306;2;NULL;NULL;54621A;10;2_ODD;2_ODDA;2025-10-10 00:00:00.000;1;0,7167;0,65;0,5667
KA25.000273-001;153;306;2;8;39;54621A;3;3_SEL;3_SELA;2025-10-10 00:00:00.000;2;1,7833;1,4;5,6
KA25.000273-001;153;306;2;NULL;NULL;54621A;2;4_AOI;4_AOI_SIDEB;2025-10-10 00:00:00.000;3;1,1667;0,8833;0,9
KA25.000273-001;152;304;2;NULL;NULL;54621A;APT-1600FD FP-MACHINE;5_FPT;5_FPT_BASIC;2025-10-10 00:00:00.000;4;2,4667;2,0167;1,7667
KA25.000275-001;100;100;1;NULL;NULL;132D1A;2;4_AOI;4_AOI_SIDEA;2025-09-23 00:00:00.000;2;1,2667;1,05;0,9833
KA25.000275-001;69;69;1;NULL;NULL;132D1A;APT-1600FD FP-MACHINE2;5_FPT;5_FPT_BASIC;2025-09-23 00:00:00.000;4;1,3;0,9333;0,8333
KA25.000275-002;110;110;1;NULL;NULL;132D1A;8;1_SMT;1_SMTB;2026-05-29 00:00:00.000;1;1,0333;0,8;0,4
KA25.000275-002;105;105;1;4;30;132D1A;3;3_SEL;3_SELB;2026-05-29 00:00:00.000;2;0,6833;0,6667;2,5833
KA25.000275-002;110;110;1;NULL;NULL;132D1A;2;4_AOI;4_AOI_SIDEA;2026-05-29 00:00:00.000;3;1,0833;0,95;0,95
KA25.000275-002;109;109;1;NULL;NULL;132D1A;9;6_DEP;6_DEP;2026-05-29 00:00:00.000;5;0,95;0,4833;0,3833
KA25.000275-002;84;84;1;NULL;NULL;132D1A;APT-1600FD FP-MACHINE3;5_FPT;5_FPT_BASIC;2026-05-29 00:00:00.000;6;1,05;0,9833;0,8333
KA25.000276-001;44;176;4;NULL;NULL;62811A;2;4_AOI;4_AOI_SMT;2025-08-18 00:00:00.000;1;0,8;0,6167;0,5167
KA25.000276-001;44;176;4;NULL;NULL;62811A;10;2_ODD;2_ODDA;2025-08-18 00:00:00.000;2;7,5;6,1333;6,7
KA25.000276-001;44;176;4;NULL;NULL;62811A;2;4_AOI;4_AOI_SIDEB;2025-08-18 00:00:00.000;3;1,5833;1,4833;0,5167
KA25.000276-001;44;176;4;NULL;NULL;62811A;APT-1600FD FP-MACHINE2;5_FPT;5_FPT_BASIC;2025-08-18 00:00:00.000;4;3,6;2,45;1,9167
KA25.000288-001;10;200;20;NULL;NULL;115Z1A;2;4_AOI;4_AOI_SIDEA;2025-07-11 00:00:00.000;1;0,7;0,7;0,35
KA25.000288-001;10;200;20;NULL;NULL;115Z1A;APT-1600FD FP-MACHINE2;5_FPT;5_FPT_BASIC;2025-07-11 00:00:00.000;2;1,5833;1,0833;1,0833
KA25.000288-002;10;200;20;NULL;NULL;115ZAA;2;4_AOI;4_AOI_SIDEA;2025-07-11 00:00:00.000;1;0,85;0,35;0,35
KA25.000288-002;10;200;20;NULL;NULL;115ZAA;APT-1600FD FP-MACHINE2;5_FPT;5_FPT_BASIC;2025-07-11 00:00:00.000;2;1,55;0,55;0,4167
KA25.000297-001;14;140;10;10;15;62211B;3;3_SEL;3_SELA;2025-07-15 00:00:00.000;1;2,7667;1,85;1,85
KA25.000297-001;14;140;10;NULL;NULL;62211B;2;4_AOI;4_AOI_SIDEB;2025-07-15 00:00:00.000;2;1,6167;1,25;1,2667
KA25.000297-001;14;140;10;NULL;NULL;62211B;APT-1600FD FP-MACHINE;5_FPT;5_FPT_PREMIUM;2025-07-15 00:00:00.000;3;17,85;15,7;18,2833
KA25.000297-002;14;140;10;NULL;NULL;62211B;2;4_AOI;4_AOI_SIDEB;2025-08-21 00:00:00.000;1;1,7167;1,2667;1,25
KA25.000297-002;14;140;10;NULL;NULL;62211B;APT-1600FD FP-MACHINE;5_FPT;5_FPT_PREMIUM;2025-08-21 00:00:00.000;2;13,25;11,4667;12,35
KA25.000299-001;10;50;5;NULL;NULL;206NAC;2;4_AOI;4_AOI_SIDEB;2025-07-11 00:00:00.000;1;1,4;0,9;0,9
KA25.000299-001;10;50;5;NULL;NULL;206NAC;APT-1600FD FP-MACHINE;5_FPT;5_FPT_PREMIUM;2025-07-11 00:00:00.000;2;2,2333;1,2333;1,25
KA25.000300-001;145;290;2;NULL;NULL;006D1A;10;2_ODD;2_ODDA;2025-09-04 00:00:00.000;1;6,0667;5,15;5,2833
KA25.000300-001;145;290;2;2;145;006D1A;3;3_SEL;3_SELA;2025-09-04 00:00:00.000;2;2,95;2,5167;2,5167
KA25.000300-001;145;290;2;NULL;NULL;006D1A;2;4_AOI;4_AOI_SIDEB;2025-09-04 00:00:00.000;3;1,7333;1,4667;1,3667
KA25.000300-001;62;124;2;NULL;NULL;006D1A;APT-1600FD FP-MACHINE2;5_FPT;5_FPT_PREMIUM;2025-09-04 00:00:00.000;4;6,15;4,8667;4,75
KA25.000300-001;83;166;2;NULL;NULL;006D1A;APT-1600FD FP-MACHINE;5_FPT;5_FPT_PREMIUM;2025-09-04 00:00:00.000;5;5,7833;4,75;4,6833
KA25.000301-003;30;60;2;NULL;NULL;53611B;2;4_AOI;4_AOI_SIDEB;2025-10-16 00:00:00.000;1;1,3;1,05;1,05
KA25.000301-003;30;60;2;2;30;53611B;3;3_SEL;3_SELA;2025-10-16 00:00:00.000;2;1,65;1,25;1,25
KA25.000301-003;30;60;2;NULL;NULL;53611B;APT-1600FD FP-MACHINE3;5_FPT;5_FPT_PREMIUM;2025-10-16 00:00:00.000;3;4,8;4,3;4,3333
KA25.000302-003;72;144;2;NULL;NULL;53621B;2;4_AOI;4_AOI_SIDEB;2025-10-16 00:00:00.000;1;1,3667;1,2167;1,15
KA25.000302-003;27;54;2;NULL;NULL;53621B;APT-1600FD FP-MACHINE3;5_FPT;5_FPT_PREMIUM;2025-10-16 00:00:00.000;2;15,75;13,9;14,1833
KA25.000302-003;45;90;2;NULL;NULL;53621B;APT-1600FD FP-MACHINE2;5_FPT;5_FPT_PREMIUM;2025-10-16 00:00:00.000;3;15;13,6667;13,3333
KA25.000314-001;16;64;4;NULL;NULL;58641B;2;4_AOI;4_AOI_SIDEB;2025-08-25 00:00:00.000;1;1,2667;0,7333;0,7333
KA25.000314-001;16;64;4;NULL;NULL;58641B;APT-1600FD FP-MACHINE3;5_FPT;5_FPT_BASIC;2025-08-25 00:00:00.000;2;0,8333;0,5167;0,5
KA25.000316-001;10;50;5;NULL;NULL;206N1C;2;4_AOI;4_AOI_SIDEB;2026-01-27 00:00:00.000;2;1,4167;0,9167;0,9167
KA25.000316-001;10;50;5;NULL;NULL;206N1C;APT-1600FD FP-MACHINE2;5_FPT;5_FPT_PREMIUM;2026-01-27 00:00:00.000;3;3,0833;1,5833;1,25
KA25.000316-001;10;50;5;NULL;NULL;206N1C;9;6_DEP;6_DEP;2026-01-27 00:00:00.000;4;1,45;0,95;0,7167
KA25.000317-001;45;405;9;NULL;NULL;00681A;2;4_AOI;4_AOI_SIDEB;2025-09-04 00:00:00.000;2;1,0167;0,9167;0,8833
KA25.000317-001;45;405;9;NULL;NULL;00681A;APT-1600FD FP-MACHINE2;5_FPT;5_FPT_PREMIUM;2025-09-04 00:00:00.000;3;1,7667;1,4333;1,5
KA25.000317-002;34;310;9;18;31;00681A;4;3_SEL;3_SELA;2026-04-10 00:00:00.000;1;7,3833;6,4;9,6
KA25.000317-002;44;396;9;NULL;NULL;00681A;11;4_AOI;4_AOI_SIDEB;2026-04-10 00:00:00.000;2;1,05;0,8333;0,8333
KA25.000317-002;43;387;9;NULL;NULL;00681A;APT-1600FD FP-MACHINE;5_FPT;5_FPT_PREMIUM;2026-04-10 00:00:00.000;3;2,2833;1,7;1,5833
KA25.000318-001;80;400;5;NULL;NULL;006Y1C;10;2_ODD;2_ODDA;2025-08-05 00:00:00.000;1;1,55;1,1667;0,8833
KA25.000318-001;80;400;5;NULL;NULL;006Y1C;2;4_AOI;4_AOI_SIDEB;2025-08-05 00:00:00.000;2;1,0833;0,8833;0,8167
KA25.000318-001;80;400;5;NULL;NULL;006Y1C;APT-1600FD FP-MACHINE3;5_FPT;5_FPT_PREMIUM;2025-08-05 00:00:00.000;3;1,0667;0,6833;0,6667
KA25.000318-002;79;395;5;NULL;NULL;006Y1C;10;2_ODD;2_ODDA;2025-12-03 00:00:00.000;1;2,4;1,7667;1,4833
KA25.000318-002;79;396;5;20;23;006Y1C;3;3_SEL;3_SELA;2025-12-03 00:00:00.000;2;1,4333;1,05;4,0833
KA25.000318-002;80;400;5;NULL;NULL;006Y1C;2;4_AOI;4_AOI_SIDEB;2025-12-03 00:00:00.000;3;1,3833;1,0667;0,95
KA25.000318-002;80;400;5;NULL;NULL;006Y1C;APT-1600FD FP-MACHINE2;5_FPT;5_FPT_PREMIUM;2025-12-03 00:00:00.000;4;0,9833;0,7333;0,75
KA25.000318-002;79;395;5;NULL;NULL;006Y1C;9;6_DEP;6_DEP;2025-12-03 00:00:00.000;5;1,0333;0,9667;0,85
KA25.000322-001;10;100;10;10;10;408C1A;3;3_SEL;3_SELA;2025-09-02 00:00:00.000;1;4,8667;3,2167;3,2167
KA25.000322-001;10;100;10;NULL;NULL;408C1A;2;4_AOI;4_AOI_SIDEB;2025-09-02 00:00:00.000;2;1,2667;1;0,8333
KA25.000322-001;10;100;10;NULL;NULL;408C1A;APT-1600FD FP-MACHINE3;5_FPT;5_FPT_PREMIUM;2025-09-02 00:00:00.000;3;1,85;1,35;1,3333
KA25.000327-001;25;50;2;NULL;NULL;206IAI;2;4_AOI;4_AOI_SIDEB;2025-08-07 00:00:00.000;1;1,8667;1,5167;1,2833
KA25.000327-001;25;50;2;NULL;NULL;206IAI;APT-1600FD FP-MACHINE;5_FPT;5_FPT_PREMIUM;2025-08-07 00:00:00.000;2;6,2;4,6;4,5833
KA25.000328-001;92;184;2;NULL;NULL;20661C;2;4_AOI;4_AOI_SIDEB;2025-12-17 00:00:00.000;1;1,25;1,15;1,1333
KA25.000328-001;81;163;2;4;50;20661C;3;3_SEL;3_SELA;2025-12-17 00:00:00.000;2;1;0,7167;1,3
KA25.000328-001;92;184;2;NULL;NULL;20661C;APT-1600FD FP-MACHINE2;5_FPT;5_FPT_PREMIUM;2025-12-17 00:00:00.000;3;2,7167;2,55;2,5
KA25.000328-001;91;182;2;NULL;NULL;20661C;9;6_DEP;6_DEP;2025-12-17 00:00:00.000;4;1,1167;0,85;0,7333
KA25.000328-002;100;200;2;NULL;NULL;20661C;8;1_SMT;1_SMTB;2026-03-24 00:00:00.000;1;0,6;0,5;0,4
KA25.000328-002;100;200;2;NULL;NULL;20661C;8;1_SMT;1_SMTA;2026-03-24 00:00:00.000;2;1,3667;0,95;0,4
KA25.000328-002;97;194;2;4;51;20661C;3;3_SEL;3_SELA;2026-03-24 00:00:00.000;3;1,1667;0,7667;1,5
KA25.000328-002;100;200;2;NULL;NULL;20661C;2;4_AOI;4_AOI_SIDEB;2026-03-24 00:00:00.000;4;1,3167;1,1667;1,1333
KA25.000328-002;100;200;2;NULL;NULL;20661C;APT-1600FD FP-MACHINE;5_FPT;5_FPT_PREMIUM;2026-03-24 00:00:00.000;5;2,5333;2,4833;2,5
KA25.000328-002;100;200;2;NULL;NULL;20661C;9;6_DEP;6_DEP;2026-03-24 00:00:00.000;6;0,8333;0,75;0,7333
KA25.000328-003;100;200;2;NULL;NULL;20661C;8;1_SMT;1_SMTB;2026-05-19 00:00:00.000;1;0,8167;0,4667;0,4
KA25.000328-003;100;200;2;NULL;NULL;20661C;8;1_SMT;1_SMTA;2026-05-19 00:00:00.000;2;1,2;1;0,4
KA25.000328-003;76;152;2;4;52;20661C;3;3_SEL;3_SELA;2026-05-19 00:00:00.000;3;1,85;1,5333;2,3
KA25.000328-003;100;200;2;NULL;NULL;20661C;2;4_AOI;4_AOI_SIDEB;2026-05-19 00:00:00.000;4;1,3667;1,1333;1,1333
KA25.000328-003;100;200;2;NULL;NULL;20661C;APT-1600FD FP-MACHINE;5_FPT;5_FPT_PREMIUM;2026-05-19 00:00:00.000;5;2,7333;2,4833;2,5
KA25.000328-003;99;198;2;NULL;NULL;20661C;9;6_DEP;6_DEP;2026-05-19 00:00:00.000;6;0,7833;0,6833;0,7333
KA25.000332-001;125;250;2;NULL;NULL;266C1B;2;4_AOI;4_AOI_SIDEA;2025-10-23 00:00:00.000;1;1,3167;1,0833;1,05
KA25.000332-001;65;130;2;4;33;266C1B;3;3_SEL;3_SELA;2025-10-23 00:00:00.000;2;2,15;1,7833;3,5333
KA25.000332-001;125;250;2;NULL;NULL;266C1B;APT-1600FD FP-MACHINE;5_FPT;5_FPT_PREMIUM;2025-10-23 00:00:00.000;3;3,9;3,5833;3,5
KA25.000332-001;125;250;2;NULL;NULL;266C1B;9;6_DEP;6_DEP;2025-10-23 00:00:00.000;4;0,8;0,6333;0,55
KA25.000332-002;125;250;2;4;84;266C1B;3;3_SEL;3_SELA;2025-11-03 00:00:00.000;1;2,1;1,7;3,35
KA25.000332-002;125;250;2;NULL;NULL;266C1B;2;4_AOI;4_AOI_SIDEA;2025-11-03 00:00:00.000;2;1,35;1,0667;1,05
KA25.000332-002;125;250;2;NULL;NULL;266C1B;9;6_DEP;6_DEP;2025-11-03 00:00:00.000;3;1,1833;1,0333;1,0167
KA25.000332-002;125;250;2;NULL;NULL;266C1B;APT-1600FD FP-MACHINE2;5_FPT;5_FPT_PREMIUM;2025-11-03 00:00:00.000;4;3,7333;3,5333;3,5167
KA25.000332-003;103;206;2;4;56;266C1B;3;3_SEL;3_SELA;2026-02-17 00:00:00.000;1;2,4667;1,8667;3,4333
KA25.000332-003;22;44;2;2;22;266C1B;4;3_SEL;3_SELA;2026-02-17 00:00:00.000;2;6,35;5,3167;5,3167
KA25.000332-003;125;250;2;NULL;NULL;266C1B;2;4_AOI;4_AOI_SIDEA;2026-02-17 00:00:00.000;3;1,1833;1,0667;1,05
KA25.000332-003;125;250;2;NULL;NULL;266C1B;APT-1600FD FP-MACHINE3;5_FPT;5_FPT_PREMIUM;2026-02-17 00:00:00.000;4;4,6333;4,2833;4,5833
KA25.000332-003;124;248;2;NULL;NULL;266C1B;9;6_DEP;6_DEP;2026-02-17 00:00:00.000;5;0,7667;0,6167;0,55
KA25.000332-004;125;250;2;NULL;NULL;266C1B;8;1_SMT;1_SMTA;2026-06-15 00:00:00.000;1;0,8667;0,7;0,5
KA25.000332-004;86;172;2;NULL;NULL;266C1B;11;4_AOI;4_AOI_SIDEA;2026-06-15 00:00:00.000;2;1,2333;1,05;0,9833
KA25.000332-004;124;249;2;4;248;266C1B;3;3_SEL;3_SELA;2026-06-15 00:00:00.000;3;2,4;1,9167;1,9667
KA25.000332-004;125;250;2;NULL;NULL;266C1B;APT-1600FD FP-MACHINE;5_FPT;5_FPT_PREMIUM;2026-06-15 00:00:00.000;4;4,95;4,55;4,5833
KA25.000332-004;68;136;2;NULL;NULL;266C1B;2;4_AOI;4_AOI_SIDEA;2026-06-15 00:00:00.000;5;1,3833;1,1333;1,0667
KA25.000332-004;125;250;2;NULL;NULL;266C1B;9;6_DEP;6_DEP;2026-06-15 00:00:00.000;6;0,75;0,5833;0,5333
KA25.000336-001;15;60;4;NULL;NULL;56811A;2;4_AOI;4_AOI_SIDEB;2025-07-21 00:00:00.000;1;1,4;0,8833;0,9
KA25.000336-001;15;60;4;NULL;NULL;56811A;APT-1600FD FP-MACHINE2;5_FPT;5_FPT_BASIC;2025-07-21 00:00:00.000;2;3,8667;3,5333;3,2
KA25.000336-002;63;63;1;3;72;476S1A;4;3_SEL;3_SELA;2025-11-18 00:00:00.000;1;3,5167;1,9333;2
KA25.000336-002;100;100;1;NULL;NULL;476S1A;2;4_AOI;4_AOI_SIDEB;2025-11-18 00:00:00.000;2;1,2667;1,1667;1,1333
KA25.000336-002;99;99;1;3;34;476S1A;3;3_SEL;3_SELA;2025-11-18 00:00:00.000;3;1,0667;1,0333;3,05
KA25.000336-002;98;98;1;NULL;NULL;476S1A;APT-1600FD FP-MACHINE3;5_FPT;5_FPT_BASIC;2025-11-18 00:00:00.000;5;1,15;0,95;0,6667
KA25.000343-001;30;300;10;NULL;NULL;591W1B;2;4_AOI;4_AOI_SIDEA;2025-07-10 00:00:00.000;1;1,05;0,9;0,8833
KA25.000343-001;29;290;10;NULL;NULL;591W1B;APT-1600FD FP-MACHINE2;5_FPT;5_FPT_BASIC;2025-07-10 00:00:00.000;2;0,9;0,7167;0,75
KA25.000357-001;200;400;2;NULL;NULL;006T1C;10;2_ODD;2_ODDA;2025-10-28 00:00:00.000;1;1,0333;0,7833;0,7
KA25.000357-001;200;400;2;NULL;NULL;006T1C;2;4_AOI;4_AOI_SIDEA;2025-10-28 00:00:00.000;2;1,4333;1,2167;1,1167
KA25.000357-001;200;400;2;NULL;NULL;006T1C;APT-1600FD FP-MACHINE3;5_FPT;5_FPT_PREMIUM;2025-10-28 00:00:00.000;3;4,0667;3,8167;3,8333
KA25.000357-001;200;400;2;4;101;006T1C;3;3_SEL;3_SELA;2025-10-28 00:00:00.000;4;2,3167;2,0667;4,1333
KA25.000357-001;200;400;2;NULL;NULL;006T1C;9;6_DEP;6_DEP;2025-10-28 00:00:00.000;5;0,7833;0,5667;0,5333
KA25.000357-002;300;600;2;NULL;NULL;006T1C;10;2_ODD;2_ODDA;2025-12-02 00:00:00.000;1;2,0667;1,7667;1,4833
KA25.000357-002;296;593;2;4;159;006T1C;3;3_SEL;3_SELA;2025-12-02 00:00:00.000;2;2,2833;2,0833;4,1333
KA25.000357-002;300;600;2;NULL;NULL;006T1C;2;4_AOI;4_AOI_SIDEA;2025-12-02 00:00:00.000;3;1,4167;1,25;1,2333
KA25.000357-002;300;600;2;NULL;NULL;006T1C;APT-1600FD FP-MACHINE;5_FPT;5_FPT_PREMIUM;2025-12-02 00:00:00.000;4;3,9833;3,8667;3,8333
KA25.000357-002;299;598;2;NULL;NULL;006T1C;9;6_DEP;6_DEP;2025-12-02 00:00:00.000;5;0,75;0,65;0,5667
KA25.000357-003;100;200;2;NULL;NULL;006T1C;10;2_ODD;2_ODDA;2026-01-08 00:00:00.000;1;1,9167;1,8167;1,5333
KA25.000357-003;100;200;2;4;52;006T1C;3;3_SEL;3_SELA;2026-01-08 00:00:00.000;2;2,4;2,0833;4,1333
KA25.000357-003;100;200;2;NULL;NULL;006T1C;2;4_AOI;4_AOI_SIDEA;2026-01-08 00:00:00.000;3;1,5333;1,25;1,2333
KA25.000357-003;100;200;2;NULL;NULL;006T1C;APT-1600FD FP-MACHINE;5_FPT;5_FPT_PREMIUM;2026-01-08 00:00:00.000;4;4,0167;3,8667;3,8333
KA25.000357-003;100;200;2;NULL;NULL;006T1C;9;6_DEP;6_DEP;2026-01-08 00:00:00.000;5;0,6667;0,5667;0,5333
KA25.000357-004;100;200;2;NULL;NULL;006T1C;10;2_ODD;2_ODDA;2026-01-28 00:00:00.000;1;2,1;1,8;1,4833
KA25.000357-004;95;190;2;4;51;006T1C;3;3_SEL;3_SELA;2026-01-28 00:00:00.000;2;2,6333;2,1833;4,1333
KA25.000357-004;100;200;2;NULL;NULL;006T1C;2;4_AOI;4_AOI_SIDEA;2026-01-28 00:00:00.000;3;1,4167;1,2167;1,1167
KA25.000357-004;100;200;2;NULL;NULL;006T1C;APT-1600FD FP-MACHINE2;5_FPT;5_FPT_PREMIUM;2026-01-28 00:00:00.000;4;4;3,9;3,9167
KA25.000357-004;99;198;2;NULL;NULL;006T1C;9;6_DEP;6_DEP;2026-01-28 00:00:00.000;5;0,85;0,75;0,7333
KA25.000357-005;100;200;2;NULL;NULL;006T1C;8;1_SMT;1_SMTA;2026-03-06 00:00:00.000;1;0,7667;0,6167;0,4167
KA25.000357-005;100;200;2;NULL;NULL;006T1C;10;2_ODD;2_ODDA;2026-03-06 00:00:00.000;2;2,3333;1,9333;1,55
KA25.000357-005;100;200;2;NULL;NULL;006T1C;2;4_AOI;4_AOI_SIDEA;2026-03-06 00:00:00.000;3;1,3167;1,2167;1,1167
KA25.000357-005;87;174;2;4;50;006T1C;3;3_SEL;3_SELA;2026-03-06 00:00:00.000;4;2,7333;2,3667;4,1333
KA25.000357-005;100;200;2;NULL;NULL;006T1C;APT-1600FD FP-MACHINE2;5_FPT;5_FPT_PREMIUM;2026-03-06 00:00:00.000;5;4,0167;3,9167;3,9167
KA25.000357-005;98;196;2;NULL;NULL;006T1C;9;6_DEP;6_DEP;2026-03-06 00:00:00.000;6;1,1333;0,8833;0,75
KA25.000357-006;100;200;2;NULL;NULL;006T1C;8;1_SMT;1_SMTA;2026-04-09 00:00:00.000;1;0,8;0,55;0,3167
KA25.000357-006;99;198;2;NULL;NULL;006T1C;APT-1600FD FP-MACHINE3;5_FPT;5_FPT_PREMIUM;2026-04-09 00:00:00.000;2;4,1167;3,9167;3,9167
KA25.000357-006;96;192;2;NULL;NULL;006T1C;10;2_ODD;2_ODDA;2026-04-09 00:00:00.000;3;3,45;2,35;1,75
KA25.000357-006;100;200;2;NULL;NULL;006T1C;2;4_AOI;4_AOI_SIDEA;2026-04-09 00:00:00.000;4;1,3833;1,2833;1,25
KA25.000357-006;100;200;2;NULL;NULL;006T1C;9;6_DEP;6_DEP;2026-04-09 00:00:00.000;5;0,75;0,6;0,5333
KA25.000357-007;200;400;2;NULL;NULL;006T1C;8;1_SMT;1_SMTA;2026-05-06 00:00:00.000;1;0,7167;0,5667;0,4
KA25.000357-007;200;400;2;NULL;NULL;006T1C;10;2_ODD;2_ODDA;2026-05-06 00:00:00.000;2;2,35;2,0833;1,7167
KA25.000357-007;200;400;2;2;204;006T1C;4;3_SEL;3_SELA;2026-05-06 00:00:00.000;3;4,2333;2,85;2,85
KA25.000357-007;200;400;2;NULL;NULL;006T1C;2;4_AOI;4_AOI_SIDEA;2026-05-06 00:00:00.000;4;1,4;1,2833;1,25
KA25.000357-007;200;400;2;NULL;NULL;006T1C;APT-1600FD FP-MACHINE;5_FPT;5_FPT_PREMIUM;2026-05-06 00:00:00.000;5;3,9333;3,75;3,8333
KA25.000357-007;200;400;2;NULL;NULL;006T1C;9;6_DEP;6_DEP;2026-05-06 00:00:00.000;6;0,6333;0,55;0,5333
KA25.000357-008;100;200;2;NULL;NULL;006T1C;8;1_SMT;1_SMTA;2026-06-01 00:00:00.000;1;0,5167;0,4167;0,3833
KA25.000357-008;100;200;2;NULL;NULL;006T1C;10;2_ODD;2_ODDA;2026-06-01 00:00:00.000;2;3,1;2,25;1,8667
KA25.000357-008;100;200;2;2;103;006T1C;4;3_SEL;3_SELA;2026-06-01 00:00:00.000;3;3,5333;2,45;2,45
KA25.000357-008;100;200;2;NULL;NULL;006T1C;APT-1600FD FP-MACHINE2;5_FPT;5_FPT_PREMIUM;2026-06-01 00:00:00.000;4;4,0667;3,9667;3,9167
KA25.000357-008;100;200;2;NULL;NULL;006T1C;2;4_AOI;4_AOI_SIDEB;2026-06-01 00:00:00.000;5;1,2833;1,1333;1,0833
KA25.000357-008;100;200;2;NULL;NULL;006T1C;9;6_DEP;6_DEP;2026-06-01 00:00:00.000;6;0,6167;0,5167;0,5167
KA25.000357-009;100;200;2;NULL;NULL;006T1C;8;1_SMT;1_SMTA;2026-07-08 00:00:00.000;1;0,3667;0,3667;0,35
KA25.000357-009;100;200;2;NULL;NULL;006T1C;10;2_ODD;2_ODDA;2026-07-08 00:00:00.000;2;1,9833;1,7833;1,5167
KA25.000357-009;52;104;2;NULL;NULL;006T1C;2;4_AOI;4_AOI_SIDEB;2026-07-08 00:00:00.000;3;1,2667;1,0667;1,0833
KA25.000357-009;48;96;2;NULL;NULL;006T1C;11;4_AOI;4_AOI_SIDEB;2026-07-08 00:00:00.000;4;1,7833;1,3;1,0833
KA25.000357-009;28;56;2;4;15;006T1C;3;3_SEL;3_SELA;2026-07-08 00:00:00.000;5;2,0833;1,65;3,1
KA25.000357-009;100;200;2;NULL;NULL;006T1C;APT-1600FD FP-MACHINE2;5_FPT;5_FPT_PREMIUM;2026-07-08 00:00:00.000;6;4,1667;3,9667;3,9167
KA25.000357-009;100;200;2;NULL;NULL;006T1C;9;6_DEP;6_DEP;2026-07-08 00:00:00.000;7;0,5667;0,5167;0,5167
KA25.000357-010;100;200;2;NULL;NULL;006T1C;8;1_SMT;1_SMTA;2026-07-08 00:00:00.000;1;0,7333;0,4833;0,35
KA25.000357-010;100;200;2;NULL;NULL;006T1C;10;2_ODD;2_ODDA;2026-07-08 00:00:00.000;2;2,3833;2,0333;1,55
KA25.000357-010;97;194;2;4;51;006T1C;3;3_SEL;3_SELA;2026-07-08 00:00:00.000;3;2,8;2,1667;4,2
KA25.000357-010;100;200;2;NULL;NULL;006T1C;2;4_AOI;4_AOI_SIDEB;2026-07-08 00:00:00.000;4;1,1333;1,0833;1,0833
KA25.000357-010;53;106;2;NULL;NULL;006T1C;APT-1600FD FP-MACHINE;5_FPT;5_FPT_PREMIUM;2026-07-08 00:00:00.000;5;4,6167;4,1333;3,9167
KA25.000357-010;46;92;2;NULL;NULL;006T1C;APT-1600FD FP-MACHINE2;5_FPT;5_FPT_PREMIUM;2026-07-08 00:00:00.000;6;4,3;3,9833;3,9167
KA25.000357-010;98;196;2;NULL;NULL;006T1C;9;6_DEP;6_DEP;2026-07-08 00:00:00.000;7;0,8667;0,6;0,5167
KA25.000357-011;100;200;2;NULL;NULL;006T1C;8;1_SMT;1_SMTA;2026-07-23 00:00:00.000;1;0,7167;0,5167;0,4167
KA25.000357-011;100;200;2;NULL;NULL;006T1C;10;2_ODD;2_ODDA;2026-07-23 00:00:00.000;2;2,6667;1,9167;1,6167
KA25.000357-011;100;200;2;NULL;NULL;006T1C;2;4_AOI;4_AOI_SIDEB;2026-07-23 00:00:00.000;3;1,4;1,3;1,15
KA25.000357-011;70;140;2;NULL;NULL;006T1C;APT-1600FD FP-MACHINE2;5_FPT;5_FPT_PREMIUM;2026-07-23 00:00:00.000;4;4,2333;4,0333;3,9167
KA25.000357-011;30;60;2;NULL;NULL;006T1C;APT-1600FD FP-MACHINE;5_FPT;5_FPT_PREMIUM;2026-07-23 00:00:00.000;5;4,2833;3,95;3,9167
KA25.000357-011;100;200;2;NULL;NULL;006T1C;9;6_DEP;6_DEP;2026-07-23 00:00:00.000;6;0,6167;0,5167;0,5167
KA25.000357-013;100;200;2;NULL;NULL;006T1C;8;1_SMT;1_SMTA;2026-07-23 00:00:00.000;1;0,6667;0,5667;0,4167
KA25.000357-013;100;200;2;NULL;NULL;006T1C;10;2_ODD;2_ODDA;2026-07-23 00:00:00.000;2;2,05;1,8;1,5333
KA25.000357-013;100;200;2;NULL;NULL;006T1C;2;4_AOI;4_AOI_SIDEB;2026-07-23 00:00:00.000;3;1,3833;1,15;1,15
KA25.000357-013;100;200;2;NULL;NULL;006T1C;APT-1600FD FP-MACHINE;5_FPT;5_FPT_PREMIUM;2026-07-23 00:00:00.000;4;4,5167;3,9667;3,9167
KA25.000357-013;100;200;2;NULL;NULL;006T1C;9;6_DEP;6_DEP;2026-07-23 00:00:00.000;5;0,75;0,6;0,5167
KA25.000366-001;110;110;1;NULL;NULL;476S1A;10;2_ODD;2_ODDA;2025-09-25 00:00:00.000;1;1,7333;1,2833;1
KA25.000366-001;110;110;1;3;76;476S1A;3;3_SEL;3_SELA;2025-09-25 00:00:00.000;2;1;0,85;2,5833
KA25.000366-001;110;110;1;NULL;NULL;476S1A;2;4_AOI;4_AOI_SIDEB;2025-09-25 00:00:00.000;3;1,1667;1,0167;1,0167
KA25.000366-003;11;110;10;NULL;NULL;26931A;2;4_AOI;4_AOI_SIDEA;2025-09-11 00:00:00.000;2;1,5;1,2167;1,2167
KA25.000366-004;10;100;10;NULL;NULL;26931A;2;4_AOI;4_AOI_SIDEA;2025-09-26 00:00:00.000;3;2,15;1,25;1,25
KA25.000370-001;10;100;10;NULL;NULL;125A1A;2;4_AOI;4_AOI_SIDEB;2025-07-25 00:00:00.000;1;1,3833;0,7333;0,7333
KA25.000370-001;10;100;10;NULL;NULL;125A1A;APT-1600FD FP-MACHINE;5_FPT;5_FPT_PREMIUM;2025-07-25 00:00:00.000;2;2,2667;1,7667;1,1667
KA25.000372-001;50;50;1;2;29;799Q1A;4;3_SEL;3_SELA;2025-12-12 00:00:00.000;1;2,8667;2,05;4,0333
KA25.000372-001;50;50;1;NULL;NULL;799Q1A;2;4_AOI;4_AOI_SIDEB;2025-12-12 00:00:00.000;2;0,9;0,8;0,9667
KA25.000372-001;50;50;1;NULL;NULL;799Q1A;APT-1600FD FP-MACHINE;5_FPT;5_FPT_BASIC;2025-12-12 00:00:00.000;3;0,9167;0,6167;0,3333
KA25.000372-001;50;50;1;NULL;NULL;799Q1A;9;6_DEP;6_DEP;2025-12-12 00:00:00.000;4;0,8333;0,55;0,35
KA25.000372-002;50;50;1;2;27;799QAA;4;3_SEL;3_SELA;2025-12-12 00:00:00.000;1;2,7667;1,8667;3,7333
KA25.000372-002;50;50;1;NULL;NULL;799QAA;2;4_AOI;4_AOI_SIDEB;2025-12-12 00:00:00.000;2;0,9667;0,85;0,95
KA25.000372-002;50;50;1;NULL;NULL;799QAA;APT-1600FD FP-MACHINE;5_FPT;5_FPT_BASIC;2025-12-12 00:00:00.000;3;0,8;0,5;0,3333
KA25.000372-002;50;50;1;NULL;NULL;799QAA;9;6_DEP;6_DEP;2025-12-12 00:00:00.000;4;0,6667;0,4667;0,3333
KA25.000373-002;10;100;10;10;11;799R1A;3;3_SEL;3_SELA;2025-12-12 00:00:00.000;1;9,35;7;7
KA25.000373-002;10;100;10;NULL;NULL;799R1A;2;4_AOI;4_AOI_SIDEA;2025-12-12 00:00:00.000;2;1,05;1,05;1,1
KA25.000373-002;10;100;10;NULL;NULL;799R1A;APT-1600FD FP-MACHINE;5_FPT;5_FPT_BASIC;2025-12-12 00:00:00.000;3;4,3833;3,3833;2,6833
KA25.000373-002;10;100;10;NULL;NULL;799R1A;9;6_DEP;6_DEP;2025-12-12 00:00:00.000;4;3,35;1,35;1,3667
KA25.000383-001;10;200;20;NULL;NULL;114N1A;2;4_AOI;4_AOI_SIDEA;2025-08-27 00:00:00.000;1;1,0333;0,5333;0,3167
KA25.000383-001;10;200;20;NULL;NULL;114N1A;APT-1600FD FP-MACHINE3;5_FPT;5_FPT_BASIC;2025-08-27 00:00:00.000;2;1,5167;0,5167;0,5833
KA25.000389-001;40;400;10;NULL;NULL;505MDE;2;4_AOI;4_AOI_SIDEA;2025-11-05 00:00:00.000;1;1,1667;0,8667;0,7667
KA25.000389-001;40;400;10;NULL;NULL;505MDE;APT-1600FD FP-MACHINE2;5_FPT;5_FPT_BASIC;2025-11-05 00:00:00.000;2;1,2667;1,0167;1
KA25.000390-001;15;150;10;NULL;NULL;505NCC;2;4_AOI;4_AOI_SIDEB;2025-11-28 00:00:00.000;1;1,4333;1,1;1,0167
KA25.000390-001;15;150;10;NULL;NULL;505NCC;APT-1600FD FP-MACHINE3;5_FPT;5_FPT_PREMIUM;2025-11-28 00:00:00.000;2;10,5333;10,2;10,1833
KA25.000390-001;15;150;10;NULL;NULL;505NCC;9;6_DEP;6_DEP;2025-11-28 00:00:00.000;3;2,25;1,9167;1,8833
KA25.000390-002;25;250;10;NULL;NULL;505NDC;2;4_AOI;4_AOI_SIDEB;2025-11-27 00:00:00.000;1;1,3833;1,2;1,0167
KA25.000390-002;25;250;10;NULL;NULL;505NDC;APT-1600FD FP-MACHINE3;5_FPT;5_FPT_PREMIUM;2025-11-27 00:00:00.000;2;10,7667;10,3667;10,1833
KA25.000390-002;25;250;10;NULL;NULL;505NDC;9;6_DEP;6_DEP;2025-11-27 00:00:00.000;3;1,6167;1,4167;1,1833
KA25.000399-001;41;328;8;NULL;NULL;1762AA;2;4_AOI;4_AOI_SIDEA;2025-07-25 00:00:00.000;1;0,65;0,45;0,3833
KA25.000399-001;39;312;8;NULL;NULL;1762AA;APT-1600FD FP-MACHINE2;5_FPT;5_FPT_PREMIUM;2025-07-25 00:00:00.000;2;1,2333;0,85;0,6667
KA25.000400-001;50;100;2;NULL;NULL;176A1A;APT-1600FD FP-MACHINE;5_FPT;5_FPT_PREMIUM;2025-09-01 00:00:00.000;1;0,5833;0,4833;0,4167
KA25.000400-001;50;100;2;NULL;NULL;176A1A;2;4_AOI;4_AOI_SIDEA;2025-09-01 00:00:00.000;2;1,1333;0,95;0,9667
KA25.000400-002;80;160;2;NULL;NULL;176A1A;2;4_AOI;4_AOI_SIDEA;2025-11-17 00:00:00.000;1;1,3667;1,1833;1,0833
KA25.000400-002;79;158;2;NULL;NULL;176A1A;APT-1600FD FP-MACHINE2;5_FPT;5_FPT_PREMIUM;2025-11-17 00:00:00.000;2;0,5167;0,4;0,4167
KA25.000408-001;13;52;4;NULL;NULL;476M1B;2;4_AOI;4_AOI_SIDEA;2025-09-22 00:00:00.000;1;1,5167;1,0833;1,1
KA25.000408-001;13;52;4;NULL;NULL;476M1B;APT-1600FD FP-MACHINE2;5_FPT;5_FPT_BASIC;2025-09-22 00:00:00.000;2;1,6667;0,5167;0,4167
KA25.000409-001;42;84;2;4;25;11421D;3;3_SEL;3_SELA;2025-09-10 00:00:00.000;1;1,8;1,0667;1,7667
KA25.000409-001;50;100;2;NULL;NULL;11421D;2;4_AOI;4_AOI_SIDEA;2025-09-10 00:00:00.000;2;1,2;0,85;0,8167
KA25.000409-001;50;100;2;NULL;NULL;11421D;APT-1600FD FP-MACHINE2;5_FPT;5_FPT_PREMIUM;2025-09-10 00:00:00.000;3;2,3333;1,7333;1,75
KA25.000419-001;20;400;20;NULL;NULL;5461DA;10;2_ODD;2_ODDA;2025-11-11 00:00:00.000;1;3,75;2,5;2,6167
KA25.000419-001;19;380;20;20;20;5461DA;3;3_SEL;3_SELA;2025-11-11 00:00:00.000;2;3,1;2,6167;2,5
KA25.000419-001;20;400;20;NULL;NULL;5461DA;2;4_AOI;4_AOI_SIDEA;2025-11-11 00:00:00.000;3;1,6167;1,15;1,15
KA25.000419-001;22;440;20;NULL;NULL;5461DA;APT-1600FD FP-MACHINE2;5_FPT;5_FPT_PREMIUM;2025-11-11 00:00:00.000;4;2,65;1,9667;1,5
KA25.000419-001;20;400;20;NULL;NULL;5461DA;9;6_DEP;6_DEP;2025-11-11 00:00:00.000;5;3,2167;2,7167;2,45
KA25.000423-001;150;300;2;NULL;NULL;206A1D;10;2_ODD;2_ODDA;2025-11-10 00:00:00.000;1;2,3833;2,2833;2,1667
KA25.000423-001;150;300;2;NULL;NULL;206A1D;9;6_DEP;6_DEP;2025-11-10 00:00:00.000;2;0,6167;0,5167;0,4667
KA25.000423-001;145;290;2;4;77;206A1D;3;3_SEL;3_SELA;2025-11-10 00:00:00.000;3;2,3667;1,8;3,4333
KA25.000423-001;150;300;2;NULL;NULL;206A1D;APT-1600FD FP-MACHINE3;5_FPT;5_FPT_BASIC;2025-11-10 00:00:00.000;4;1,0833;1,0167;0,9167
KA25.000423-001;150;300;2;NULL;NULL;206A1D;2;4_AOI;4_AOI_SIDEB;2025-11-10 00:00:00.000;5;1,1333;1,0667;1,05
KA25.000423-002;150;300;2;NULL;NULL;206A1D;10;2_ODD;2_ODDA;2025-11-10 00:00:00.000;1;2,3333;2,1667;2,1667
KA25.000423-002;145;291;2;4;76;206A1D;3;3_SEL;3_SELA;2025-11-10 00:00:00.000;2;2,0833;1,7667;3,4333
KA25.000423-002;30;60;2;NULL;NULL;206A1D;APT-1600FD FP-MACHINE3;5_FPT;5_FPT_BASIC;2025-11-10 00:00:00.000;3;1,25;0,9167;0,9167
KA25.000423-002;150;300;2;NULL;NULL;206A1D;9;6_DEP;6_DEP;2025-11-10 00:00:00.000;4;0,7667;0,6167;0,4667
KA25.000423-002;120;240;2;NULL;NULL;206A1D;APT-1600FD FP-MACHINE2;5_FPT;5_FPT_BASIC;2025-11-10 00:00:00.000;5;1,0667;0,95;0,9167
KA25.000423-003;150;300;2;NULL;NULL;206A1D;10;2_ODD;2_ODDA;2025-11-10 00:00:00.000;1;2,3833;2,3167;2,15
KA25.000423-003;146;292;2;4;75;206A1D;3;3_SEL;3_SELA;2025-11-10 00:00:00.000;2;2,5833;1,9667;3,8333
KA25.000423-003;150;300;2;NULL;NULL;206A1D;APT-1600FD FP-MACHINE2;5_FPT;5_FPT_BASIC;2025-11-10 00:00:00.000;3;1;0,9;0,9167
KA25.000423-003;150;300;2;NULL;NULL;206A1D;9;6_DEP;6_DEP;2025-11-10 00:00:00.000;4;0,8333;0,7667;0,65
KA25.000423-004;148;296;2;NULL;NULL;206A1D;10;2_ODD;2_ODDA;2025-11-13 00:00:00.000;1;2,3167;2,2833;2,1667
KA25.000423-004;142;285;2;4;82;206A1D;3;3_SEL;3_SELA;2025-11-13 00:00:00.000;2;3,1667;2,3667;4,5
KA25.000423-004;148;296;2;NULL;NULL;206A1D;2;4_AOI;4_AOI_SIDEB;2025-11-13 00:00:00.000;3;1,3;1,1667;1,1667
KA25.000423-004;30;60;2;NULL;NULL;206A1D;APT-1600FD FP-MACHINE3;5_FPT;5_FPT_BASIC;2025-11-13 00:00:00.000;4;1,6167;1,1167;0,9167
KA25.000423-004;118;236;2;NULL;NULL;206A1D;APT-1600FD FP-MACHINE;5_FPT;5_FPT_BASIC;2025-11-13 00:00:00.000;5;1,1167;0,9167;0,9167
KA25.000423-004;145;290;2;NULL;NULL;206A1D;9;6_DEP;6_DEP;2025-11-13 00:00:00.000;6;0,7667;0,7333;0,65
KA25.000423-005;149;298;2;NULL;NULL;206A1D;10;2_ODD;2_ODDA;2025-11-17 00:00:00.000;1;2,2167;2,0833;2,1333
KA25.000423-005;64;128;2;4;35;206A1D;3;3_SEL;3_SELA;2025-11-17 00:00:00.000;2;2,2667;1,8;3,4333
KA25.000423-005;149;298;2;NULL;NULL;206A1D;2;4_AOI;4_AOI_SIDEB;2025-11-17 00:00:00.000;3;1,3333;1,1667;1,1667
KA25.000423-005;149;298;2;NULL;NULL;206A1D;APT-1600FD FP-MACHINE;5_FPT;5_FPT_BASIC;2025-11-17 00:00:00.000;4;1,05;0,9167;0,9167
KA25.000423-005;149;298;2;NULL;NULL;206A1D;9;6_DEP;6_DEP;2025-11-17 00:00:00.000;5;0,5167;0,4833;0,4667
KA25.000423-006;150;300;2;NULL;NULL;206A1D;10;2_ODD;2_ODDA;2025-11-17 00:00:00.000;1;2,4333;2,2333;2,15
KA25.000423-006;150;300;2;NULL;NULL;206A1D;2;4_AOI;4_AOI_SIDEB;2025-11-17 00:00:00.000;2;1,3167;1,1833;1,1667
KA25.000423-006;150;300;2;NULL;NULL;206A1D;APT-1600FD FP-MACHINE;5_FPT;5_FPT_BASIC;2025-11-17 00:00:00.000;3;1,0833;0,9167;0,9167
KA25.000423-006;150;300;2;NULL;NULL;206A1D;9;6_DEP;6_DEP;2025-11-17 00:00:00.000;4;0,8667;0,7333;0,65
KA25.000423-007;150;300;2;NULL;NULL;206A1D;10;2_ODD;2_ODDA;2025-11-19 00:00:00.000;1;2,35;2,3167;2,15
KA25.000423-007;122;245;2;4;75;206A1D;3;3_SEL;3_SELA;2025-11-19 00:00:00.000;2;2,7667;2,1667;3,5667
KA25.000423-007;150;300;2;NULL;NULL;206A1D;2;4_AOI;4_AOI_SIDEB;2025-11-19 00:00:00.000;3;1,3333;1,2167;1,1667
KA25.000423-007;150;300;2;NULL;NULL;206A1D;APT-1600FD FP-MACHINE;5_FPT;5_FPT_BASIC;2025-11-19 00:00:00.000;4;0,95;0,8833;0,9167
KA25.000423-007;150;300;2;NULL;NULL;206A1D;9;6_DEP;6_DEP;2025-11-19 00:00:00.000;5;0,7833;0,6167;0,5
KA25.000423-008;150;300;2;NULL;NULL;206A1D;10;2_ODD;2_ODDA;2025-11-21 00:00:00.000;1;2,1667;2,1;2,1
KA25.000423-008;73;146;2;NULL;NULL;206A1D;APT-1600FD FP-MACHINE;5_FPT;5_FPT_BASIC;2025-11-21 00:00:00.000;2;1,0333;0,8833;0,9167
KA25.000423-008;150;300;2;NULL;NULL;206A1D;2;4_AOI;4_AOI_SIDEB;2025-11-21 00:00:00.000;3;1,1833;1,1667;1,1667
KA25.000423-008;131;263;2;4;76;206A1D;3;3_SEL;3_SELA;2025-11-21 00:00:00.000;4;2,2667;1,95;3,4333
KA25.000423-008;77;154;2;NULL;NULL;206A1D;APT-1600FD FP-MACHINE2;5_FPT;5_FPT_BASIC;2025-11-21 00:00:00.000;5;0,9667;0,9;0,9167
KA25.000423-008;149;298;2;NULL;NULL;206A1D;9;6_DEP;6_DEP;2025-11-21 00:00:00.000;6;0,75;0,6167;0,4667
KA25.000423-009;150;300;2;NULL;NULL;206A1D;10;2_ODD;2_ODDA;2025-11-21 00:00:00.000;1;2,2333;2,1667;2,1167
KA25.000423-009;118;237;2;4;72;206A1D;3;3_SEL;3_SELA;2025-11-21 00:00:00.000;2;2,6833;2,0833;3,4333
KA25.000423-009;123;246;2;NULL;NULL;206A1D;9;6_DEP;6_DEP;2025-11-21 00:00:00.000;3;0,8833;0,75;0,4833
KA25.000423-009;56;112;2;NULL;NULL;206A1D;APT-1600FD FP-MACHINE;5_FPT;5_FPT_BASIC;2025-11-21 00:00:00.000;4;1,05;0,95;0,9167
KA25.000423-009;76;152;2;NULL;NULL;206A1D;APT-1600FD FP-MACHINE2;5_FPT;5_FPT_BASIC;2025-11-21 00:00:00.000;5;0,9667;0,9667;0,9167
KA25.000423-010;150;300;2;NULL;NULL;206A1D;10;2_ODD;2_ODDA;2025-11-27 00:00:00.000;1;2,4;2,2333;2,1167
KA25.000423-010;148;296;2;4;75;206A1D;3;3_SEL;3_SELA;2025-11-27 00:00:00.000;2;2,0333;1,7333;3,4333
KA25.000423-010;150;300;2;NULL;NULL;206A1D;APT-1600FD FP-MACHINE;5_FPT;5_FPT_BASIC;2025-11-27 00:00:00.000;3;1,0333;0,9;0,9167
KA25.000423-010;150;300;2;NULL;NULL;206A1D;9;6_DEP;6_DEP;2025-11-27 00:00:00.000;4;0,5667;0,5333;0,4667
KA25.000423-011;150;300;2;NULL;NULL;206A1D;10;2_ODD;2_ODDA;2025-11-28 00:00:00.000;1;2,2167;2,2167;2,1333
KA25.000423-011;147;295;2;4;75;206A1D;3;3_SEL;3_SELA;2025-11-28 00:00:00.000;2;2;1,7333;3,4333
KA25.000423-011;150;300;2;NULL;NULL;206A1D;APT-1600FD FP-MACHINE;5_FPT;5_FPT_BASIC;2025-11-28 00:00:00.000;3;1,0833;0,9833;0,9167
KA25.000423-011;150;300;2;NULL;NULL;206A1D;9;6_DEP;6_DEP;2025-11-28 00:00:00.000;4;0,6333;0,5;0,4667
KA25.000423-012;150;300;2;NULL;NULL;206A1D;10;2_ODD;2_ODDA;2025-11-28 00:00:00.000;1;2,2333;2,2;2,1
KA25.000423-012;145;290;2;4;75;206A1D;3;3_SEL;3_SELA;2025-11-28 00:00:00.000;2;2,0167;1,75;3,4167
KA25.000423-012;150;300;2;NULL;NULL;206A1D;APT-1600FD FP-MACHINE;5_FPT;5_FPT_BASIC;2025-11-28 00:00:00.000;3;1,0667;0,9333;0,9167
KA25.000423-012;150;300;2;NULL;NULL;206A1D;9;6_DEP;6_DEP;2025-11-28 00:00:00.000;4;0,7;0,5333;0,4667
KA25.000423-046;100;6000;60;NULL;NULL;0069FF;APT-1600FD FP-MACHINE3;5_FPT;5_FPT_PREMIUM;2025-11-03 00:00:00.000;1;4,1833;3,9833;4
KA25.000423-046;100;6000;60;NULL;NULL;0069FF;2;4_AOI;4_AOI_SIDEA;2025-11-03 00:00:00.000;2;0,8;0,65;0,6
KA25.000423-047;100;6000;60;NULL;NULL;0069FF;2;4_AOI;4_AOI_SIDEA;2025-11-03 00:00:00.000;1;0,7;0,65;0,6
KA25.000423-047;100;6000;60;NULL;NULL;0069FF;APT-1600FD FP-MACHINE;5_FPT;5_FPT_PREMIUM;2025-11-03 00:00:00.000;2;3,9667;3,8667;3,9167
KA25.000423-048;100;6000;60;NULL;NULL;0069FF;2;4_AOI;4_AOI_SIDEA;2025-11-03 00:00:00.000;1;0,7833;0,6333;0,6
KA25.000423-048;100;6000;60;NULL;NULL;0069FF;APT-1600FD FP-MACHINE;5_FPT;5_FPT_PREMIUM;2025-11-03 00:00:00.000;2;4,05;3,95;3,9333
KA25.000423-049;100;6000;60;NULL;NULL;0069FF;2;4_AOI;4_AOI_SIDEA;2025-11-03 00:00:00.000;1;0,7167;0,6167;0,6
KA25.000423-049;100;6000;60;NULL;NULL;0069FF;APT-1600FD FP-MACHINE;5_FPT;5_FPT_PREMIUM;2025-11-03 00:00:00.000;2;4,05;3,9;4
KA25.000423-050;100;6000;60;NULL;NULL;0069FF;2;4_AOI;4_AOI_SIDEA;2025-11-03 00:00:00.000;1;0,7333;0,6833;0,6
KA25.000423-050;100;6000;60;NULL;NULL;0069FF;APT-1600FD FP-MACHINE3;5_FPT;5_FPT_PREMIUM;2025-11-03 00:00:00.000;2;4,1333;4,0333;4,0167
KA25.000423-051;100;6000;60;NULL;NULL;0069FF;2;4_AOI;4_AOI_SIDEA;2025-11-04 00:00:00.000;1;0,7167;0,6667;0,6
KA25.000423-051;100;6000;60;NULL;NULL;0069FF;APT-1600FD FP-MACHINE;5_FPT;5_FPT_PREMIUM;2025-11-04 00:00:00.000;2;4,05;3,95;3,9333
KA25.000423-052;100;6000;60;NULL;NULL;0069FF;2;4_AOI;4_AOI_SIDEA;2025-11-11 00:00:00.000;1;0,7;0,65;0,65
KA25.000423-052;100;6000;60;NULL;NULL;0069FF;APT-1600FD FP-MACHINE2;5_FPT;5_FPT_PREMIUM;2025-11-11 00:00:00.000;2;4,1833;4,0833;4,0167
KA25.000423-053;69;4140;60;NULL;NULL;0069FF;2;4_AOI;4_AOI_SIDEA;2025-11-12 00:00:00.000;1;0,7167;0,6333;0,65
KA25.000423-053;69;4140;60;NULL;NULL;0069FF;APT-1600FD FP-MACHINE2;5_FPT;5_FPT_PREMIUM;2025-11-12 00:00:00.000;2;4,2667;4,05;4,0667
KA25.000423-054;100;6000;60;NULL;NULL;0069FF;APT-1600FD FP-MACHINE;5_FPT;5_FPT_PREMIUM;2025-11-12 00:00:00.000;1;4,0667;3,9667;3,9833
KA25.000423-054;131;7860;60;NULL;NULL;0069FF;2;4_AOI;4_AOI_SIDEA;2025-11-12 00:00:00.000;2;0,75;0,65;0,65
KA25.000423-054;31;1860;60;NULL;NULL;0069FF;APT-1600FD FP-MACHINE2;5_FPT;5_FPT_PREMIUM;2025-11-12 00:00:00.000;3;4,05;4,05;4,0833
KA25.000423-055;101;6060;60;NULL;NULL;0069FF;APT-1600FD FP-MACHINE;5_FPT;5_FPT_PREMIUM;2025-11-26 00:00:00.000;1;4,2;4;4
KA25.000423-055;100;6000;60;NULL;NULL;0069FF;2;4_AOI;4_AOI_SIDEA;2025-11-26 00:00:00.000;2;0,75;0,7;0,65
KA25.000423-056;100;6000;60;NULL;NULL;0069FF;2;4_AOI;4_AOI_SIDEA;2025-11-26 00:00:00.000;1;0,75;0,65;0,65
KA25.000423-056;100;6000;60;NULL;NULL;0069FF;APT-1600FD FP-MACHINE3;5_FPT;5_FPT_PREMIUM;2025-11-26 00:00:00.000;2;4,0333;3,9833;4
KA25.000423-057;100;6000;60;NULL;NULL;0069FF;2;4_AOI;4_AOI_SIDEA;2025-11-26 00:00:00.000;1;0,7333;0,6333;0,65
KA25.000423-057;100;6000;60;NULL;NULL;0069FF;APT-1600FD FP-MACHINE2;5_FPT;5_FPT_PREMIUM;2025-11-26 00:00:00.000;2;3,9833;3,9333;4
KA25.000423-058;446;892;2;NULL;NULL;206A1D;10;2_ODD;2_ODDA;2025-12-16 00:00:00.000;1;1,9333;1,8833;1,85
KA25.000423-058;440;881;2;4;224;206A1D;3;3_SEL;3_SELA;2025-12-16 00:00:00.000;2;1,9667;1,6833;3,3333
KA25.000423-058;444;888;2;NULL;NULL;206A1D;APT-1600FD FP-MACHINE3;5_FPT;5_FPT_BASIC;2025-12-16 00:00:00.000;3;1,0333;0,9667;0,9167
KA25.000423-058;446;892;2;NULL;NULL;206A1D;9;6_DEP;6_DEP;2025-12-16 00:00:00.000;4;0,7333;0,5667;0,4667
KA25.000423-059;450;900;2;NULL;NULL;206A1D;10;2_ODD;2_ODDA;2026-02-19 00:00:00.000;1;2,0167;1,9167;1,85
KA25.000423-059;424;849;2;4;229;206A1D;3;3_SEL;3_SELA;2026-02-19 00:00:00.000;2;2,2;1,7667;3,3333
KA25.000423-059;450;900;2;NULL;NULL;206A1D;APT-1600FD FP-MACHINE;5_FPT;5_FPT_BASIC;2026-02-19 00:00:00.000;3;1;0,9167;0,9167
KA25.000423-059;450;900;2;NULL;NULL;206A1D;9;6_DEP;6_DEP;2026-02-19 00:00:00.000;4;0,6667;0,5167;0,4667
KA25.000423-060;450;900;2;NULL;NULL;206A1D;10;2_ODD;2_ODDA;2026-02-17 00:00:00.000;1;2,1;1,9667;1,8667
KA25.000423-060;415;831;2;4;227;206A1D;3;3_SEL;3_SELA;2026-02-17 00:00:00.000;2;2,0667;1,8;3,3333
KA25.000423-060;450;900;2;NULL;NULL;206A1D;2;4_AOI;4_AOI_SIDEB;2026-02-17 00:00:00.000;3;1,1833;1,1167;1,0333
KA25.000423-060;450;900;2;NULL;NULL;206A1D;APT-1600FD FP-MACHINE;5_FPT;5_FPT_BASIC;2026-02-17 00:00:00.000;4;1,05;0,9167;0,9167
KA25.000423-060;444;888;2;NULL;NULL;206A1D;9;6_DEP;6_DEP;2026-02-17 00:00:00.000;5;0,7167;0,6;0,55
KA25.000423-061;433;866;2;NULL;NULL;206A1D;2;4_AOI;4_AOI_SIDEA;2026-02-19 00:00:00.000;1;0,5167;0,45;0,4
KA25.000423-061;433;866;2;NULL;NULL;206A1D;10;2_ODD;2_ODDA;2026-02-19 00:00:00.000;2;2,0167;1,95;1,85
KA25.000423-061;399;799;2;4;222;206A1D;3;3_SEL;3_SELA;2026-02-19 00:00:00.000;3;2,3167;1,8167;3,3333
KA25.000423-061;433;866;2;NULL;NULL;206A1D;APT-1600FD FP-MACHINE;5_FPT;5_FPT_BASIC;2026-02-19 00:00:00.000;4;1,0833;0,9333;0,9167
KA25.000423-061;432;864;2;NULL;NULL;206A1D;9;6_DEP;6_DEP;2026-02-19 00:00:00.000;5;0,5833;0,5167;0,4667
KA25.000423-062;450;900;2;NULL;NULL;206A1D;10;2_ODD;2_ODDA;2026-03-04 00:00:00.000;1;2,05;1,9667;1,9
KA25.000423-062;450;900;2;NULL;NULL;206A1D;7;1_SMT;1_SMTA;2026-03-04 00:00:00.000;2;0,8167;0,6667;0,5167
KA25.000423-062;368;737;2;4;225;206A1D;3;3_SEL;3_SELA;2026-03-04 00:00:00.000;3;2,5167;2,0333;3,3333
KA25.000423-062;450;900;2;NULL;NULL;206A1D;2;4_AOI;4_AOI_SIDEB;2026-03-04 00:00:00.000;4;1,1833;1,0833;1,0333
KA25.000423-062;450;900;2;NULL;NULL;206A1D;APT-1600FD FP-MACHINE;5_FPT;5_FPT_BASIC;2026-03-04 00:00:00.000;5;1,05;0,9333;0,9167
KA25.000423-062;450;900;2;NULL;NULL;206A1D;9;6_DEP;6_DEP;2026-03-04 00:00:00.000;6;0,6833;0,5667;0,4667
KA25.000423-063;420;840;2;NULL;NULL;206A1D;7;1_SMT;1_SMTA;2026-03-05 00:00:00.000;1;0,6833;0,6167;0,5167
KA25.000423-063;420;840;2;NULL;NULL;206A1D;10;2_ODD;2_ODDA;2026-03-05 00:00:00.000;2;1,9667;1,9167;1,9
KA25.000423-063;361;722;2;4;214;206A1D;3;3_SEL;3_SELA;2026-03-05 00:00:00.000;3;2,6667;2,0333;3,5167
KA25.000423-063;420;840;2;NULL;NULL;206A1D;2;4_AOI;4_AOI_SIDEB;2026-03-05 00:00:00.000;4;1,2333;1,05;1,0333
KA25.000423-063;420;840;2;NULL;NULL;206A1D;APT-1600FD FP-MACHINE;5_FPT;5_FPT_BASIC;2026-03-05 00:00:00.000;5;1,0833;0,9333;0,9167
KA25.000423-063;417;834;2;NULL;NULL;206A1D;9;6_DEP;6_DEP;2026-03-05 00:00:00.000;6;0,55;0,5167;0,4667
KA25.000423-064;451;902;2;NULL;NULL;206A1D;7;1_SMT;1_SMTA;2026-03-16 00:00:00.000;1;0,6667;0,5833;0,4667
KA25.000423-064;451;902;2;NULL;NULL;206A1D;10;2_ODD;2_ODDA;2026-03-16 00:00:00.000;2;2,1333;1,9833;1,8833
KA25.000423-064;402;804;2;4;233;206A1D;3;3_SEL;3_SELA;2026-03-16 00:00:00.000;3;2,5167;1,9;3,3333
KA25.000423-064;452;904;2;NULL;NULL;206A1D;2;4_AOI;4_AOI_SIDEB;2026-03-16 00:00:00.000;4;1,15;1,0667;1,0333
KA25.000423-064;420;840;2;NULL;NULL;206A1D;APT-1600FD FP-MACHINE2;5_FPT;5_FPT_BASIC;2026-03-16 00:00:00.000;5;1;0,9167;0,9167
KA25.000423-064;452;904;2;NULL;NULL;206A1D;9;6_DEP;6_DEP;2026-03-16 00:00:00.000;6;0,8833;0,7833;0,8
KA25.000423-064;32;64;2;NULL;NULL;206A1D;APT-1600FD FP-MACHINE;5_FPT;5_FPT_BASIC;2026-03-16 00:00:00.000;7;1,2167;0,9;0,9167
KA25.000423-066;450;900;2;NULL;NULL;206A1D;10;2_ODD;2_ODDA;2026-04-01 00:00:00.000;1;2,2333;2,0667;1,8833
KA25.000423-066;107;214;2;NULL;NULL;206A1D;11;4_AOI;4_AOI_SIDEB;2026-04-01 00:00:00.000;2;1,25;1,0167;0,9833
KA25.000423-066;316;632;2;4;190;206A1D;3;3_SEL;3_SELA;2026-04-01 00:00:00.000;3;2,3667;1,9833;3,4333
KA25.000423-066;391;782;2;NULL;NULL;206A1D;2;4_AOI;4_AOI_SIDEB;2026-04-01 00:00:00.000;4;1,2167;1,1833;1,1667
KA25.000423-066;450;900;2;NULL;NULL;206A1D;APT-1600FD FP-MACHINE2;5_FPT;5_FPT_BASIC;2026-04-01 00:00:00.000;5;1,0333;0,9333;0,9167
KA25.000423-066;208;416;2;NULL;NULL;206A1D;9;6_DEP;6_DEP;2026-04-01 00:00:00.000;6;0,6333;0,5333;0,4667
KA25.000423-068;450;900;2;NULL;NULL;206A1D;8;1_SMT;1_SMTA;2026-04-22 00:00:00.000;1;0,6167;0,5667;0,5
KA25.000423-068;450;900;2;NULL;NULL;206A1D;10;2_ODD;2_ODDA;2026-04-22 00:00:00.000;2;2,0167;1,9833;1,9
KA25.000423-068;383;766;2;4;219;206A1D;3;3_SEL;3_SELA;2026-04-22 00:00:00.000;3;2,3333;1,9167;3,45
KA25.000423-068;450;900;2;NULL;NULL;206A1D;2;4_AOI;4_AOI_SIDEB;2026-04-22 00:00:00.000;4;1,25;1,1667;1,1667
KA25.000423-068;359;718;2;NULL;NULL;206A1D;9;6_DEP;6_DEP;2026-04-22 00:00:00.000;5;0,5833;0,5333;0,4667
KA25.000423-068;450;900;2;NULL;NULL;206A1D;APT-1600FD FP-MACHINE;5_FPT;5_FPT_BASIC;2026-04-22 00:00:00.000;6;1;0,9333;0,9167
KA25.000423-069;299;17940;60;NULL;NULL;0069FF;APT-1600FD FP-MACHINE3;5_FPT;5_FPT_PREMIUM;2025-12-12 00:00:00.000;1;4,05;3,9833;4
KA25.000423-069;299;17940;60;NULL;NULL;0069FF;2;4_AOI;4_AOI_SIDEA;2025-12-12 00:00:00.000;2;0,7333;0,6833;0,65
KA25.000423-070;300;18000;60;NULL;NULL;0069FF;2;4_AOI;4_AOI_SIDEA;2026-01-07 00:00:00.000;1;0,75;0,65;0,65
KA25.000423-070;130;7800;60;NULL;NULL;0069FF;7;1_SMT;1_SMTA;2026-01-07 00:00:00.000;2;2,2333;1,9333;1,6333
KA25.000423-070;303;18180;60;NULL;NULL;0069FF;APT-1600FD FP-MACHINE;5_FPT;5_FPT_PREMIUM;2026-01-07 00:00:00.000;3;4;3,9333;4
KA25.000423-071;300;18000;60;NULL;NULL;0069FF;2;4_AOI;4_AOI_SIDEA;2026-01-13 00:00:00.000;1;0,7667;0,7;0,65
KA25.000423-071;300;18000;60;NULL;NULL;0069FF;APT-1600FD FP-MACHINE;5_FPT;5_FPT_PREMIUM;2026-01-13 00:00:00.000;2;4,0167;3,9667;3,9333
KA25.000423-072;300;18000;60;NULL;NULL;0069FF;7;1_SMT;1_SMTA;2026-02-16 00:00:00.000;1;1,75;1,65;1,5167
KA25.000423-072;300;18000;60;NULL;NULL;0069FF;2;4_AOI;4_AOI_SIDEA;2026-02-16 00:00:00.000;2;0,7;0,6167;0,6
KA25.000423-072;301;18060;60;NULL;NULL;0069FF;APT-1600FD FP-MACHINE3;5_FPT;5_FPT_PREMIUM;2026-02-16 00:00:00.000;3;4;3,9333;4
KA25.000423-073;298;17880;60;NULL;NULL;0069FF;2;4_AOI;4_AOI_SIDEA;2026-02-26 00:00:00.000;1;0,7333;0,65;0,6
KA25.000423-073;301;18060;60;NULL;NULL;0069FF;APT-1600FD FP-MACHINE2;5_FPT;5_FPT_PREMIUM;2026-02-26 00:00:00.000;2;4,0167;3,9333;4
KA25.000423-073;298;17880;60;NULL;NULL;0069FF;7;1_SMT;1_SMTA;2026-02-26 00:00:00.000;3;1,8833;1,7167;1,4
KA25.000423-074;280;16800;60;NULL;NULL;0069FF;7;1_SMT;1_SMTA;2026-03-03 00:00:00.000;1;2,1833;1,6;1,4
KA25.000423-074;260;15600;60;NULL;NULL;0069FF;APT-1600FD FP-MACHINE2;5_FPT;5_FPT_PREMIUM;2026-03-03 00:00:00.000;2;4;3,95;4
KA25.000423-074;280;16800;60;NULL;NULL;0069FF;2;4_AOI;4_AOI_SIDEA;2026-03-03 00:00:00.000;3;0,6833;0,6167;0,6
KA25.000423-074;20;1200;60;NULL;NULL;0069FF;APT-1600FD FP-MACHINE3;5_FPT;5_FPT_PREMIUM;2026-03-03 00:00:00.000;4;2,9;2,65;3,9167
KA25.000423-075;301;18060;60;NULL;NULL;0069FF;7;1_SMT;1_SMTA;2026-03-10 00:00:00.000;1;1,65;1,4;1,1667
KA25.000423-075;303;18180;60;NULL;NULL;0069FF;2;4_AOI;4_AOI_SIDEA;2026-03-10 00:00:00.000;2;0,7333;0,6667;0,6
KA25.000423-075;179;10740;60;NULL;NULL;0069FF;APT-1600FD FP-MACHINE3;5_FPT;5_FPT_PREMIUM;2026-03-10 00:00:00.000;3;3,9667;3,8833;4
KA25.000423-075;129;7740;60;NULL;NULL;0069FF;APT-1600FD FP-MACHINE2;5_FPT;5_FPT_PREMIUM;2026-03-10 00:00:00.000;4;4,0333;3,9667;4
KA25.000423-077;298;17880;60;NULL;NULL;0069FF;7;1_SMT;1_SMTA;2026-03-24 00:00:00.000;1;1,6333;1,45;1,2833
KA25.000423-077;300;18000;60;NULL;NULL;0069FF;2;4_AOI;4_AOI_SIDEA;2026-03-24 00:00:00.000;2;0,7;0,6667;0,65
KA25.000423-077;300;18000;60;NULL;NULL;0069FF;APT-1600FD FP-MACHINE3;5_FPT;5_FPT_PREMIUM;2026-03-24 00:00:00.000;3;4,0167;3,9667;4
KA25.000423-079;301;18060;60;NULL;NULL;0069FF;7;1_SMT;1_SMTA;2026-04-13 00:00:00.000;1;1,75;1,3667;1,1833
KA25.000423-079;126;7560;60;NULL;NULL;0069FF;2;4_AOI;4_AOI_SIDEA;2026-04-13 00:00:00.000;2;0,7833;0,6833;0,65
KA25.000423-079;127;7620;60;NULL;NULL;0069FF;APT-1600FD FP-MACHINE;5_FPT;5_FPT_PREMIUM;2026-04-13 00:00:00.000;3;4,0667;3,95;4
KA25.000423-079;174;10440;60;NULL;NULL;0069FF;11;4_AOI;4_AOI_SIDEA;2026-04-13 00:00:00.000;4;0,7167;0,6667;0,6333
KA25.000423-079;174;10440;60;NULL;NULL;0069FF;APT-1600FD FP-MACHINE3;5_FPT;5_FPT_PREMIUM;2026-04-13 00:00:00.000;5;3,9333;3,8833;4
KA25.000423-082;300;18000;60;NULL;NULL;0069CF;7;1_SMT;1_SMTA;2026-02-16 00:00:00.000;1;1,7333;1,5667;1,3833
KA25.000423-082;300;18000;60;NULL;NULL;0069CF;2;4_AOI;4_AOI_SIDEA;2026-02-16 00:00:00.000;2;0,75;0,6667;0,65
KA25.000423-082;300;18000;60;NULL;NULL;0069CF;APT-1600FD FP-MACHINE3;5_FPT;5_FPT_PREMIUM;2026-02-16 00:00:00.000;3;4;3,9667;4
KA25.000423-083;450;900;2;NULL;NULL;206AAD;7;1_SMT;1_SMTA;2026-03-26 00:00:00.000;1;0,6167;0,6;0,55
KA25.000423-083;450;900;2;NULL;NULL;206AAD;10;2_ODD;2_ODDA;2026-03-26 00:00:00.000;2;2,05;1,9167;1,8833
KA25.000423-083;153;306;2;4;84;206AAD;3;3_SEL;3_SELA;2026-03-26 00:00:00.000;3;2,15;1,6667;3,3333
KA25.000423-083;293;586;2;NULL;NULL;206AAD;APT-1600FD FP-MACHINE;5_FPT;5_FPT_BASIC;2026-03-26 00:00:00.000;4;0,8833;0,8167;0,75
KA25.000423-083;450;900;2;NULL;NULL;206AAD;2;4_AOI;4_AOI_SIDEB;2026-03-26 00:00:00.000;5;1,2667;1,1833;1,1833
KA25.000423-083;449;898;2;NULL;NULL;206AAD;9;6_DEP;6_DEP;2026-03-26 00:00:00.000;6;0,8333;0,6333;0,5333
KA25.000423-083;157;314;2;NULL;NULL;206AAD;APT-1600FD FP-MACHINE2;5_FPT;5_FPT_BASIC;2026-03-26 00:00:00.000;7;0,8667;0,8;0,75
KA25.000423-084;300;18000;60;NULL;NULL;0069CF;7;1_SMT;1_SMTA;2026-03-12 00:00:00.000;1;1,6333;1,3667;1,3333
KA25.000423-084;300;18000;60;NULL;NULL;0069CF;2;4_AOI;4_AOI_SIDEA;2026-03-12 00:00:00.000;2;0,7667;0,6667;0,65
KA25.000423-084;300;18000;60;NULL;NULL;0069CF;APT-1600FD FP-MACHINE3;5_FPT;5_FPT_PREMIUM;2026-03-12 00:00:00.000;3;4,2167;4,1667;4,1667
KA25.000423-085;480;960;2;NULL;NULL;206A1D;8;1_SMT;1_SMTA;2026-04-27 00:00:00.000;1;0,5667;0,5333;0,5
KA25.000423-085;480;960;2;NULL;NULL;206A1D;10;2_ODD;2_ODDA;2026-04-27 00:00:00.000;2;2,0667;1,95;1,8833
KA25.000423-085;403;807;2;4;241;206A1D;3;3_SEL;3_SELA;2026-04-27 00:00:00.000;3;2,4667;2,05;3,4333
KA25.000423-085;480;960;2;NULL;NULL;206A1D;2;4_AOI;4_AOI_SIDEB;2026-04-27 00:00:00.000;4;1,25;1,2;1,1667
KA25.000423-085;480;960;2;NULL;NULL;206A1D;APT-1600FD FP-MACHINE3;5_FPT;5_FPT_BASIC;2026-04-27 00:00:00.000;5;1,0167;0,9333;0,9167
KA25.000423-085;479;958;2;NULL;NULL;206A1D;9;6_DEP;6_DEP;2026-04-27 00:00:00.000;6;0,5667;0,5167;0,4667
KA25.000423-086;320;19200;60;NULL;NULL;0069FF;7;1_SMT;1_SMTA;2026-04-17 00:00:00.000;1;1,65;1,45;1,1667
KA25.000423-086;320;19200;60;NULL;NULL;0069FF;2;4_AOI;4_AOI_SIDEA;2026-04-17 00:00:00.000;2;0,6833;0,6333;0,65
KA25.000423-086;320;19200;60;NULL;NULL;0069FF;APT-1600FD FP-MACHINE;5_FPT;5_FPT_PREMIUM;2026-04-17 00:00:00.000;3;4,0167;3,9167;4
KA25.000424-001;252;504;2;NULL;NULL;00671I;2;4_AOI;4_AOI_SIDEA;2025-10-29 00:00:00.000;1;0,5167;0,4333;0,4
KA25.000424-001;251;502;2;NULL;NULL;00671I;10;2_ODD;2_ODDA;2025-10-29 00:00:00.000;2;3,05;2,2833;2,0833
KA25.000424-001;252;504;2;NULL;NULL;00671I;APT-1600FD FP-MACHINE;5_FPT;5_FPT_BASIC;2025-10-29 00:00:00.000;3;1,2667;1,0833;1,0833
KA25.000424-001;252;504;2;4;127;00671I;3;3_SEL;3_SELA;2025-10-29 00:00:00.000;4;1,65;1,3667;2,75
KA25.000424-001;252;504;2;NULL;NULL;00671I;2;4_AOI;4_AOI_SIDEB;2025-10-29 00:00:00.000;5;0,6833;0,45;0,4
KA25.000424-001;251;502;2;NULL;NULL;00671I;9;6_DEP;6_DEP;2025-10-29 00:00:00.000;6;0,6833;0,5667;0,55
KA25.000424-001;67;4020;60;NULL;NULL;0069FF;2;4_AOI;4_AOI_SIDEA;2025-10-29 00:00:00.000;7;0,7167;0,65;0,4
KA25.000424-001;67;4020;60;NULL;NULL;0069FF;APT-1600FD FP-MACHINE2;5_FPT;5_FPT_PREMIUM;2025-10-29 00:00:00.000;8;4,1333;3,9833;4
KA25.000424-002;252;504;2;NULL;NULL;00671I;2;4_AOI;4_AOI_SMT;2025-11-04 00:00:00.000;1;0,45;0,3667;0,4
KA25.000424-002;251;503;2;4;126;00671I;3;3_SEL;3_SELA;2025-11-04 00:00:00.000;2;1,6333;1,3667;2,75
KA25.000424-002;252;504;2;NULL;NULL;00671I;2;4_AOI;4_AOI_SIDEB;2025-11-04 00:00:00.000;3;0,5667;0,4833;0,4
KA25.000424-002;250;500;2;NULL;NULL;00671I;9;6_DEP;6_DEP;2025-11-04 00:00:00.000;4;0,7167;0,5833;0,55
KA25.000424-002;252;504;2;NULL;NULL;00671I;APT-1600FD FP-MACHINE;5_FPT;5_FPT_BASIC;2025-11-04 00:00:00.000;5;1,15;1,1;1,0833
KA25.000424-003;252;504;2;NULL;NULL;00671I;2;4_AOI;4_AOI_SMT;2025-11-13 00:00:00.000;1;0,5333;0,45;0,4333
KA25.000424-003;252;504;2;NULL;NULL;00671I;APT-1600FD FP-MACHINE;5_FPT;5_FPT_BASIC;2025-11-13 00:00:00.000;2;1,2;1,1333;1,0833
KA25.000424-003;252;504;2;4;128;00671I;3;3_SEL;3_SELA;2025-11-13 00:00:00.000;3;1,5333;1,3667;2,75
KA25.000424-003;252;504;2;NULL;NULL;00671I;2;4_AOI;4_AOI_SIDEB;2025-11-13 00:00:00.000;4;0,5833;0,5;0,4333
KA25.000424-003;252;504;2;NULL;NULL;00671I;9;6_DEP;6_DEP;2025-11-13 00:00:00.000;5;0,6333;0,5667;0,5167
KA25.000424-004;252;504;2;NULL;NULL;00671I;10;2_ODD;2_ODDA;2025-11-14 00:00:00.000;1;1,85;1,6833;1,4667
KA25.000424-004;252;504;2;NULL;NULL;00671I;2;4_AOI;4_AOI_SMT;2025-11-14 00:00:00.000;2;0,4833;0,4333;0,4333
KA25.000424-004;252;504;2;4;129;00671I;3;3_SEL;3_SELA;2025-11-14 00:00:00.000;3;1,5833;1,3667;2,75
KA25.000424-004;251;502;2;NULL;NULL;00671I;2;4_AOI;4_AOI_SIDEB;2025-11-14 00:00:00.000;4;0,6;0,5;0,4333
KA25.000424-004;251;502;2;NULL;NULL;00671I;APT-1600FD FP-MACHINE;5_FPT;5_FPT_BASIC;2025-11-14 00:00:00.000;5;1,1667;1,0833;1,0833
KA25.000424-004;251;502;2;NULL;NULL;00671I;9;6_DEP;6_DEP;2025-11-14 00:00:00.000;6;0,5667;0,5167;0,5167
KA25.000424-005;253;506;2;NULL;NULL;00671I;10;2_ODD;2_ODDA;2025-12-02 00:00:00.000;1;2,55;2;1,5833
KA25.000424-005;253;506;2;4;130;00671I;3;3_SEL;3_SELA;2025-12-02 00:00:00.000;2;1,8333;1,3667;2,75
KA25.000424-005;253;506;2;NULL;NULL;00671I;APT-1600FD FP-MACHINE2;5_FPT;5_FPT_BASIC;2025-12-02 00:00:00.000;3;1,2833;1,15;1,0833
KA25.000424-005;253;506;2;NULL;NULL;00671I;9;6_DEP;6_DEP;2025-12-02 00:00:00.000;4;0,7167;0,5333;0,5167
KA25.000424-006;251;502;2;NULL;NULL;00671I;10;2_ODD;2_ODDA;2025-12-02 00:00:00.000;1;2,0667;1,9;1,5833
KA25.000424-006;251;502;2;4;126;00671I;3;3_SEL;3_SELA;2025-12-02 00:00:00.000;2;1,7;1,3667;2,75
KA25.000424-006;251;502;2;NULL;NULL;00671I;APT-1600FD FP-MACHINE2;5_FPT;5_FPT_BASIC;2025-12-02 00:00:00.000;3;1,3167;1,15;1,0833
KA25.000424-006;251;502;2;NULL;NULL;00671I;9;6_DEP;6_DEP;2025-12-02 00:00:00.000;4;0,6;0,5167;0,5
KA25.000424-039;504;1008;2;NULL;NULL;00671I;7;1_SMT;1_SMTA;2026-04-08 00:00:00.000;1;0,75;0,55;0,4333
KA25.000424-039;504;1008;2;NULL;NULL;00671I;2;4_AOI;4_AOI_SMT;2026-04-08 00:00:00.000;2;0,4667;0,4167;0,4167
KA25.000424-039;504;1008;2;NULL;NULL;00671I;10;2_ODD;2_ODDA;2026-04-08 00:00:00.000;3;2;1,7833;1,6
KA25.000424-039;82;164;2;NULL;NULL;00671I;11;4_AOI;4_AOI_SIDEB;2026-04-08 00:00:00.000;4;0,7167;0,5333;0,4333
KA25.000424-039;422;844;2;NULL;NULL;00671I;2;4_AOI;4_AOI_SIDEB;2026-04-08 00:00:00.000;5;0,75;0,5;0,4167
KA25.000424-039;504;1008;2;4;253;00671I;3;3_SEL;3_SELA;2026-04-08 00:00:00.000;6;1,8333;1,4167;2,8333
KA25.000424-039;45;90;2;NULL;NULL;00671I;APT-1600FD FP-MACHINE2;5_FPT;5_FPT_BASIC;2026-04-08 00:00:00.000;7;1,3667;1,1333;1,1
KA25.000424-039;459;918;2;NULL;NULL;00671I;APT-1600FD FP-MACHINE;5_FPT;5_FPT_BASIC;2026-04-08 00:00:00.000;8;1,2333;1,1333;1,0833
KA25.000424-039;503;1006;2;NULL;NULL;00671I;9;6_DEP;6_DEP;2026-04-08 00:00:00.000;9;0,6167;0,5833;0,5167
KA25.000424-041;84;5040;60;NULL;NULL;0069FF;2;4_AOI;4_AOI_SIDEA;2025-10-24 00:00:00.000;1;0,6833;0,6167;0,6
KA25.000424-041;49;2940;60;NULL;NULL;0069FF;APT-1600FD FP-MACHINE2;5_FPT;5_FPT_PREMIUM;2025-10-24 00:00:00.000;2;4,0833;3,9833;4
KA25.000424-041;35;2100;60;NULL;NULL;0069FF;APT-1600FD FP-MACHINE3;5_FPT;5_FPT_PREMIUM;2025-10-24 00:00:00.000;3;4,05;3,9167;4
KA25.000424-042;84;5040;60;NULL;NULL;0069FF;2;4_AOI;4_AOI_SIDEA;2025-10-28 00:00:00.000;1;0,7167;0,6;0,6
KA25.000424-042;84;5040;60;NULL;NULL;0069FF;APT-1600FD FP-MACHINE;5_FPT;5_FPT_PREMIUM;2025-10-28 00:00:00.000;2;4,0667;3,9333;3,9333
KA25.000424-043;84;5040;60;NULL;NULL;0069FF;APT-1600FD FP-MACHINE2;5_FPT;5_FPT_PREMIUM;2025-11-10 00:00:00.000;1;4,2333;3,9833;4
KA25.000424-043;84;5040;60;NULL;NULL;0069FF;2;4_AOI;4_AOI_SIDEA;2025-11-10 00:00:00.000;2;0,6833;0,6333;0,6
KA25.000424-044;84;5040;60;NULL;NULL;0069FF;2;4_AOI;4_AOI_SIDEA;2025-11-11 00:00:00.000;1;0,8167;0,65;0,65
KA25.000424-044;81;4860;60;NULL;NULL;0069FF;APT-1600FD FP-MACHINE2;5_FPT;5_FPT_PREMIUM;2025-11-11 00:00:00.000;2;4,2167;4,0833;4,0167
KA25.000424-045;84;5040;60;NULL;NULL;0069FF;2;4_AOI;4_AOI_SIDEA;2025-11-28 00:00:00.000;1;0,7;0,6333;0,65
KA25.000424-045;69;4140;60;NULL;NULL;0069FF;APT-1600FD FP-MACHINE;5_FPT;5_FPT_PREMIUM;2025-11-28 00:00:00.000;2;4,1333;3,9167;3,9333
KA25.000424-045;15;900;60;NULL;NULL;0069FF;APT-1600FD FP-MACHINE2;5_FPT;5_FPT_PREMIUM;2025-11-28 00:00:00.000;3;4,2;3,8667;4,0833
KA25.000424-046;84;5040;60;NULL;NULL;0069FF;2;4_AOI;4_AOI_SIDEA;2025-11-28 00:00:00.000;1;0,8;0,6833;0,65
KA25.000424-046;21;1260;60;NULL;NULL;0069FF;APT-1600FD FP-MACHINE3;5_FPT;5_FPT_PREMIUM;2025-11-28 00:00:00.000;2;4,2667;4,0333;4,0167
KA25.000424-046;64;3840;60;NULL;NULL;0069FF;APT-1600FD FP-MACHINE2;5_FPT;5_FPT_PREMIUM;2025-11-28 00:00:00.000;3;4,3;4,15;4,0833
KA25.000424-079;168;10080;60;NULL;NULL;0069FF;7;1_SMT;1_SMTA;2026-04-03 00:00:00.000;1;1,9333;1,5333;1,3167
KA25.000424-079;168;10080;60;NULL;NULL;0069FF;11;4_AOI;4_AOI_SIDEA;2026-04-03 00:00:00.000;2;0,7833;0,6833;0,6333
KA25.000424-079;168;10080;60;NULL;NULL;0069FF;APT-1600FD FP-MACHINE2;5_FPT;5_FPT_PREMIUM;2026-04-03 00:00:00.000;3;4,15;4,0333;4
KA25.000424-081;252;504;2;NULL;NULL;00671I;10;2_ODD;2_ODDA;2025-12-03 00:00:00.000;1;1,9333;1,8;1,5
KA25.000424-081;250;500;2;4;127;00671I;3;3_SEL;3_SELA;2025-12-03 00:00:00.000;2;1,7833;1,3833;2,75
KA25.000424-081;252;504;2;NULL;NULL;00671I;APT-1600FD FP-MACHINE2;5_FPT;5_FPT_BASIC;2025-12-03 00:00:00.000;3;1,25;1,15;1,0833
KA25.000424-081;252;504;2;NULL;NULL;00671I;9;6_DEP;6_DEP;2025-12-03 00:00:00.000;4;0,6;0,5667;0,5167
KA25.000424-082;252;504;2;NULL;NULL;00671I;10;2_ODD;2_ODDA;2025-12-03 00:00:00.000;1;1,7;1,65;1,4833
KA25.000424-082;252;504;2;4;127;00671I;3;3_SEL;3_SELA;2025-12-03 00:00:00.000;2;1,6833;1,3667;2,75
KA25.000424-082;252;504;2;NULL;NULL;00671I;APT-1600FD FP-MACHINE2;5_FPT;5_FPT_BASIC;2025-12-03 00:00:00.000;3;1,2333;1,1;1,0833
KA25.000424-082;252;504;2;NULL;NULL;00671I;9;6_DEP;6_DEP;2025-12-03 00:00:00.000;4;0,7;0,5667;0,5167
KA25.000424-083;504;1008;2;NULL;NULL;00671I;2;4_AOI;4_AOI_SMT;2025-12-17 00:00:00.000;1;0,45;0,4167;0,4
KA25.000424-083;504;1008;2;NULL;NULL;00671I;10;2_ODD;2_ODDA;2025-12-17 00:00:00.000;2;1,8;1,7333;1,5
KA25.000424-083;504;1008;2;4;253;00671I;3;3_SEL;3_SELA;2025-12-17 00:00:00.000;3;1,5333;1,3667;2,75
KA25.000424-083;76;152;2;NULL;NULL;00671I;APT-1600FD FP-MACHINE;5_FPT;5_FPT_BASIC;2025-12-17 00:00:00.000;4;1,4667;1,2667;1,0833
KA25.000424-083;428;856;2;NULL;NULL;00671I;APT-1600FD FP-MACHINE3;5_FPT;5_FPT_BASIC;2025-12-17 00:00:00.000;5;1,2333;1,1333;1,1
KA25.000424-083;504;1008;2;NULL;NULL;00671I;9;6_DEP;6_DEP;2025-12-17 00:00:00.000;6;0,6833;0,5333;0,5167
KA25.000424-084;504;1008;2;NULL;NULL;00671I;2;4_AOI;4_AOI_SMT;2026-01-07 00:00:00.000;1;0,4167;0,4167;0,4333
KA25.000424-084;504;1008;2;NULL;NULL;00671I;10;2_ODD;2_ODDA;2026-01-07 00:00:00.000;2;2,7167;2,1667;1,6833
KA25.000424-084;504;1008;2;4;253;00671I;3;3_SEL;3_SELA;2026-01-07 00:00:00.000;3;1,6167;1,2667;2,5333
KA25.000424-084;504;1008;2;NULL;NULL;00671I;2;4_AOI;4_AOI_SIDEB;2026-01-07 00:00:00.000;4;0,6;0,5;0,4333
KA25.000424-084;504;1008;2;NULL;NULL;00671I;APT-1600FD FP-MACHINE2;5_FPT;5_FPT_BASIC;2026-01-07 00:00:00.000;5;1,1667;1,1;1,0833
KA25.000424-084;504;1008;2;NULL;NULL;00671I;9;6_DEP;6_DEP;2026-01-07 00:00:00.000;6;0,8333;0,7667;0,7167
KA25.000424-085;504;1008;2;NULL;NULL;00671I;2;4_AOI;4_AOI_SMT;2026-01-14 00:00:00.000;1;0,4667;0,45;0,4
KA25.000424-085;504;1008;2;NULL;NULL;00671I;10;2_ODD;2_ODDA;2026-01-14 00:00:00.000;2;1,7833;1,6667;1,4833
KA25.000424-085;504;1008;2;4;253;00671I;3;3_SEL;3_SELA;2026-01-14 00:00:00.000;3;1,55;1,3667;2,7333
KA25.000424-085;501;1002;2;NULL;NULL;00671I;APT-1600FD FP-MACHINE;5_FPT;5_FPT_BASIC;2026-01-14 00:00:00.000;4;1,3;1,1833;1,0833
KA25.000424-085;504;1008;2;NULL;NULL;00671I;2;4_AOI;4_AOI_SIDEB;2026-01-14 00:00:00.000;5;0,6333;0,4667;0,4
KA25.000424-085;501;1002;2;NULL;NULL;00671I;9;6_DEP;6_DEP;2026-01-14 00:00:00.000;6;0,7;0,55;0,5167
KA25.000424-086;502;1004;2;NULL;NULL;00671I;10;2_ODD;2_ODDA;2026-01-26 00:00:00.000;1;2;1,75;1,5167
KA25.000424-086;504;1008;2;NULL;NULL;00671I;7;1_SMT;1_SMTA;2026-01-26 00:00:00.000;2;0,9;0,7333;0,5833
KA25.000424-086;504;1008;2;NULL;NULL;00671I;2;4_AOI;4_AOI_SMT;2026-01-26 00:00:00.000;3;0,4167;0,3833;0,3833
KA25.000424-086;504;1008;2;NULL;NULL;00671I;2;4_AOI;4_AOI_SIDEB;2026-01-26 00:00:00.000;4;0,5;0,45;0,3833
KA25.000424-086;504;1008;2;4;252;00671I;3;3_SEL;3_SELA;2026-01-26 00:00:00.000;5;1,6667;1,3667;2,75
KA25.000424-086;504;1008;2;NULL;NULL;00671I;APT-1600FD FP-MACHINE;5_FPT;5_FPT_BASIC;2026-01-26 00:00:00.000;6;1,1667;1,1;1,0833
KA25.000424-086;501;1002;2;NULL;NULL;00671I;9;6_DEP;6_DEP;2026-01-26 00:00:00.000;7;0,6667;0,6;0,5167
KA25.000424-087;612;1224;2;NULL;NULL;00671I;10;2_ODD;2_ODDA;2026-02-02 00:00:00.000;1;1,7667;1,6167;1,4833
KA25.000424-087;611;1222;2;NULL;NULL;00671I;APT-1600FD FP-MACHINE;5_FPT;5_FPT_BASIC;2026-02-02 00:00:00.000;2;1,2;1,1333;1,0833
KA25.000424-087;612;1224;2;4;312;00671I;3;3_SEL;3_SELA;2026-02-02 00:00:00.000;3;1,65;1,3667;2,75
KA25.000424-087;612;1224;2;NULL;NULL;00671I;9;6_DEP;6_DEP;2026-02-02 00:00:00.000;4;0,5833;0,5333;0,5167
KA25.000424-088;396;792;2;NULL;NULL;00671I;7;1_SMT;1_SMTA;2026-01-27 00:00:00.000;1;0,8;0,7;0,5833
KA25.000424-088;395;790;2;NULL;NULL;00671I;10;2_ODD;2_ODDA;2026-01-27 00:00:00.000;2;1,9333;1,7333;1,5167
KA25.000424-088;396;792;2;4;198;00671I;3;3_SEL;3_SELA;2026-01-27 00:00:00.000;3;1,6167;1,3667;2,75
KA25.000424-088;396;792;2;NULL;NULL;00671I;2;4_AOI;4_AOI_SIDEB;2026-01-27 00:00:00.000;4;0,5167;0,45;0,4
KA25.000424-088;393;786;2;NULL;NULL;00671I;APT-1600FD FP-MACHINE;5_FPT;5_FPT_BASIC;2026-01-27 00:00:00.000;5;1,1667;1,1;1,0833
KA25.000424-088;393;786;2;NULL;NULL;00671I;9;6_DEP;6_DEP;2026-01-27 00:00:00.000;6;0,8;0,7167;0,7
KA25.000424-089;504;1008;2;NULL;NULL;00671I;2;4_AOI;4_AOI_SMT;2026-02-05 00:00:00.000;1;0,4333;0,4;0,3667
KA25.000424-089;504;1008;2;NULL;NULL;00671I;10;2_ODD;2_ODDA;2026-02-05 00:00:00.000;2;1,7167;1,6667;1,5333
KA25.000424-089;504;1008;2;4;261;00671I;3;3_SEL;3_SELA;2026-02-05 00:00:00.000;3;1,7167;1,3667;2,75
KA25.000424-089;504;1008;2;NULL;NULL;00671I;APT-1600FD FP-MACHINE;5_FPT;5_FPT_BASIC;2026-02-05 00:00:00.000;4;1,2667;1,1167;1,0833
KA25.000424-089;504;1008;2;NULL;NULL;00671I;9;6_DEP;6_DEP;2026-02-05 00:00:00.000;5;0,7167;0,5667;0,5167
KA25.000424-091;505;1010;2;NULL;NULL;00671I;7;1_SMT;1_SMTA;2026-03-05 00:00:00.000;1;0,8;0,6833;0,5167
KA25.000424-091;504;1008;2;NULL;NULL;00671I;2;4_AOI;4_AOI_SMT;2026-03-05 00:00:00.000;2;0,4;0,3833;0,4
KA25.000424-091;504;1008;2;NULL;NULL;00671I;10;2_ODD;2_ODDA;2026-03-05 00:00:00.000;3;1,8167;1,6833;1,5167
KA25.000424-091;504;1008;2;4;252;00671I;3;3_SEL;3_SELA;2026-03-05 00:00:00.000;4;1,6667;1,3667;2,75
KA25.000424-091;504;1008;2;NULL;NULL;00671I;2;4_AOI;4_AOI_SIDEB;2026-03-05 00:00:00.000;5;0,5;0,45;0,4
KA25.000424-091;110;220;2;NULL;NULL;00671I;APT-1600FD FP-MACHINE;5_FPT;5_FPT_BASIC;2026-03-05 00:00:00.000;6;1,2167;1,0833;1,0833
KA25.000424-091;504;1008;2;NULL;NULL;00671I;9;6_DEP;6_DEP;2026-03-05 00:00:00.000;7;0,65;0,6;0,5333
KA25.000424-091;394;788;2;NULL;NULL;00671I;APT-1600FD FP-MACHINE2;5_FPT;5_FPT_BASIC;2026-03-05 00:00:00.000;8;1,1833;1,1167;1,0833
KA25.000424-093;504;1008;2;NULL;NULL;00671I;7;1_SMT;1_SMTA;2026-03-12 00:00:00.000;1;0,7333;0,6167;0,5
KA25.000424-093;504;1008;2;NULL;NULL;00671I;2;4_AOI;4_AOI_SMT;2026-03-12 00:00:00.000;2;0,4333;0,3833;0,4
KA25.000424-093;504;1008;2;NULL;NULL;00671I;10;2_ODD;2_ODDA;2026-03-12 00:00:00.000;3;2,0667;1,8167;1,55
KA25.000424-093;504;1008;2;4;252;00671I;3;3_SEL;3_SELA;2026-03-12 00:00:00.000;4;1,8;1,3667;2,75
KA25.000424-093;504;1008;2;NULL;NULL;00671I;2;4_AOI;4_AOI_SIDEB;2026-03-12 00:00:00.000;5;0,5333;0,4333;0,4
KA25.000424-093;504;1008;2;NULL;NULL;00671I;APT-1600FD FP-MACHINE;5_FPT;5_FPT_BASIC;2026-03-12 00:00:00.000;6;1,1667;1,1;1,0833
KA25.000424-093;504;1008;2;NULL;NULL;00671I;9;6_DEP;6_DEP;2026-03-12 00:00:00.000;7;0,8167;0,7;0,6
KA25.000424-094;504;1008;2;NULL;NULL;00671I;7;1_SMT;1_SMTA;2026-03-16 00:00:00.000;1;0,6167;0,5667;0,4667
KA25.000424-094;504;1008;2;NULL;NULL;00671I;2;4_AOI;4_AOI_SMT;2026-03-16 00:00:00.000;2;0,4167;0,3833;0,4333
KA25.000424-094;504;1008;2;NULL;NULL;00671I;10;2_ODD;2_ODDA;2026-03-16 00:00:00.000;3;1,8333;1,7167;1,5667
KA25.000424-094;504;1008;2;4;253;00671I;3;3_SEL;3_SELA;2026-03-16 00:00:00.000;4;1,7667;1,3833;2,7667
KA25.000424-094;504;1008;2;NULL;NULL;00671I;2;4_AOI;4_AOI_SIDEB;2026-03-16 00:00:00.000;5;0,4833;0,4667;0,4333
KA25.000424-094;504;1008;2;NULL;NULL;00671I;APT-1600FD FP-MACHINE2;5_FPT;5_FPT_BASIC;2026-03-16 00:00:00.000;6;1,1667;1,1;1,0833
KA25.000424-094;504;1008;2;NULL;NULL;00671I;9;6_DEP;6_DEP;2026-03-16 00:00:00.000;7;0,9;0,8167;0,7167
KA25.000424-095;504;1008;2;NULL;NULL;00671I;7;1_SMT;1_SMTA;2026-03-25 00:00:00.000;1;0,6167;0,5667;0,4833
KA25.000424-095;504;1008;2;NULL;NULL;00671I;2;4_AOI;4_AOI_SMT;2026-03-25 00:00:00.000;2;0,45;0,4;0,4333
KA25.000424-095;503;1006;2;NULL;NULL;00671I;10;2_ODD;2_ODDA;2026-03-25 00:00:00.000;3;1,8;1,7;1,4833
KA25.000424-095;504;1008;2;NULL;NULL;00671I;2;4_AOI;4_AOI_SIDEB;2026-03-25 00:00:00.000;4;0,6333;0,5;0,4333
KA25.000424-095;504;1008;2;NULL;NULL;00671I;9;6_DEP;6_DEP;2026-03-25 00:00:00.000;5;0,65;0,5667;0,5167
KA25.000424-095;304;608;2;NULL;NULL;00671I;APT-1600FD FP-MACHINE;5_FPT;5_FPT_BASIC;2026-03-25 00:00:00.000;6;1,2;1,1;1,0833
KA25.000424-095;200;400;2;NULL;NULL;00671I;APT-1600FD FP-MACHINE2;5_FPT;5_FPT_BASIC;2026-03-25 00:00:00.000;7;1,2667;1,1167;1,0833
KA25.000424-096;504;1008;2;NULL;NULL;00671I;7;1_SMT;1_SMTA;2026-04-07 00:00:00.000;1;0,8;0,5833;0,5
KA25.000424-096;504;1008;2;NULL;NULL;00671I;11;4_AOI;4_AOI_SMT;2026-04-07 00:00:00.000;2;0,5333;0,45;0,4
KA25.000424-096;503;1006;2;NULL;NULL;00671I;10;2_ODD;2_ODDA;2026-04-07 00:00:00.000;3;1,9833;1,7167;1,5333
KA25.000424-096;504;1008;2;NULL;NULL;00671I;9;6_DEP;6_DEP;2026-04-07 00:00:00.000;4;0,6833;0,6;0,5167
KA25.000424-096;345;690;2;NULL;NULL;00671I;2;4_AOI;4_AOI_SIDEB;2026-04-07 00:00:00.000;5;0,6667;0,5167;0,45
KA25.000424-096;504;1008;2;NULL;NULL;00671I;APT-1600FD FP-MACHINE;5_FPT;5_FPT_BASIC;2026-04-07 00:00:00.000;6;1,1833;1,1167;1,0833
KA25.000424-096;160;320;2;NULL;NULL;00671I;11;4_AOI;4_AOI_SIDEB;2026-04-07 00:00:00.000;7;0,6167;0,5167;0,4
KA25.000424-097;84;5040;60;NULL;NULL;0069FF;2;4_AOI;4_AOI_SIDEA;2025-12-02 00:00:00.000;1;0,7667;0,65;0,65
KA25.000424-097;84;5040;60;NULL;NULL;0069FF;APT-1600FD FP-MACHINE3;5_FPT;5_FPT_PREMIUM;2025-12-02 00:00:00.000;2;4,0667;4;4
KA25.000424-098;84;5040;60;NULL;NULL;0069FF;2;4_AOI;4_AOI_SIDEA;2025-12-04 00:00:00.000;1;0,7167;0,6667;0,65
KA25.000424-098;84;5040;60;NULL;NULL;0069FF;APT-1600FD FP-MACHINE;5_FPT;5_FPT_PREMIUM;2025-12-04 00:00:00.000;2;4,0167;3,95;3,9333
KA25.000424-099;168;10080;60;NULL;NULL;0069FF;2;4_AOI;4_AOI_SIDEA;2025-12-15 00:00:00.000;1;0,7167;0,6667;0,65
KA25.000424-099;168;10080;60;NULL;NULL;0069FF;APT-1600FD FP-MACHINE;5_FPT;5_FPT_PREMIUM;2025-12-15 00:00:00.000;2;4,0333;3,95;3,9333
KA25.000424-100;168;10080;60;NULL;NULL;0069FF;APT-1600FD FP-MACHINE;5_FPT;5_FPT_PREMIUM;2025-12-16 00:00:00.000;1;3,95;3,9;3,9167
KA25.000424-100;168;10080;60;NULL;NULL;0069FF;2;4_AOI;4_AOI_SIDEA;2025-12-16 00:00:00.000;2;0,75;0,65;0,65
KA25.000424-101;101;6060;60;NULL;NULL;0069FF;2;4_AOI;4_AOI_SIDEA;2026-01-13 00:00:00.000;1;0,7;0,65;0,6333
KA25.000424-101;101;6060;60;NULL;NULL;0069FF;APT-1600FD FP-MACHINE2;5_FPT;5_FPT_PREMIUM;2026-01-13 00:00:00.000;2;4,0833;3,9833;4
KA25.000424-103;204;12240;60;NULL;NULL;0069FF;7;1_SMT;1_SMTA;2026-02-02 00:00:00.000;1;1,6;1,4833;1,2333
KA25.000424-103;204;12240;60;NULL;NULL;0069FF;APT-1600FD FP-MACHINE;5_FPT;5_FPT_PREMIUM;2026-02-02 00:00:00.000;2;4,0333;3,9667;4
KA25.000424-103;204;12240;60;NULL;NULL;0069FF;2;4_AOI;4_AOI_SIDEA;2026-02-02 00:00:00.000;3;0,7333;0,6333;0,6
KA25.000424-105;168;10080;60;NULL;NULL;0069FF;7;1_SMT;1_SMTA;2026-02-05 00:00:00.000;1;1,6833;1,65;1,4667
KA25.000424-105;168;10080;60;NULL;NULL;0069FF;2;4_AOI;4_AOI_SIDEA;2026-02-05 00:00:00.000;2;0,6833;0,65;0,6
KA25.000424-105;125;7500;60;NULL;NULL;0069FF;APT-1600FD FP-MACHINE;5_FPT;5_FPT_PREMIUM;2026-02-05 00:00:00.000;3;4;3,9333;4
KA25.000424-105;43;2580;60;NULL;NULL;0069FF;APT-1600FD FP-MACHINE3;5_FPT;5_FPT_PREMIUM;2026-02-05 00:00:00.000;4;4,2167;3,9833;4
KA25.000424-107;168;10080;60;NULL;NULL;0069FF;7;1_SMT;1_SMTA;2026-03-03 00:00:00.000;1;2,1333;1,5;1,3833
KA25.000424-107;168;10080;60;NULL;NULL;0069FF;2;4_AOI;4_AOI_SIDEA;2026-03-03 00:00:00.000;2;0,65;0,5833;0,6
KA25.000424-107;168;10080;60;NULL;NULL;0069FF;APT-1600FD FP-MACHINE;5_FPT;5_FPT_PREMIUM;2026-03-03 00:00:00.000;3;4,0833;4,0167;4
KA25.000424-109;168;10080;60;NULL;NULL;0069FF;7;1_SMT;1_SMTA;2026-03-12 00:00:00.000;1;1,7833;1,4167;1,1833
KA25.000424-109;168;10080;60;NULL;NULL;0069FF;2;4_AOI;4_AOI_SIDEA;2026-03-12 00:00:00.000;2;0,7167;0,65;0,6
KA25.000424-109;177;10620;60;NULL;NULL;0069FF;APT-1600FD FP-MACHINE3;5_FPT;5_FPT_PREMIUM;2026-03-12 00:00:00.000;3;3,95;3,8333;4
KA25.000424-110;97;5820;60;NULL;NULL;0069FF;APT-1600FD FP-MACHINE;5_FPT;5_FPT_PREMIUM;2026-03-16 00:00:00.000;1;4,05;3,95;3,9333
KA25.000424-110;168;10080;60;NULL;NULL;0069FF;7;1_SMT;1_SMTA;2026-03-16 00:00:00.000;2;1,55;1,4667;1,3333
KA25.000424-110;168;10080;60;NULL;NULL;0069FF;2;4_AOI;4_AOI_SIDEA;2026-03-16 00:00:00.000;3;0,65;0,6;0,6
KA25.000424-110;71;4260;60;NULL;NULL;0069FF;APT-1600FD FP-MACHINE3;5_FPT;5_FPT_PREMIUM;2026-03-16 00:00:00.000;4;4,05;3,9833;4
KA25.000424-111;168;10080;60;NULL;NULL;0069FF;7;1_SMT;1_SMTA;2026-03-23 00:00:00.000;1;1,7;1,35;1,2667
KA25.000424-111;168;10080;60;NULL;NULL;0069FF;2;4_AOI;4_AOI_SIDEA;2026-03-23 00:00:00.000;2;0,7333;0,6333;0,6333
KA25.000424-111;168;10080;60;NULL;NULL;0069FF;APT-1600FD FP-MACHINE3;5_FPT;5_FPT_PREMIUM;2026-03-23 00:00:00.000;3;3,9167;3,8667;4
KA25.000424-112;167;10020;60;NULL;NULL;0069FF;APT-1600FD FP-MACHINE;5_FPT;5_FPT_PREMIUM;2026-04-02 00:00:00.000;1;4;3,9333;3,9167
KA25.000424-112;168;10080;60;NULL;NULL;0069FF;7;1_SMT;1_SMTA;2026-04-02 00:00:00.000;2;1,7333;1,5;1,3
KA25.000424-112;168;10080;60;NULL;NULL;0069FF;2;4_AOI;4_AOI_SIDEA;2026-04-02 00:00:00.000;3;0,7333;0,6333;0,65
KA25.000424-113;504;1008;2;NULL;NULL;0067AI;7;1_SMT;1_SMTA;2026-02-17 00:00:00.000;1;0,6167;0,5667;0,45
KA25.000424-113;504;1008;2;NULL;NULL;0067AI;2;4_AOI;4_AOI_SMT;2026-02-17 00:00:00.000;2;0,45;0,3833;0,3833
KA25.000424-113;504;1008;2;NULL;NULL;0067AI;10;2_ODD;2_ODDA;2026-02-17 00:00:00.000;3;1,75;1,6833;1,5
KA25.000424-113;503;1006;2;NULL;NULL;0067AI;2;4_AOI;4_AOI_SIDEB;2026-02-17 00:00:00.000;4;0,6167;0,45;0,3833
KA25.000424-113;503;1007;2;4;254;0067AI;3;3_SEL;3_SELA;2026-02-17 00:00:00.000;5;1,8;1,4;2,8167
KA25.000424-113;474;948;2;NULL;NULL;0067AI;APT-1600FD FP-MACHINE2;5_FPT;5_FPT_BASIC;2026-02-17 00:00:00.000;6;1,2167;1,1;1,0833
KA25.000424-113;504;1008;2;NULL;NULL;0067AI;9;6_DEP;6_DEP;2026-02-17 00:00:00.000;7;0,7167;0,6167;0,5833
KA25.000424-113;30;60;2;NULL;NULL;0067AI;APT-1600FD FP-MACHINE;5_FPT;5_FPT_BASIC;2026-02-17 00:00:00.000;8;1,4167;1,0833;1,0833
KA25.000424-114;167;10020;60;NULL;NULL;0069CF;7;1_SMT;1_SMTA;2026-02-13 00:00:00.000;1;2,5167;1,95;1,95
KA25.000424-114;168;10080;60;NULL;NULL;0069CF;APT-1600FD FP-MACHINE3;5_FPT;5_FPT_PREMIUM;2026-02-13 00:00:00.000;2;4,2667;4,1667;4,1667
KA25.000424-114;168;10080;60;NULL;NULL;0069CF;2;4_AOI;4_AOI_SIDEA;2026-02-13 00:00:00.000;3;0,7833;0,6833;0,65
KA25.000424-115;504;1008;2;NULL;NULL;0067AI;7;1_SMT;1_SMTA;2026-03-11 00:00:00.000;1;0,6;0,5333;0,45
KA25.000424-115;504;1008;2;NULL;NULL;0067AI;10;2_ODD;2_ODDA;2026-03-11 00:00:00.000;2;2,0333;1,8167;1,55
KA25.000424-115;504;1008;2;NULL;NULL;0067AI;2;4_AOI;4_AOI_SMT;2026-03-11 00:00:00.000;3;0,4333;0,4167;0,3833
KA25.000424-115;504;1008;2;4;253;0067AI;3;3_SEL;3_SELA;2026-03-11 00:00:00.000;4;1,8;1,4333;2,8667
KA25.000424-115;504;1008;2;NULL;NULL;0067AI;2;4_AOI;4_AOI_SIDEB;2026-03-11 00:00:00.000;5;0,5833;0,4833;0,3833
KA25.000424-115;503;1006;2;NULL;NULL;0067AI;9;6_DEP;6_DEP;2026-03-11 00:00:00.000;6;1;0,9333;0,8833
KA25.000424-115;504;1008;2;NULL;NULL;0067AI;APT-1600FD FP-MACHINE2;5_FPT;5_FPT_BASIC;2026-03-11 00:00:00.000;7;1,3;1,1167;1,0833
KA25.000424-116;167;10020;60;NULL;NULL;0069CF;7;1_SMT;1_SMTA;2026-03-09 00:00:00.000;1;1,7;1,3333;1,1833
KA25.000424-116;168;10080;60;NULL;NULL;0069CF;2;4_AOI;4_AOI_SIDEA;2026-03-09 00:00:00.000;2;0,7667;0,7167;0,65
KA25.000424-116;168;10080;60;NULL;NULL;0069CF;APT-1600FD FP-MACHINE2;5_FPT;5_FPT_PREMIUM;2026-03-09 00:00:00.000;3;4,15;4,1167;4,1667
KA25.000424-117;504;1008;2;NULL;NULL;0067AI;11;4_AOI;4_AOI_SMT;2026-04-16 00:00:00.000;1;0,4833;0,45;0,3833
KA25.000424-117;502;1004;2;NULL;NULL;0067AI;8;1_SMT;1_SMTA;2026-04-16 00:00:00.000;2;0,6667;0,6333;0,5
KA25.000424-117;504;1008;2;NULL;NULL;0067AI;10;2_ODD;2_ODDA;2026-04-16 00:00:00.000;3;2,15;1,8167;1,55
KA25.000424-117;500;1001;2;4;253;0067AI;3;3_SEL;3_SELA;2026-04-16 00:00:00.000;4;1,7333;1,4333;2,8667
KA25.000424-117;504;1008;2;NULL;NULL;0067AI;2;4_AOI;4_AOI_SIDEB;2026-04-16 00:00:00.000;5;0,75;0,5667;0,4667
KA25.000424-117;195;390;2;NULL;NULL;0067AI;APT-1600FD FP-MACHINE;5_FPT;5_FPT_BASIC;2026-04-16 00:00:00.000;6;1,1333;1,1;1,0833
KA25.000424-117;503;1006;2;NULL;NULL;0067AI;9;6_DEP;6_DEP;2026-04-16 00:00:00.000;7;0,6167;0,55;0,5167
KA25.000424-117;309;618;2;NULL;NULL;0067AI;APT-1600FD FP-MACHINE3;5_FPT;5_FPT_BASIC;2026-04-16 00:00:00.000;8;1,2167;1,15;1,1
KA25.000424-118;168;10080;60;NULL;NULL;0069CF;7;1_SMT;1_SMTA;2026-04-20 00:00:00.000;1;1,7333;1,3833;1,1667
KA25.000424-118;168;10080;60;NULL;NULL;0069CF;2;4_AOI;4_AOI_SIDEA;2026-04-20 00:00:00.000;2;0,7833;0,6833;0,7
KA25.000424-118;167;10020;60;NULL;NULL;0069CF;APT-1600FD FP-MACHINE;5_FPT;5_FPT_PREMIUM;2026-04-20 00:00:00.000;3;4,3833;4,2;4,1833
KA25.000425-001;30;60;2;NULL;NULL;476Q1B;2;4_AOI;4_AOI_SIDEA;2025-08-06 00:00:00.000;1;1,2;0,9167;0,8667
KA25.000425-001;30;60;2;NULL;NULL;476Q1B;APT-1600FD FP-MACHINE2;5_FPT;5_FPT_BASIC;2025-08-06 00:00:00.000;2;0,9;0,7333;0,4
KA25.000425-002;30;60;2;NULL;NULL;476Q1B;2;4_AOI;4_AOI_SIDEA;2025-10-01 00:00:00.000;2;1,2833;0,9833;0,8333
KA25.000425-002;28;56;2;NULL;NULL;476Q1B;APT-1600FD FP-MACHINE2;5_FPT;5_FPT_BASIC;2025-10-01 00:00:00.000;4;1,25;0,5333;0,4167
KA25.000425-003;30;60;2;6;13;476Q1B;3;3_SEL;3_SELA;2025-10-28 00:00:00.000;1;2,9167;2,5167;6,7
KA25.000425-003;30;60;2;NULL;NULL;476Q1B;2;4_AOI;4_AOI_SIDEA;2025-10-28 00:00:00.000;2;1,05;0,8833;0,8167
KA25.000425-003;30;60;2;NULL;NULL;476Q1B;APT-1600FD FP-MACHINE;5_FPT;5_FPT_BASIC;2025-10-28 00:00:00.000;3;1,3667;0,5333;0,4
KA25.000425-004;30;60;2;NULL;NULL;476Q1B;10;2_ODD;2_ODDA;2025-12-10 00:00:00.000;1;6,3;4,9667;5,1167
KA25.000425-004;30;60;2;NULL;NULL;476Q1B;APT-1600FD FP-MACHINE2;5_FPT;5_FPT_BASIC;2025-12-10 00:00:00.000;3;2,0833;1,25;0,4333
KA25.000425-004;30;60;2;NULL;NULL;476Q1B;2;4_AOI;4_AOI_SIDEA;2025-12-10 00:00:00.000;4;1,1167;0,95;0,9667
KA25.000425-005;30;60;2;NULL;NULL;476Q1B;2;4_AOI;4_AOI_SIDEA;2026-01-21 00:00:00.000;2;1,0167;0,85;0,8167
KA25.000425-005;30;60;2;NULL;NULL;476Q1B;APT-1600FD FP-MACHINE;5_FPT;5_FPT_BASIC;2026-01-21 00:00:00.000;3;1,05;0,7167;0,5833
KA25.000425-006;30;60;2;NULL;NULL;476Q1B;2;4_AOI;4_AOI_SIDEA;2026-02-10 00:00:00.000;2;1,1833;0,8833;0,8167
KA25.000425-006;29;58;2;NULL;NULL;476Q1B;APT-1600FD FP-MACHINE;5_FPT;5_FPT_BASIC;2026-02-10 00:00:00.000;3;0,7167;0,5333;0,4167
KA25.000426-001;21;630;30;NULL;NULL;128AAB;2;4_AOI;4_AOI_SIDEA;2025-09-03 00:00:00.000;1;1,1833;0,7;0,5167
KA25.000426-001;11;330;30;NULL;NULL;128AAB;APT-1600FD FP-MACHINE2;5_FPT;5_FPT_PREMIUM;2025-09-03 00:00:00.000;3;2,1833;1,2667;1,3333
KA25.000427-001;10;50;5;NULL;NULL;913A1B;2;4_AOI;4_AOI_SIDEA;2025-09-22 00:00:00.000;1;1,5;0,8333;0,8167
KA25.000427-001;10;50;5;NULL;NULL;913A1B;APT-1600FD FP-MACHINE2;5_FPT;5_FPT_PREMIUM;2025-09-22 00:00:00.000;2;9,5667;8,5667;9,0167
KA25.000432-001;156;312;2;NULL;NULL;006D1A;10;2_ODD;2_ODDA;2025-10-14 00:00:00.000;1;4,4;3,7167;3,25
KA25.000432-001;156;312;2;2;157;006D1A;3;3_SEL;3_SELA;2025-10-14 00:00:00.000;2;3,5833;2,5167;2,5167
KA25.000432-001;156;312;2;NULL;NULL;006D1A;2;4_AOI;4_AOI_SIDEB;2025-10-14 00:00:00.000;3;1,6667;1,4;1,3667
KA25.000432-001;90;180;2;NULL;NULL;006D1A;APT-1600FD FP-MACHINE2;5_FPT;5_FPT_PREMIUM;2025-10-14 00:00:00.000;4;6,1333;5,0833;4,85
KA25.000432-001;67;134;2;NULL;NULL;006D1A;APT-1600FD FP-MACHINE;5_FPT;5_FPT_PREMIUM;2025-10-14 00:00:00.000;5;5,1833;4,5;4,6833
KA25.000432-001;154;308;2;NULL;NULL;006D1A;9;6_DEP;6_DEP;2025-10-14 00:00:00.000;6;1,3333;1,0833;1,1833
KA25.000434-001;50;100;2;2;53;266F1B;3;3_SEL;3_SELA;2025-09-09 00:00:00.000;1;4,75;4,1333;4,1333
KA25.000434-001;50;100;2;NULL;NULL;266F1B;2;4_AOI;4_AOI_SIDEB;2025-09-09 00:00:00.000;2;1,5333;1,2833;1,2833
KA25.000434-001;50;100;2;NULL;NULL;266F1B;APT-1600FD FP-MACHINE3;5_FPT;5_FPT_PREMIUM;2025-09-09 00:00:00.000;3;8,4167;6,7167;7,4333
KA25.000438-002;23;92;4;NULL;NULL;628A1C;APT-1600FD FP-MACHINE2;5_FPT;5_FPT_PREMIUM;2025-09-10 00:00:00.000;1;2,0333;1,8167;1,75
KA25.000438-002;25;100;4;NULL;NULL;628A1C;2;4_AOI;4_AOI_SIDEB;2025-09-10 00:00:00.000;2;1,4167;1,1333;0,8833
KA25.000441-001;10;30;3;3;11;074K1A;3;3_SEL;3_SELB;2025-11-13 00:00:00.000;2;5,05;4,95;4,95
KA25.000443-001;18;90;5;NULL;NULL;2313BA;2;4_AOI;4_AOI_SIDEB;2025-09-25 00:00:00.000;1;0,65;0,3833;0,3833
KA25.000443-001;18;90;5;NULL;NULL;2313BA;APT-1600FD FP-MACHINE3;5_FPT;5_FPT_BASIC;2025-09-25 00:00:00.000;2;0,7167;0,45;0,4167
KA25.000450-002;494;988;2;NULL;NULL;08311B;7;1_SMT;1_SMTB;2026-03-02 00:00:00.000;1;1,2667;1,0167;0,9833
KA25.000450-002;495;990;2;NULL;NULL;08311B;7;1_SMT;1_SMTA;2026-03-02 00:00:00.000;3;1,9167;1,3;0,9833
KA25.000450-002;430;860;2;NULL;NULL;08311B;10;2_ODD;2_ODDA;2026-03-02 00:00:00.000;4;2,15;1,6667;1,35
KA25.000450-002;426;852;2;4;344;08311B;3;3_SEL;3_SELA;2026-03-02 00:00:00.000;5;3,6167;2,9833;3,8167
KA25.000450-002;430;860;2;NULL;NULL;08311B;2;4_AOI;4_AOI_SIDEA;2026-03-02 00:00:00.000;6;1,5;1,3833;1,3167
KA25.000450-002;430;860;2;NULL;NULL;08311B;APT-1600FD FP-MACHINE2;5_FPT;5_FPT_BASIC;2026-03-02 00:00:00.000;7;4,35;4;3,9167
KA25.000450-002;427;854;2;NULL;NULL;08311B;9;6_DEP;6_DEP;2026-03-02 00:00:00.000;8;0,8667;0,6833;0,6333
KA25.000463-001;93;465;5;NULL;NULL;591F1D;2;4_AOI;4_AOI_SIDEA;2025-09-30 00:00:00.000;2;1,2;1,1167;1,1
KA25.000463-001;92;463;5;15;49;591F1D;3;3_SEL;3_SELA;2025-09-30 00:00:00.000;3;1,2333;1,1;3,3
KA25.000463-001;91;455;5;NULL;NULL;591F1D;APT-1600FD FP-MACHINE3;5_FPT;5_FPT_BASIC;2025-09-30 00:00:00.000;4;1,0833;0,9167;0,9167
KA25.000469-002;80;161;2;4;51;62831B;3;3_SEL;3_SELB;2025-10-22 00:00:00.000;1;1,6167;1,2333;2,1333
KA25.000469-002;90;180;2;4;46;62831B;3;3_SEL;3_SELA;2025-10-22 00:00:00.000;2;1,4667;1,0667;2,1333
KA25.000469-002;90;180;2;NULL;NULL;62831B;2;4_AOI;4_AOI_SIDEB;2025-10-22 00:00:00.000;3;1,3667;1,1333;1,0167
KA25.000469-002;90;180;2;NULL;NULL;62831B;9;6_DEP;6_DEP;2025-10-22 00:00:00.000;4;1,0333;0,8667;0,85
KA25.000469-002;90;180;2;NULL;NULL;62831B;APT-1600FD FP-MACHINE;5_FPT;5_FPT_BASIC;2025-10-22 00:00:00.000;5;1,8;1,2333;0,9167
KA25.000474-001;71;718;10;20;36;53411B;3;3_SEL;3_SELA;2025-10-08 00:00:00.000;1;1,6833;1,4667;2,9333
KA25.000474-001;72;720;10;NULL;NULL;53411B;2;4_AOI;4_AOI_SIDEA;2025-10-08 00:00:00.000;2;1,1167;0,95;0,9333
KA25.000474-001;72;720;10;20;36;53411B;3;3_SEL;3_SELB;2025-10-08 00:00:00.000;3;1,5667;1,4667;2,9333
KA25.000474-001;72;720;10;NULL;NULL;53411B;APT-1600FD FP-MACHINE2;5_FPT;5_FPT_BASIC;2025-10-08 00:00:00.000;4;1,5167;1,3167;1,1667
KA25.000474-002;27;279;10;20;14;53411B;3;3_SEL;3_SELA;2025-10-09 00:00:00.000;1;1,9167;1,4667;2,95
KA25.000474-002;28;280;10;NULL;NULL;53411B;2;4_AOI;4_AOI_SIDEA;2025-10-09 00:00:00.000;2;1,3667;1,1833;0,9333
KA25.000474-002;28;280;10;20;14;53411B;3;3_SEL;3_SELB;2025-10-09 00:00:00.000;3;1,7833;1,4667;2,95
KA25.000474-002;28;280;10;NULL;NULL;53411B;APT-1600FD FP-MACHINE2;5_FPT;5_FPT_BASIC;2025-10-09 00:00:00.000;4;1,35;1,1833;1,1667
KA25.000478-001;35;70;2;NULL;NULL;266G1B;10;2_ODD;2_ODDA;2025-10-14 00:00:00.000;1;2,55;1,7;1,3333
KA25.000478-001;31;62;2;2;36;266G1B;3;3_SEL;3_SELA;2025-10-14 00:00:00.000;2;2,9333;1,8833;1,6333
KA25.000478-001;35;70;2;NULL;NULL;266G1B;2;4_AOI;4_AOI_SIDEB;2025-10-14 00:00:00.000;3;1,2667;1,2;1,1667
KA25.000478-001;35;70;2;NULL;NULL;266G1B;APT-1600FD FP-MACHINE3;5_FPT;5_FPT_PREMIUM;2025-10-14 00:00:00.000;4;2,2;1,9167;1,75
KA25.000478-001;34;68;2;NULL;NULL;266G1B;9;6_DEP;6_DEP;2025-10-14 00:00:00.000;5;1,3;1;0,7
KA25.000482-008;39;156;4;NULL;NULL;628A1C;2;4_AOI;4_AOI_SIDEB;2025-10-06 00:00:00.000;1;1,1333;0,8833;0,8833
KA25.000482-008;39;156;4;NULL;NULL;628A1C;APT-1600FD FP-MACHINE2;5_FPT;5_FPT_BASIC;2025-10-06 00:00:00.000;2;2,1333;1,2333;1,1667
KA25.000482-010;45;180;4;NULL;NULL;628A1C;2;4_AOI;4_AOI_SIDEB;2025-10-06 00:00:00.000;1;1,05;0,8833;0,8833
KA25.000482-010;45;180;4;NULL;NULL;628A1C;APT-1600FD FP-MACHINE2;5_FPT;5_FPT_BASIC;2025-10-06 00:00:00.000;2;2,0833;1,5333;1,1
KA25.000482-012;23;92;4;NULL;NULL;628A1C;2;4_AOI;4_AOI_SIDEB;2025-10-06 00:00:00.000;1;1,3167;0,8833;0,9
KA25.000482-012;23;92;4;NULL;NULL;628A1C;APT-1600FD FP-MACHINE2;5_FPT;5_FPT_BASIC;2025-10-06 00:00:00.000;2;1,3333;1,1167;1,1
KA25.000488-001;24;49;2;2;26;206IAI;3;3_SEL;3_SELA;2025-10-29 00:00:00.000;1;4,5333;4,5;4,4167
KA25.000488-001;25;50;2;NULL;NULL;206IAI;2;4_AOI;4_AOI_SIDEB;2025-10-29 00:00:00.000;2;1,8;1,35;1,25
KA25.000488-001;25;50;2;NULL;NULL;206IAI;APT-1600FD FP-MACHINE3;5_FPT;5_FPT_PREMIUM;2025-10-29 00:00:00.000;3;5,3;4,7;4,5833
KA25.000488-001;25;50;2;NULL;NULL;206IAI;9;6_DEP;6_DEP;2025-10-29 00:00:00.000;4;1,0833;0,8833;0,7833
KA25.000491-001;159;318;2;NULL;NULL;006D1A;10;2_ODD;2_ODDA;2025-12-16 00:00:00.000;1;5,15;4,1667;4,1667
KA25.000491-001;75;150;2;2;78;006D1A;3;3_SEL;3_SELA;2025-12-16 00:00:00.000;2;3,0833;2,55;2,55
KA25.000491-001;159;318;2;NULL;NULL;006D1A;2;4_AOI;4_AOI_SIDEB;2025-12-16 00:00:00.000;3;1,75;1,5333;1,5
KA25.000491-001;84;168;2;2;84;006D1A;4;3_SEL;3_SELA;2025-12-16 00:00:00.000;4;5,4167;4,4667;4,4667
KA25.000491-001;120;240;2;NULL;NULL;006D1A;APT-1600FD FP-MACHINE2;5_FPT;5_FPT_PREMIUM;2025-12-16 00:00:00.000;5;6,2833;5,2;4,8333
KA25.000491-001;159;318;2;NULL;NULL;006D1A;9;6_DEP;6_DEP;2025-12-16 00:00:00.000;6;1,05;0,8167;0,8333
KA25.000491-001;39;78;2;NULL;NULL;006D1A;APT-1600FD FP-MACHINE;5_FPT;5_FPT_PREMIUM;2025-12-16 00:00:00.000;7;5,7333;4,9667;4,75
KA25.000491-002;102;204;2;NULL;NULL;006D1A;7;1_SMT;1_SMTA;2026-04-14 00:00:00.000;1;0,9;0,65;0,4167
KA25.000491-002;102;204;2;NULL;NULL;006D1A;10;2_ODD;2_ODDA;2026-04-14 00:00:00.000;2;4,6667;4,1667;3,8167
KA25.000491-002;17;34;2;2;17;006D1A;3;3_SEL;3_SELA;2026-04-14 00:00:00.000;3;6,6667;6,6333;6,6333
KA25.000491-002;85;170;2;2;85;006D1A;4;3_SEL;3_SELA;2026-04-14 00:00:00.000;4;7,0167;4,65;4,65
KA25.000491-002;52;104;2;NULL;NULL;006D1A;2;4_AOI;4_AOI_SIDEB;2026-04-14 00:00:00.000;5;1,9667;1,65;1,5
KA25.000491-002;99;198;2;NULL;NULL;006D1A;9;6_DEP;6_DEP;2026-04-14 00:00:00.000;6;0,95;0,7;0,5667
KA25.000491-002;50;100;2;NULL;NULL;006D1A;11;4_AOI;4_AOI_SIDEB;2026-04-14 00:00:00.000;7;1,8833;1,4833;1,3167
KA25.000491-002;111;222;2;NULL;NULL;006D1A;APT-1600FD FP-MACHINE2;5_FPT;5_FPT_PREMIUM;2026-04-14 00:00:00.000;8;4,7;3,9833;4,75
KA25.000491-003;99;198;2;NULL;NULL;006D1A;8;1_SMT;1_SMTA;2026-07-03 00:00:00.000;1;0,7333;0,5833;0,45
KA25.000491-003;99;198;2;NULL;NULL;006D1A;10;2_ODD;2_ODDA;2026-07-03 00:00:00.000;2;5,3833;4,2167;4,05
KA25.000491-003;99;198;2;NULL;NULL;006D1A;11;4_AOI;4_AOI_SIDEB;2026-07-03 00:00:00.000;3;1,6167;1,3833;1,3
KA25.000491-003;99;198;2;NULL;NULL;006D1A;APT-1600FD FP-MACHINE;5_FPT;5_FPT_PREMIUM;2026-07-03 00:00:00.000;4;4,9;4,7;4,6833
KA25.000491-003;98;196;2;NULL;NULL;006D1A;9;6_DEP;6_DEP;2026-07-03 00:00:00.000;5;1;0,7;0,5667
KA25.000491-004;40;80;2;NULL;NULL;006D1A;10;2_ODD;2_ODDA;2025-11-12 00:00:00.000;1;4,3;3,2667;3,2167
KA25.000491-004;40;80;2;2;41;006D1A;3;3_SEL;3_SELA;2025-11-12 00:00:00.000;2;4;2,95;2,95
KA25.000491-004;40;80;2;NULL;NULL;006D1A;2;4_AOI;4_AOI_SIDEB;2025-11-12 00:00:00.000;3;1,7167;1,5;1,5
KA25.000491-004;40;80;2;NULL;NULL;006D1A;APT-1600FD FP-MACHINE2;5_FPT;5_FPT_PREMIUM;2025-11-12 00:00:00.000;4;5,7833;5,1667;4,8333
KA25.000491-004;40;80;2;NULL;NULL;006D1A;9;6_DEP;6_DEP;2025-11-12 00:00:00.000;5;1,2167;0,5833;0,5833
KA25.000493-001;20;100;5;NULL;NULL;628E1A;2;4_AOI;4_AOI_SIDEA;2025-10-06 00:00:00.000;1;0,6833;0,4333;1,15
KA25.000493-001;20;100;5;10;11;628E1A;3;3_SEL;3_SELA;2025-10-06 00:00:00.000;2;2,7;1,7;3,1333
KA25.000493-001;20;100;5;NULL;NULL;628E1A;2;4_AOI;4_AOI_SIDEB;2025-10-06 00:00:00.000;3;1,4;1,2;1,15
KA25.000493-001;20;100;5;NULL;NULL;628E1A;APT-1600FD FP-MACHINE3;5_FPT;5_FPT_PREMIUM;2025-10-06 00:00:00.000;4;3,4667;2,9667;2,8333
KA25.000496-002;21;42;2;4;12;05631B;3;3_SEL;3_SELB;2026-01-27 00:00:00.000;2;1,4833;0,95;1,6833
KA25.000501-010;20;40;2;4;11;128J1A;3;3_SEL;3_SELA;2026-05-04 00:00:00.000;2;2,95;1,7167;3,4333
KA25.000501-013;60;120;2;NULL;NULL;128K1A;8;1_SMT;1_SMTA;2026-04-23 00:00:00.000;1;0,7167;0,3833;0,3167
KA25.000501-013;77;154;2;NULL;NULL;128K1A;2;4_AOI;4_AOI_SIDEA;2026-04-23 00:00:00.000;2;0,5667;0,4;0,4
KA25.000501-013;60;120;2;NULL;NULL;128K1A;2;4_AOI;4_AOI_SMT;2026-04-23 00:00:00.000;3;0,5167;0,4;0,4
KA25.000501-013;60;120;2;4;30;128K1A;3;3_SEL;3_SELA;2026-04-23 00:00:00.000;4;2,5333;1,9667;3,9333
KA25.000501-013;60;120;2;NULL;NULL;128K1A;11;4_AOI;4_AOI_SIDEB;2026-04-23 00:00:00.000;5;1,6333;1,3167;1,0167
KA25.000501-013;60;120;2;NULL;NULL;128K1A;APT-1600FD FP-MACHINE2;5_FPT;5_FPT_BASIC;2026-04-23 00:00:00.000;6;1,1833;0,85;0,4167
KA25.000505-001;50;500;10;NULL;NULL;69191B;2;4_AOI;4_AOI_SMT;2025-11-21 00:00:00.000;1;0,5833;0,4333;0,4167
KA25.000505-001;48;480;10;NULL;NULL;69191B;10;2_ODD;2_ODDA;2025-11-21 00:00:00.000;2;1,55;1,1333;0,8167
KA25.000505-001;50;500;10;NULL;NULL;69191B;2;4_AOI;4_AOI_THT;2025-11-21 00:00:00.000;3;1,2;0,8167;0,4167
KA25.000505-001;50;500;10;NULL;NULL;69191B;APT-1600FD FP-MACHINE;5_FPT;5_FPT_BASIC;2025-11-21 00:00:00.000;4;1,5167;0,9167;0,9167
KA25.000505-001;47;470;10;NULL;NULL;69191B;9;6_DEP;6_DEP;2025-11-21 00:00:00.000;5;1,4;1,1833;1,15
KA25.000505-002;20;200;10;NULL;NULL;69191B;8;1_SMT;1_SMTB;2026-03-20 00:00:00.000;1;1,05;0,8;0,95
KA25.000505-002;150;1500;10;NULL;NULL;69191B;8;1_SMT;1_SMTA;2026-03-20 00:00:00.000;2;1,4167;1,0833;0,95
KA25.000505-002;150;1500;10;NULL;NULL;69191B;2;4_AOI;4_AOI_SMT;2026-03-20 00:00:00.000;3;0,5167;0,4;0,4333
KA25.000505-002;148;1480;10;NULL;NULL;69191B;10;2_ODD;2_ODDA;2026-03-20 00:00:00.000;4;1,3333;1;0,7
KA25.000505-002;150;1500;10;NULL;NULL;69191B;2;4_AOI;4_AOI_THT;2026-03-20 00:00:00.000;5;0,9833;0,9167;0,4333
KA25.000505-002;195;1950;10;NULL;NULL;69191B;APT-1600FD FP-MACHINE2;5_FPT;5_FPT_BASIC;2026-03-20 00:00:00.000;6;1,3667;1,05;0,9167
KA25.000505-002;148;1480;10;NULL;NULL;69191B;9;6_DEP;6_DEP;2026-03-20 00:00:00.000;7;1,6833;1,5167;1,3167
KA25.000506-001;20;100;5;10;13;691A1A;3;3_SEL;3_SELA;2025-10-03 00:00:00.000;1;1,3;0,7667;1,25
KA25.000506-001;20;100;5;NULL;NULL;691A1A;2;4_AOI;4_AOI_SIDEB;2025-10-03 00:00:00.000;2;1,05;0,8;0,7833
KA25.000506-001;20;100;5;NULL;NULL;691A1A;APT-1600FD FP-MACHINE3;5_FPT;5_FPT_BASIC;2025-10-03 00:00:00.000;3;0,75;0,5;0,4167
KA25.000508-003;22;66;3;NULL;NULL;794CBD;8;1_SMT;1_SMTA;2026-04-01 00:00:00.000;1;1,3;0,8333;0,5833
KA25.000508-003;22;66;3;NULL;NULL;794CBD;8;1_SMT;1_SMTB;2026-04-01 00:00:00.000;2;1,3833;0,9333;0,5833
KA25.000508-003;11;33;3;3;12;794CBD;4;3_SEL;3_SELA;2026-04-01 00:00:00.000;3;7,0833;5,1333;5,1333
KA25.000508-003;22;66;3;NULL;NULL;794CBD;11;4_AOI;4_AOI_SIDEB;2026-04-01 00:00:00.000;4;1,8833;1,4167;1,25
KA25.000508-003;22;66;3;NULL;NULL;794CBD;APT-1600FD FP-MACHINE2;5_FPT;5_FPT_BASIC;2026-04-01 00:00:00.000;5;2,2833;2,05;2,0833
KA25.000508-003;22;66;3;NULL;NULL;794CBD;9;6_DEP;6_DEP;2026-04-01 00:00:00.000;6;0,8;0,8;0,65
KA25.000508-005;22;66;3;NULL;NULL;794CKD;8;1_SMT;1_SMTA;2026-04-01 00:00:00.000;1;1,2833;0,8333;0,6833
KA25.000508-005;22;66;3;NULL;NULL;794CKD;8;1_SMT;1_SMTB;2026-04-01 00:00:00.000;2;1,5167;1,0667;0,6833
KA25.000508-005;22;66;3;3;22;794CKD;4;3_SEL;3_SELA;2026-04-01 00:00:00.000;3;4,8333;4,1333;4,1333
KA25.000508-005;22;66;3;NULL;NULL;794CKD;2;4_AOI;4_AOI_SIDEB;2026-04-01 00:00:00.000;4;1,6833;1,6833;1,4167
KA25.000508-005;22;66;3;NULL;NULL;794CKD;APT-1600FD FP-MACHINE;5_FPT;5_FPT_BASIC;2026-04-01 00:00:00.000;5;2,7;2,0167;1,8333
KA25.000508-005;22;66;3;NULL;NULL;794CKD;9;6_DEP;6_DEP;2026-04-01 00:00:00.000;6;1,2167;0,7667;0,65
KA25.000508-007;22;66;3;NULL;NULL;794DID;8;1_SMT;1_SMTA;2026-03-27 00:00:00.000;1;1,6833;1,2333;0,85
KA25.000508-007;22;66;3;NULL;NULL;794DID;8;1_SMT;1_SMTB;2026-03-27 00:00:00.000;2;1,35;1,1167;0,85
KA25.000508-007;22;66;3;NULL;NULL;794DID;2;4_AOI;4_AOI_SIDEB;2026-03-27 00:00:00.000;3;2,1833;1,8167;1,8167
KA25.000508-007;22;66;3;NULL;NULL;794DID;APT-1600FD FP-MACHINE3;5_FPT;5_FPT_BASIC;2026-03-27 00:00:00.000;4;3;2,55;2,4333
KA25.000508-009;66;66;1;NULL;NULL;794BYD;8;1_SMT;1_SMTB;2026-03-20 00:00:00.000;1;1,4;1,0333;0,8667
KA25.000508-009;66;66;1;NULL;NULL;794BYD;8;1_SMT;1_SMTA;2026-03-20 00:00:00.000;2;1,3167;1,0833;0,8667
KA25.000508-009;65;65;1;2;37;794BYD;3;3_SEL;3_SELA;2026-03-20 00:00:00.000;3;2,1833;1,5833;3,0333
KA25.000508-009;66;66;1;NULL;NULL;794BYD;2;4_AOI;4_AOI_SIDEA;2026-03-20 00:00:00.000;4;1,5667;1,4667;1,4333
KA25.000508-009;66;66;1;NULL;NULL;794BYD;APT-1600FD FP-MACHINE3;5_FPT;5_FPT_BASIC;2026-03-20 00:00:00.000;5;3,0167;2,3333;2,25
KA25.000508-009;66;66;1;NULL;NULL;794BYD;9;6_DEP;6_DEP;2026-03-20 00:00:00.000;6;0,8667;0,7167;0,55
KA25.000511-001;25;250;10;NULL;NULL;5591AA;2;4_AOI;4_AOI_SIDEA;2025-11-03 00:00:00.000;1;0,55;0,45;0,3667
KA25.000511-001;25;250;10;NULL;NULL;5591AA;APT-1600FD FP-MACHINE3;5_FPT;5_FPT_BASIC;2025-11-03 00:00:00.000;2;1,1333;0,5333;0,5167
KA25.000515-001;20;100;5;NULL;NULL;49513B;2;4_AOI;4_AOI_SIDEB;2025-10-27 00:00:00.000;1;1,2833;0,9833;0,9
KA25.000517-001;50;100;2;4;29;0067BI;3;3_SEL;3_SELA;2025-11-05 00:00:00.000;1;0,8333;0,6167;1,25
KA25.000517-001;50;100;2;NULL;NULL;0067BI;2;4_AOI;4_AOI_SIDEB;2025-11-05 00:00:00.000;2;1,3667;1,1833;1,1167
KA25.000517-001;48;96;2;NULL;NULL;0067BI;APT-1600FD FP-MACHINE3;5_FPT;5_FPT_BASIC;2025-11-05 00:00:00.000;4;1,25;1,1333;1,0833
KA25.000517-001;50;100;2;NULL;NULL;0067BI;9;6_DEP;6_DEP;2025-11-05 00:00:00.000;5;0,6833;0,5833;0,55
KA25.000517-002;200;400;2;NULL;NULL;0067BI;8;1_SMT;1_SMTA;2026-01-16 00:00:00.000;1;0,65;0,6;0,4167
KA25.000517-002;200;400;2;4;114;0067BI;3;3_SEL;3_SELA;2026-01-16 00:00:00.000;2;0,9667;0,7;1,4167
KA25.000517-002;200;400;2;NULL;NULL;0067BI;2;4_AOI;4_AOI_SIDEB;2026-01-16 00:00:00.000;3;1,3667;1,1833;1,1167
KA25.000517-002;200;400;2;NULL;NULL;0067BI;APT-1600FD FP-MACHINE2;5_FPT;5_FPT_BASIC;2026-01-16 00:00:00.000;4;1,1333;1,0333;1
KA25.000517-002;200;400;2;NULL;NULL;0067BI;9;6_DEP;6_DEP;2026-01-16 00:00:00.000;5;0,65;0,6;0,55
KA25.000524-001;25;50;2;4;13;78211B;3;3_SEL;3_SELA;2025-10-23 00:00:00.000;1;0,9667;0,6333;1,25
KA25.000524-001;25;50;2;NULL;NULL;78211B;2;4_AOI;4_AOI_SIDEB;2025-10-23 00:00:00.000;2;1,1333;0,9333;0,8667
KA25.000524-001;25;50;2;NULL;NULL;78211B;APT-1600FD FP-MACHINE3;5_FPT;5_FPT_PREMIUM;2025-10-23 00:00:00.000;3;0,8333;0,6333;0,5
KA25.000524-001;25;50;2;NULL;NULL;78211B;9;6_DEP;6_DEP;2025-10-23 00:00:00.000;4;1,0833;0,7;0,4833
KA25.000524-002;75;150;2;NULL;NULL;78211B;2;4_AOI;4_AOI_SIDEB;2025-11-18 00:00:00.000;1;1,05;0,9833;0,9833
KA25.000524-002;75;150;2;NULL;NULL;78211B;APT-1600FD FP-MACHINE;5_FPT;5_FPT_PREMIUM;2025-11-18 00:00:00.000;2;0,6833;0,55;0,5
KA25.000524-002;75;150;2;NULL;NULL;78211B;9;6_DEP;6_DEP;2025-11-18 00:00:00.000;3;0,7;0,5;0,4833
KA25.000534-001;15;300;20;NULL;NULL;115Z1A;2;4_AOI;4_AOI_SIDEA;2025-11-10 00:00:00.000;1;0,8333;0,4333;0,3333
KA25.000534-001;15;300;20;NULL;NULL;115Z1A;APT-1600FD FP-MACHINE3;5_FPT;5_FPT_BASIC;2025-11-10 00:00:00.000;2;1,4333;1,1;1,0833
KA25.000534-002;10;200;20;NULL;NULL;115ZAA;2;4_AOI;4_AOI_SIDEA;2025-11-10 00:00:00.000;1;1,0833;0,3667;0,3333
KA25.000534-002;10;200;20;NULL;NULL;115ZAA;APT-1600FD FP-MACHINE3;5_FPT;5_FPT_BASIC;2025-11-10 00:00:00.000;2;1,9167;0,9167;0,9167
KA25.000538-002;65;130;2;NULL;NULL;08311B;7;1_SMT;1_SMTB;2026-02-27 00:00:00.000;1;1,4667;1,0833;1
KA25.000538-002;65;130;2;NULL;NULL;08311B;7;1_SMT;1_SMTA;2026-02-27 00:00:00.000;2;1,55;1,1667;1
KA25.000538-002;65;130;2;NULL;NULL;08311B;10;2_ODD;2_ODDA;2026-03-02 00:00:00.000;3;2,05;1,75;1,35
KA25.000538-002;65;130;2;4;40;08311B;3;3_SEL;3_SELA;2026-02-27 00:00:00.000;4;2,6333;2,0167;3,55
KA25.000538-002;28;224;8;NULL;NULL;69181E;2;4_AOI;4_AOI_SMT;2026-02-27 00:00:00.000;5;1,25;0,75;1,3167
KA25.000538-002;65;130;2;NULL;NULL;08311B;2;4_AOI;4_AOI_SIDEA;2026-02-27 00:00:00.000;6;1,4667;1,3167;1,3167
KA25.000538-002;27;217;8;8;31;69181E;3;3_SEL;3_SELA;2026-02-27 00:00:00.000;7;4,35;3,6333;3,55
KA25.000538-002;28;224;8;NULL;NULL;69181E;2;4_AOI;4_AOI_SIDEB;2026-02-27 00:00:00.000;8;1,3667;1,15;1,3167
KA25.000538-002;65;130;2;NULL;NULL;08311B;APT-1600FD FP-MACHINE2;5_FPT;5_FPT_BASIC;2026-02-27 00:00:00.000;9;4,5333;3,9333;3,9167
KA25.000538-002;28;224;8;NULL;NULL;69181E;APT-1600FD FP-MACHINE;5_FPT;5_FPT_BASIC;2026-02-27 00:00:00.000;10;5,1333;4,4167;4,1
KA25.000538-002;27;216;8;NULL;NULL;69181E;9;6_DEP;6_DEP;2026-02-27 00:00:00.000;11;1,2667;1,0833;0,6333
KA25.000538-002;65;130;2;NULL;NULL;08311B;9;6_DEP;6_DEP;2026-02-27 00:00:00.000;12;0,7333;0,65;0,6333
KA25.000547-001;25;250;10;NULL;NULL;5591AA;2;4_AOI;4_AOI_SIDEA;2025-12-01 00:00:00.000;1;0,7;0,5167;0,4
KA25.000547-001;25;250;10;NULL;NULL;5591AA;APT-1600FD FP-MACHINE3;5_FPT;5_FPT_BASIC;2025-12-01 00:00:00.000;2;0,85;0,65;0,5
KA25.000548-001;11;110;10;10;11;33751B;3;3_SEL;3_SELA;2026-01-26 00:00:00.000;1;4,5333;2,7333;2,7333
KA25.000548-001;20;200;10;NULL;NULL;33751B;2;4_AOI;4_AOI_SIDEB;2026-01-26 00:00:00.000;2;1,65;0,9667;0,9667
KA25.000550-001;12;60;5;5;12;56861A;3;3_SEL;3_SELA;2025-11-26 00:00:00.000;1;1,4167;1,25;1,25
KA25.000550-001;12;60;5;NULL;NULL;56861A;2;4_AOI;4_AOI_SIDEB;2025-11-26 00:00:00.000;2;1,5167;1,1;1,0333
KA25.000550-001;12;60;5;NULL;NULL;56861A;APT-1600FD FP-MACHINE3;5_FPT;5_FPT_BASIC;2025-11-26 00:00:00.000;3;1,25;0,8333;0,5333
KA25.000561-001;1008;2016;2;NULL;NULL;00671I;7;1_SMT;1_SMTA;2026-05-04 00:00:00.000;1;0,5667;0,5333;0,4667
KA25.000561-001;1008;2016;2;NULL;NULL;00671I;2;4_AOI;4_AOI_SMT;2026-05-04 00:00:00.000;2;0,4333;0,4167;0,4333
KA25.000561-001;1008;2016;2;NULL;NULL;00671I;10;2_ODD;2_ODDA;2026-05-04 00:00:00.000;3;1,9333;1,7667;1,5667
KA25.000561-001;962;1924;2;NULL;NULL;00671I;2;4_AOI;4_AOI_SIDEB;2026-05-04 00:00:00.000;4;0,65;0,4667;0,4333
KA25.000561-001;1008;2016;2;NULL;NULL;00671I;APT-1600FD FP-MACHINE2;5_FPT;5_FPT_BASIC;2026-05-04 00:00:00.000;5;1,2667;1,1167;1,0833
KA25.000561-001;241;483;2;4;223;00671I;3;3_SEL;3_SELA;2026-05-04 00:00:00.000;6;2,9667;2,5;2,7667
KA25.000561-001;1007;2014;2;NULL;NULL;00671I;9;6_DEP;6_DEP;2026-05-04 00:00:00.000;7;0,65;0,6;0,5167
KA25.000561-001;47;94;2;NULL;NULL;00671I;11;4_AOI;4_AOI_SIDEB;2026-05-04 00:00:00.000;8;1,0667;0,45;0,4333
KA25.000561-002;900;1800;2;NULL;NULL;00671I;7;1_SMT;1_SMTA;2026-05-13 00:00:00.000;1;0,6167;0,5;0,4
KA25.000561-002;300;600;2;NULL;NULL;00671I;2;4_AOI;4_AOI_SMT;2026-05-13 00:00:00.000;2;0,45;0,4167;0,4
KA25.000561-002;708;1416;2;NULL;NULL;00671I;11;4_AOI;4_AOI_SMT;2026-05-13 00:00:00.000;3;0,4667;0,4167;0,3833
KA25.000561-002;1008;2016;2;NULL;NULL;00671I;10;2_ODD;2_ODDA;2026-05-13 00:00:00.000;4;2,0167;1,85;1,5833
KA25.000561-002;248;496;2;NULL;NULL;00671I;APT-1600FD FP-MACHINE2;5_FPT;5_FPT_BASIC;2026-05-13 00:00:00.000;5;1,2333;1,1;1,0833
KA25.000561-002;1008;2016;2;4;511;00671I;3;3_SEL;3_SELA;2026-05-13 00:00:00.000;6;1,7333;1,3833;2,7667
KA25.000561-002;1008;2016;2;NULL;NULL;00671I;2;4_AOI;4_AOI_SIDEB;2026-05-13 00:00:00.000;7;0,6167;0,4167;0,4
KA25.000561-002;760;1520;2;NULL;NULL;00671I;APT-1600FD FP-MACHINE3;5_FPT;5_FPT_BASIC;2026-05-13 00:00:00.000;8;1,25;1,1167;1,1
KA25.000561-002;1004;2008;2;NULL;NULL;00671I;9;6_DEP;6_DEP;2026-05-13 00:00:00.000;9;0,6167;0,55;0,5
KA25.000561-003;1008;2016;2;NULL;NULL;00671I;2;4_AOI;4_AOI_SMT;2026-06-01 00:00:00.000;1;0,4333;0,3833;0,3833
KA25.000561-003;1008;2016;2;NULL;NULL;00671I;7;1_SMT;1_SMTA;2026-06-01 00:00:00.000;2;0,6;0,55;0,4
KA25.000561-003;1008;2016;2;NULL;NULL;00671I;10;2_ODD;2_ODDA;2026-06-01 00:00:00.000;3;2,1667;1,9167;1,5667
KA25.000561-003;1006;2012;2;4;508;00671I;3;3_SEL;3_SELA;2026-06-01 00:00:00.000;4;1,6667;1,3833;2,7667
KA25.000561-003;1008;2016;2;NULL;NULL;00671I;2;4_AOI;4_AOI_SIDEB;2026-06-01 00:00:00.000;5;0,65;0,45;0,3833
KA25.000561-003;1007;2014;2;NULL;NULL;00671I;APT-1600FD FP-MACHINE;5_FPT;5_FPT_BASIC;2026-06-01 00:00:00.000;6;1,2167;1,1167;1,0833
KA25.000561-003;1007;2014;2;NULL;NULL;00671I;9;6_DEP;6_DEP;2026-06-01 00:00:00.000;7;0,6167;0,5167;0,5
KA25.000561-004;1008;2016;2;NULL;NULL;00671I;7;1_SMT;1_SMTA;2026-06-16 00:00:00.000;1;0,6667;0,5667;0,4
KA25.000561-004;504;1008;2;NULL;NULL;00671I;2;4_AOI;4_AOI_SMT;2026-06-16 00:00:00.000;2;0,4;0,35;0,35
KA25.000561-004;517;1034;2;NULL;NULL;00671I;11;4_AOI;4_AOI_SMT;2026-06-16 00:00:00.000;3;0,45;0,4333;0,4167
KA25.000561-004;1008;2016;2;NULL;NULL;00671I;10;2_ODD;2_ODDA;2026-06-16 00:00:00.000;4;1,85;1,7167;1,5333
KA25.000561-004;407;814;2;4;204;00671I;3;3_SEL;3_SELA;2026-06-16 00:00:00.000;5;1,65;1,3833;2,7667
KA25.000561-004;1008;2016;2;NULL;NULL;00671I;11;4_AOI;4_AOI_SIDEB;2026-06-16 00:00:00.000;6;0,5167;0,4667;0,4167
KA25.000561-004;822;1644;2;NULL;NULL;00671I;APT-1600FD FP-MACHINE3;5_FPT;5_FPT_BASIC;2026-06-16 00:00:00.000;7;1,2167;1,15;1,1667
KA25.000561-004;1008;2016;2;NULL;NULL;00671I;9;6_DEP;6_DEP;2026-06-16 00:00:00.000;8;0,55;0,5167;0,5
KA25.000561-004;186;372;2;NULL;NULL;00671I;APT-1600FD FP-MACHINE2;5_FPT;5_FPT_BASIC;2026-06-16 00:00:00.000;9;1,15;1,1;1,0833
KA25.000561-005;432;864;2;NULL;NULL;00671I;2;4_AOI;4_AOI_SMT;2026-06-30 00:00:00.000;1;0,4167;0,4;0,4
KA25.000561-005;1008;2016;2;NULL;NULL;00671I;8;1_SMT;1_SMTA;2026-06-30 00:00:00.000;2;0,6167;0,5;0,4167
KA25.000561-005;613;1226;2;NULL;NULL;00671I;11;4_AOI;4_AOI_SMT;2026-06-30 00:00:00.000;3;0,4667;0,4333;0,3833
KA25.000561-005;1006;2012;2;NULL;NULL;00671I;10;2_ODD;2_ODDA;2026-06-30 00:00:00.000;4;1,8833;1,75;1,55
KA25.000561-005;176;352;2;NULL;NULL;00671I;APT-1600FD FP-MACHINE;5_FPT;5_FPT_BASIC;2026-06-30 00:00:00.000;5;1,2333;1,1167;1,0833
KA25.000561-005;1007;2014;2;NULL;NULL;00671I;2;4_AOI;4_AOI_SIDEB;2026-06-30 00:00:00.000;6;0,6333;0,5;0,4
KA25.000561-005;711;1422;2;NULL;NULL;00671I;APT-1600FD FP-MACHINE2;5_FPT;5_FPT_BASIC;2026-06-30 00:00:00.000;7;1,2667;1,1;1,0833
KA25.000561-005;1004;2008;2;NULL;NULL;00671I;9;6_DEP;6_DEP;2026-06-30 00:00:00.000;8;0,5833;0,5333;0,5
KA25.000561-005;120;240;2;NULL;NULL;00671I;APT-1600FD FP-MACHINE3;5_FPT;5_FPT_BASIC;2026-06-30 00:00:00.000;9;1,3333;1,2167;1,1667
KA25.000561-006;1008;2016;2;NULL;NULL;00671I;11;4_AOI;4_AOI_SMT;2026-07-14 00:00:00.000;1;0,5667;0,4333;0,4167
KA25.000561-006;1008;2016;2;NULL;NULL;00671I;7;1_SMT;1_SMTA;2026-07-14 00:00:00.000;2;0,5833;0,5;0,3833
KA25.000561-006;1008;2016;2;NULL;NULL;00671I;10;2_ODD;2_ODDA;2026-07-14 00:00:00.000;3;1,9667;1,8167;1,5833
KA25.000561-006;835;1670;2;NULL;NULL;00671I;11;4_AOI;4_AOI_SIDEB;2026-07-14 00:00:00.000;4;0,6833;0,4833;0,4167
KA25.000561-006;219;438;2;NULL;NULL;00671I;APT-1600FD FP-MACHINE;5_FPT;5_FPT_BASIC;2026-07-14 00:00:00.000;5;1,1833;1,1167;1,0833
KA25.000561-006;173;346;2;NULL;NULL;00671I;2;4_AOI;4_AOI_SIDEB;2026-07-14 00:00:00.000;6;0,65;0,4167;0,4167
KA25.000561-006;962;1924;2;NULL;NULL;00671I;9;6_DEP;6_DEP;2026-07-14 00:00:00.000;7;0,5667;0,5167;0,5
KA25.000561-006;375;750;2;NULL;NULL;00671I;APT-1600FD FP-MACHINE3;5_FPT;5_FPT_BASIC;2026-07-14 00:00:00.000;8;1,3333;1,2167;1,1667
KA25.000561-006;414;828;2;NULL;NULL;00671I;APT-1600FD FP-MACHINE2;5_FPT;5_FPT_BASIC;2026-07-14 00:00:00.000;9;1,2333;1,1;1,0833
KA25.000561-007;1008;2016;2;NULL;NULL;00671I;2;4_AOI;4_AOI_SMT;2026-07-30 00:00:00.000;1;0,45;0,4;0,4
KA25.000561-007;1008;2016;2;NULL;NULL;00671I;7;1_SMT;1_SMTA;2026-07-30 00:00:00.000;2;0,75;0,6;0,4667
KA25.000561-007;1008;2016;2;NULL;NULL;00671I;10;2_ODD;2_ODDA;2026-07-30 00:00:00.000;3;1,9833;1,75;1,5333
KA25.000561-007;1008;2016;2;NULL;NULL;00671I;2;4_AOI;4_AOI_SIDEB;2026-07-30 00:00:00.000;4;0,65;0,4333;0,4
KA25.000561-007;660;1320;2;NULL;NULL;00671I;APT-1600FD FP-MACHINE2;5_FPT;5_FPT_BASIC;2026-07-30 00:00:00.000;5;1,1833;1,1;1,0833
KA25.000561-007;1006;2012;2;NULL;NULL;00671I;9;6_DEP;6_DEP;2026-07-30 00:00:00.000;6;0,6;0,5333;0,5
KA25.000561-007;348;696;2;NULL;NULL;00671I;APT-1600FD FP-MACHINE;5_FPT;5_FPT_BASIC;2026-07-30 00:00:00.000;7;1,3333;1,1333;1,0833
KA25.000561-008;1008;2016;2;NULL;NULL;00671I;7;1_SMT;1_SMTA;2026-08-13 00:00:00.000;1;0,6833;0,6167;0,5
KA25.000561-008;1008;2016;2;NULL;NULL;00671I;11;4_AOI;4_AOI_SMT;2026-08-13 00:00:00.000;2;0,4833;0,4167;0,3833
KA25.000561-008;502;1004;2;NULL;NULL;00671I;10;2_ODD;2_ODDA;2026-08-13 00:00:00.000;3;1,95;1,7167;1,5667
KA25.000561-011;335;20100;60;NULL;NULL;0069FF;11;4_AOI;4_AOI_SIDEA;2026-04-27 00:00:00.000;1;0,7833;0,65;0,6333
KA25.000561-011;336;20160;60;NULL;NULL;0069FF;7;1_SMT;1_SMTA;2026-04-27 00:00:00.000;2;1,5667;1,3833;1,1667
KA25.000561-011;360;21600;60;NULL;NULL;0069FF;APT-1600FD FP-MACHINE;5_FPT;5_FPT_PREMIUM;2026-04-27 00:00:00.000;3;3,9333;3,8333;4,0833
KA25.000561-012;331;19860;60;NULL;NULL;0069FF;8;1_SMT;1_SMTA;2026-05-05 00:00:00.000;1;1,5333;1,3167;1,0833
KA25.000561-012;336;20160;60;NULL;NULL;0069FF;2;4_AOI;4_AOI_SIDEA;2026-05-05 00:00:00.000;2;0,8167;0,7;0,65
KA25.000561-012;354;21240;60;NULL;NULL;0069FF;APT-1600FD FP-MACHINE2;5_FPT;5_FPT_PREMIUM;2026-05-05 00:00:00.000;3;3,9667;3,8833;4
KA25.000561-013;336;20160;60;NULL;NULL;0069FF;2;4_AOI;4_AOI_SIDEA;2026-05-19 00:00:00.000;1;0,7;0,6167;0,6
KA25.000561-013;318;19080;60;NULL;NULL;0069FF;APT-1600FD FP-MACHINE2;5_FPT;5_FPT_PREMIUM;2026-05-19 00:00:00.000;2;4,1167;4,0167;4,0167
KA25.000561-013;21;1260;60;NULL;NULL;0069FF;APT-1600FD FP-MACHINE;5_FPT;5_FPT_PREMIUM;2026-05-19 00:00:00.000;3;4,15;3,6833;3,9667
KA25.000561-014;336;20160;60;NULL;NULL;0069FF;8;1_SMT;1_SMTA;2026-06-11 00:00:00.000;1;1,6333;1,3;1,1333
KA25.000561-014;215;12900;60;NULL;NULL;0069FF;2;4_AOI;4_AOI_SIDEA;2026-06-11 00:00:00.000;2;0,6833;0,5833;0,5833
KA25.000561-014;121;7260;60;NULL;NULL;0069FF;11;4_AOI;4_AOI_SIDEA;2026-06-11 00:00:00.000;3;0,8333;0,6667;0,6167
KA25.000561-014;345;20700;60;NULL;NULL;0069FF;APT-1600FD FP-MACHINE2;5_FPT;5_FPT_PREMIUM;2026-06-11 00:00:00.000;4;4,0667;3,9667;4,0667
KA25.000561-015;336;20160;60;NULL;NULL;0069FF;8;1_SMT;1_SMTA;2026-06-12 00:00:00.000;1;1,4833;1,3167;1,1333
KA25.000561-015;336;20160;60;NULL;NULL;0069FF;2;4_AOI;4_AOI_SIDEA;2026-06-12 00:00:00.000;2;0,65;0,6;0,6
KA25.000561-015;338;20280;60;NULL;NULL;0069FF;APT-1600FD FP-MACHINE3;5_FPT;5_FPT_PREMIUM;2026-06-12 00:00:00.000;3;4,1;4,0167;4,0167
KA25.000561-016;336;20160;60;NULL;NULL;0069FF;7;1_SMT;1_SMTA;2026-07-09 00:00:00.000;1;1,55;1,3;1,1333
KA25.000561-016;336;20160;60;NULL;NULL;0069FF;2;4_AOI;4_AOI_SIDEA;2026-07-09 00:00:00.000;2;0,6667;0,5833;0,6
KA25.000561-016;222;13320;60;NULL;NULL;0069FF;APT-1600FD FP-MACHINE2;5_FPT;5_FPT_PREMIUM;2026-07-09 00:00:00.000;3;4;3,9333;3,9333
KA25.000561-016;73;4380;60;NULL;NULL;0069FF;APT-1600FD FP-MACHINE;5_FPT;5_FPT_PREMIUM;2026-07-09 00:00:00.000;4;4,2167;3,9333;3,9333
KA25.000561-016;44;2640;60;NULL;NULL;0069FF;APT-1600FD FP-MACHINE3;5_FPT;5_FPT_PREMIUM;2026-07-09 00:00:00.000;5;4,2667;4,0333;4,0167
KA25.000561-017;334;20040;60;NULL;NULL;0069FF;APT-1600FD FP-MACHINE;5_FPT;5_FPT_PREMIUM;2026-07-29 00:00:00.000;1;3,8833;3,85;4
KA25.000561-017;336;20160;60;NULL;NULL;0069FF;7;1_SMT;1_SMTA;2026-07-29 00:00:00.000;2;2,1833;1,8333;1,6833
KA25.000561-017;114;6840;60;NULL;NULL;0069FF;2;4_AOI;4_AOI_SIDEA;2026-07-29 00:00:00.000;3;0,7;0,65;0,6
KA25.000561-017;222;13320;60;NULL;NULL;0069FF;11;4_AOI;4_AOI_SIDEA;2026-07-29 00:00:00.000;4;0,6833;0,65;0,6333
KA25.000561-017;15;900;60;NULL;NULL;0069FF;APT-1600FD FP-MACHINE3;5_FPT;5_FPT_PREMIUM;2026-07-29 00:00:00.000;5;7,5833;6,25;8
KA25.000561-018;335;20100;60;NULL;NULL;0069FF;7;1_SMT;1_SMTA;2026-08-12 00:00:00.000;1;1,85;1,4333;1,1833
KA25.000561-018;336;20160;60;NULL;NULL;0069FF;11;4_AOI;4_AOI_SIDEA;2026-08-12 00:00:00.000;2;0,7667;0,6333;0,6333
KA25.000561-018;341;20460;60;NULL;NULL;0069FF;APT-1600FD FP-MACHINE2;5_FPT;5_FPT_PREMIUM;2026-08-12 00:00:00.000;3;4,1;4,0167;4,0167
KA25.000562-001;899;1798;2;NULL;NULL;206A1D;7;1_SMT;1_SMTA;2026-05-07 00:00:00.000;1;0,5833;0,5333;0,45
KA25.000562-001;900;1800;2;NULL;NULL;206A1D;10;2_ODD;2_ODDA;2026-05-07 00:00:00.000;2;2,1;1,9667;1,9
KA25.000562-001;900;1800;2;NULL;NULL;206A1D;2;4_AOI;4_AOI_SIDEB;2026-05-07 00:00:00.000;3;1,2833;1,1667;1,1667
KA25.000562-001;377;754;2;4;205;206A1D;3;3_SEL;3_SELA;2026-05-07 00:00:00.000;4;2,3333;1,85;3,4333
KA25.000562-001;493;986;2;2;503;206A1D;4;3_SEL;3_SELA;2026-05-07 00:00:00.000;5;3,5;2,1333;2,1333
KA25.000562-001;899;1798;2;NULL;NULL;206A1D;9;6_DEP;6_DEP;2026-05-07 00:00:00.000;6;0,6333;0,5667;0,4667
KA25.000562-001;520;1040;2;NULL;NULL;206A1D;APT-1600FD FP-MACHINE;5_FPT;5_FPT_BASIC;2026-05-07 00:00:00.000;7;0,9667;0,9167;0,9167
KA25.000562-001;269;538;2;NULL;NULL;206A1D;APT-1600FD FP-MACHINE3;5_FPT;5_FPT_BASIC;2026-05-07 00:00:00.000;8;1,0333;0,95;0,9167
KA25.000562-001;112;224;2;NULL;NULL;206A1D;APT-1600FD FP-MACHINE2;5_FPT;5_FPT_BASIC;2026-05-07 00:00:00.000;9;1,05;0,9167;0,9167
KA25.000562-003;896;1792;2;NULL;NULL;206A1D;7;1_SMT;1_SMTA;2026-06-09 00:00:00.000;1;0,5833;0,55;0,45
KA25.000562-003;896;1792;2;NULL;NULL;206A1D;10;2_ODD;2_ODDA;2026-06-09 00:00:00.000;2;2,1667;2,0333;1,9
KA25.000562-003;327;654;2;2;331;206A1D;4;3_SEL;3_SELA;2026-06-09 00:00:00.000;3;3,0833;1,9;1,9
KA25.000562-003;805;1610;2;NULL;NULL;206A1D;2;4_AOI;4_AOI_SIDEB;2026-06-09 00:00:00.000;4;1,1833;1,0333;1,0167
KA25.000562-003;896;1792;2;NULL;NULL;206A1D;APT-1600FD FP-MACHINE;5_FPT;5_FPT_BASIC;2026-06-09 00:00:00.000;5;1,0333;0,9167;0,9167
KA25.000562-003;561;1123;2;4;296;206A1D;3;3_SEL;3_SELA;2026-06-09 00:00:00.000;6;2,1167;1,75;3,4167
KA25.000562-003;889;1778;2;NULL;NULL;206A1D;9;6_DEP;6_DEP;2026-06-09 00:00:00.000;7;0,5667;0,5;0,45
KA25.000562-003;91;182;2;NULL;NULL;206A1D;11;4_AOI;4_AOI_SIDEB;2026-06-09 00:00:00.000;8;1,3333;0,9667;0,95
KA25.000562-004;900;1800;2;NULL;NULL;206A1D;7;1_SMT;1_SMTA;2026-07-02 00:00:00.000;1;0,5667;0,5333;0,45
KA25.000562-004;900;1800;2;NULL;NULL;206A1D;10;2_ODD;2_ODDA;2026-07-02 00:00:00.000;2;2,05;1,9667;1,9
KA25.000562-004;189;378;2;NULL;NULL;206A1D;11;4_AOI;4_AOI_SIDEB;2026-07-02 00:00:00.000;3;1,1667;1,05;0,9833
KA25.000562-004;711;1422;2;NULL;NULL;206A1D;2;4_AOI;4_AOI_SIDEB;2026-07-02 00:00:00.000;4;1,1333;1,05;1,0333
KA25.000562-004;683;1367;2;4;368;206A1D;3;3_SEL;3_SELA;2026-07-02 00:00:00.000;5;2,25;1,7333;3,4167
KA25.000562-004;900;1800;2;NULL;NULL;206A1D;APT-1600FD FP-MACHINE2;5_FPT;5_FPT_BASIC;2026-07-02 00:00:00.000;6;0,9833;0,9167;0,9167
KA25.000562-004;897;1794;2;NULL;NULL;206A1D;9;6_DEP;6_DEP;2026-07-02 00:00:00.000;7;0,6333;0,5;0,45
KA25.000562-005;900;1800;2;NULL;NULL;206A1D;7;1_SMT;1_SMTA;2026-07-15 00:00:00.000;1;0,5667;0,5167;0,45
KA25.000562-005;900;1800;2;NULL;NULL;206A1D;10;2_ODD;2_ODDA;2026-07-15 00:00:00.000;2;2,0833;1,9833;1,9333
KA25.000562-005;900;1800;2;NULL;NULL;206A1D;APT-1600FD FP-MACHINE;5_FPT;5_FPT_BASIC;2026-07-15 00:00:00.000;3;1,1;0,9333;0,9167
KA25.000562-005;712;1424;2;NULL;NULL;206A1D;2;4_AOI;4_AOI_SIDEB;2026-07-15 00:00:00.000;4;1,1667;1,0833;1,0667
KA25.000562-005;191;382;2;NULL;NULL;206A1D;11;4_AOI;4_AOI_SIDEB;2026-07-15 00:00:00.000;5;1,2;1,05;0,9833
KA25.000562-005;897;1794;2;NULL;NULL;206A1D;9;6_DEP;6_DEP;2026-07-15 00:00:00.000;6;0,6167;0,5;0,45
KA25.000562-006;825;1650;2;NULL;NULL;206A1D;10;2_ODD;2_ODDA;2026-07-28 00:00:00.000;1;2,0167;1,95;1,9
KA25.000562-006;827;1654;2;NULL;NULL;206A1D;7;1_SMT;1_SMTA;2026-07-28 00:00:00.000;2;0,55;0,5167;0,45
KA25.000562-006;605;1210;2;NULL;NULL;206A1D;2;4_AOI;4_AOI_SIDEB;2026-07-28 00:00:00.000;3;1,1833;1,0667;1,0167
KA25.000562-006;822;1644;2;NULL;NULL;206A1D;9;6_DEP;6_DEP;2026-07-28 00:00:00.000;4;0,6167;0,5167;0,45
KA25.000562-006;825;1650;2;NULL;NULL;206A1D;APT-1600FD FP-MACHINE2;5_FPT;5_FPT_BASIC;2026-07-28 00:00:00.000;5;1;0,9333;0,9167
KA25.000562-006;220;440;2;NULL;NULL;206A1D;11;4_AOI;4_AOI_SIDEB;2026-07-28 00:00:00.000;6;1,2;1,0333;0,9833
KA25.000562-007;894;1788;2;NULL;NULL;206A1D;7;1_SMT;1_SMTA;2026-08-17 00:00:00.000;1;0,5667;0,5333;0,45
KA25.000562-007;877;1754;2;NULL;NULL;206A1D;10;2_ODD;2_ODDA;2026-08-17 00:00:00.000;2;1,9667;1,9167;1,8833
KA25.000562-007;169;338;2;NULL;NULL;206A1D;APT-1600FD FP-MACHINE3;5_FPT;5_FPT_BASIC;2026-08-17 00:00:00.000;3;1,0167;0,9667;0,9167
KA25.000562-007;894;1788;2;NULL;NULL;206A1D;2;4_AOI;4_AOI_SIDEB;2026-08-17 00:00:00.000;4;1,15;1,0833;1,0667
KA25.000562-007;235;470;2;NULL;NULL;206A1D;9;6_DEP;6_DEP;2026-08-17 00:00:00.000;5;0,7167;0,4833;0,45
KA25.000562-007;151;302;2;NULL;NULL;206A1D;APT-1600FD FP-MACHINE;5_FPT;5_FPT_BASIC;2026-08-17 00:00:00.000;6;1,1833;0,9167;0,9167
KA25.000562-008;600;36000;60;NULL;NULL;0069FF;7;1_SMT;1_SMTA;2026-04-21 00:00:00.000;1;1,4833;1,35;1,1667
KA25.000562-008;474;28440;60;NULL;NULL;0069FF;11;4_AOI;4_AOI_SIDEA;2026-04-21 00:00:00.000;2;0,7167;0,6667;0,6333
KA25.000562-008;287;17220;60;NULL;NULL;0069FF;APT-1600FD FP-MACHINE;5_FPT;5_FPT_PREMIUM;2026-04-21 00:00:00.000;3;4,0333;3,95;4
KA25.000562-008;126;7560;60;NULL;NULL;0069FF;2;4_AOI;4_AOI_SIDEA;2026-04-21 00:00:00.000;4;0,7167;0,6333;0,65
KA25.000562-008;313;18780;60;NULL;NULL;0069FF;APT-1600FD FP-MACHINE3;5_FPT;5_FPT_PREMIUM;2026-04-21 00:00:00.000;5;4;3,9333;4,0167
KA25.000562-010;304;18240;60;NULL;NULL;0069FF;APT-1600FD FP-MACHINE2;5_FPT;5_FPT_PREMIUM;2026-05-18 00:00:00.000;1;4,0167;3,9833;4
KA25.000562-010;601;36060;60;NULL;NULL;0069FF;2;4_AOI;4_AOI_SIDEA;2026-05-18 00:00:00.000;2;0,7333;0,65;0,6333
KA25.000562-010;299;17940;60;NULL;NULL;0069FF;APT-1600FD FP-MACHINE;5_FPT;5_FPT_PREMIUM;2026-05-18 00:00:00.000;3;4,1333;4;4
KA25.000562-011;600;36000;60;NULL;NULL;0069FF;7;1_SMT;1_SMTA;2026-06-02 00:00:00.000;1;1,3333;1,2833;1,1833
KA25.000562-011;350;21000;60;NULL;NULL;0069FF;2;4_AOI;4_AOI_SIDEA;2026-06-02 00:00:00.000;2;0,7;0,6167;0,6167
KA25.000562-011;250;15000;60;NULL;NULL;0069FF;11;4_AOI;4_AOI_SIDEA;2026-06-02 00:00:00.000;3;0,7333;0,6333;0,6167
KA25.000562-011;375;22500;60;NULL;NULL;0069FF;APT-1600FD FP-MACHINE3;5_FPT;5_FPT_PREMIUM;2026-06-02 00:00:00.000;4;4,0333;3,9333;4
KA25.000562-011;236;14160;60;NULL;NULL;0069FF;APT-1600FD FP-MACHINE2;5_FPT;5_FPT_PREMIUM;2026-06-02 00:00:00.000;5;4,1;4,0167;4,0833
KA25.000562-012;530;31800;60;NULL;NULL;0069FF;7;1_SMT;1_SMTA;2026-06-30 00:00:00.000;1;1,5667;1,3667;1,15
KA25.000562-012;600;36000;60;NULL;NULL;0069FF;11;4_AOI;4_AOI_SIDEA;2026-06-30 00:00:00.000;2;0,7167;0,6667;0,6333
KA25.000562-012;236;14160;60;NULL;NULL;0069FF;APT-1600FD FP-MACHINE2;5_FPT;5_FPT_PREMIUM;2026-06-30 00:00:00.000;3;4,0333;3,95;4
KA25.000562-012;364;21840;60;NULL;NULL;0069FF;APT-1600FD FP-MACHINE;5_FPT;5_FPT_PREMIUM;2026-06-30 00:00:00.000;4;4,05;4;4
KA25.000562-015;900;1800;2;NULL;NULL;206AAD;7;1_SMT;1_SMTA;2026-05-19 00:00:00.000;1;0,5667;0,5167;0,45
KA25.000562-015;900;1800;2;NULL;NULL;206AAD;10;2_ODD;2_ODDA;2026-05-19 00:00:00.000;2;2,0833;1,9833;1,8833
KA25.000562-015;706;1412;2;4;358;206AAD;3;3_SEL;3_SELA;2026-05-19 00:00:00.000;3;2,0333;1,7;3,4167
KA25.000562-015;900;1800;2;NULL;NULL;206AAD;2;4_AOI;4_AOI_SIDEB;2026-05-19 00:00:00.000;4;1,1667;1,0667;1,0333
KA25.000562-015;194;388;2;2;195;206AAD;4;3_SEL;3_SELA;2026-05-19 00:00:00.000;5;3,3167;2,1167;2,1167
KA25.000562-015;837;1674;2;NULL;NULL;206AAD;APT-1600FD FP-MACHINE3;5_FPT;5_FPT_BASIC;2026-05-19 00:00:00.000;6;0,8333;0,7833;0,75
KA25.000562-015;899;1798;2;NULL;NULL;206AAD;9;6_DEP;6_DEP;2026-05-19 00:00:00.000;7;0,6;0,5333;0,4667
KA25.000562-015;63;126;2;NULL;NULL;206AAD;APT-1600FD FP-MACHINE2;5_FPT;5_FPT_BASIC;2026-05-19 00:00:00.000;8;0,9;0,75;0,75
KA25.000562-016;598;35880;60;NULL;NULL;0069CF;7;1_SMT;1_SMTA;2026-04-28 00:00:00.000;1;1,35;1,25;1,15
KA25.000562-016;600;36000;60;NULL;NULL;0069CF;2;4_AOI;4_AOI_SIDEA;2026-04-28 00:00:00.000;2;0,7333;0,7;0,6833
KA25.000562-016;97;5820;60;NULL;NULL;0069CF;APT-1600FD FP-MACHINE2;5_FPT;5_FPT_PREMIUM;2026-04-28 00:00:00.000;3;4,3167;4,2667;4,25
KA25.000562-016;247;14820;60;NULL;NULL;0069CF;APT-1600FD FP-MACHINE3;5_FPT;5_FPT_PREMIUM;2026-04-28 00:00:00.000;4;4,35;4,2333;4,25
KA25.000562-016;265;15900;60;NULL;NULL;0069CF;APT-1600FD FP-MACHINE;5_FPT;5_FPT_PREMIUM;2026-04-28 00:00:00.000;5;4,4333;4,15;4,2667
KA25.000562-017;534;32040;60;NULL;NULL;0069FF;7;1_SMT;1_SMTA;2026-07-17 00:00:00.000;1;1,7833;1,3833;1,15
KA25.000562-017;255;15300;60;NULL;NULL;0069FF;11;4_AOI;4_AOI_SIDEA;2026-07-17 00:00:00.000;2;0,6833;0,65;0,6333
KA25.000562-017;476;28560;60;NULL;NULL;0069FF;APT-1600FD FP-MACHINE2;5_FPT;5_FPT_PREMIUM;2026-07-17 00:00:00.000;3;4,0833;3,9833;4
KA25.000562-017;345;20700;60;NULL;NULL;0069FF;2;4_AOI;4_AOI_SIDEA;2026-07-17 00:00:00.000;4;0,7333;0,65;0,6167
KA25.000562-017;132;7920;60;NULL;NULL;0069FF;APT-1600FD FP-MACHINE3;5_FPT;5_FPT_PREMIUM;2026-07-17 00:00:00.000;5;4,1167;3,9667;4
KA25.000562-018;597;35820;60;NULL;NULL;0069FF;7;1_SMT;1_SMTA;2026-08-04 00:00:00.000;1;1,5667;1,3333;1,1667
KA25.000562-018;336;20160;60;NULL;NULL;0069FF;2;4_AOI;4_AOI_SIDEA;2026-08-04 00:00:00.000;2;0,7333;0,6667;0,6
KA25.000562-018;264;15840;60;NULL;NULL;0069FF;11;4_AOI;4_AOI_SIDEA;2026-08-04 00:00:00.000;3;0,75;0,6333;0,6333
KA25.000562-018;621;37260;60;NULL;NULL;0069FF;APT-1600FD FP-MACHINE;5_FPT;5_FPT_PREMIUM;2026-08-04 00:00:00.000;4;3,9167;3,8833;4
KA25.000563-009;41;2460;60;NULL;NULL;0069FF;2;4_AOI;4_AOI_SIDEA;2026-06-03 00:00:00.000;1;0,7333;0,6167;0,6167
KA25.000563-009;41;2460;60;NULL;NULL;0069FF;7;1_SMT;1_SMTA;2026-06-03 00:00:00.000;2;1,9;1,2833;1,1833
KA25.000563-009;41;2460;60;NULL;NULL;0069FF;APT-1600FD FP-MACHINE;5_FPT;5_FPT_PREMIUM;2026-06-03 00:00:00.000;3;4,0667;3,95;3,9333
KA25.000563-016;43;2580;60;NULL;NULL;0069CF;7;1_SMT;1_SMTA;2026-04-29 00:00:00.000;1;1,4;1,2833;1,1667
KA25.000563-016;43;2580;60;NULL;NULL;0069CF;2;4_AOI;4_AOI_SIDEA;2026-04-29 00:00:00.000;2;0,8167;0,8167;0,7
KA25.000563-016;51;3060;60;NULL;NULL;0069CF;APT-1600FD FP-MACHINE;5_FPT;5_FPT_PREMIUM;2026-04-29 00:00:00.000;3;3,8667;3,6833;4,1833
KA25.000565-001;40;160;4;NULL;NULL;44821A;2;4_AOI;4_AOI_SIDEA;2025-11-24 00:00:00.000;1;0,9667;0,5333;0,3833
KA25.000569-001;117;117;1;NULL;NULL;56611A;2;4_AOI;4_AOI_SIDEA;2025-11-25 00:00:00.000;2;1,2333;0,9667;0,75
KA25.000569-001;116;116;1;NULL;NULL;56611A;APT-1600FD FP-MACHINE3;5_FPT;5_FPT_PREMIUM;2025-11-25 00:00:00.000;3;6,5167;5,6167;5,3333
KA25.000570-001;170;170;1;NULL;NULL;56621A;2;4_AOI;4_AOI_SIDEA;2025-11-24 00:00:00.000;1;0,55;0,5;0,45
KA25.000570-001;170;170;1;NULL;NULL;56621A;APT-1600FD FP-MACHINE2;5_FPT;5_FPT_PREMIUM;2025-11-24 00:00:00.000;2;3,55;2,75;2,35
KA25.000571-001;50;500;10;NULL;NULL;291W1B;2;4_AOI;4_AOI_SIDEA;2025-11-03 00:00:00.000;1;0,6833;0,5;0,45
KA25.000571-001;48;480;10;NULL;NULL;291W1B;APT-1600FD FP-MACHINE2;5_FPT;5_FPT_BASIC;2025-11-03 00:00:00.000;2;1,55;1,45;1,5
KA25.000571-001;50;500;10;NULL;NULL;291W1B;9;6_DEP;6_DEP;2025-11-03 00:00:00.000;3;1,6;1,4;1,3167
KA25.000572-001;10;100;10;10;10;591W1B;3;3_SEL;3_SELA;2025-12-01 00:00:00.000;1;3,2333;2,4833;2,4833
KA25.000572-001;20;200;10;NULL;NULL;591W1B;2;4_AOI;4_AOI_SIDEA;2025-12-01 00:00:00.000;2;1,7;1,15;1,0167
KA25.000572-001;20;200;10;NULL;NULL;591W1B;APT-1600FD FP-MACHINE;5_FPT;5_FPT_BASIC;2025-12-01 00:00:00.000;3;1,2667;0,7667;0,75
KA25.000572-001;20;200;10;NULL;NULL;591W1B;9;6_DEP;6_DEP;2025-12-01 00:00:00.000;4;2,6;2,35;2,3167
KA25.000578-002;14;42;3;6;10;794DBD;3;3_SEL;3_SELA;2025-11-05 00:00:00.000;1;1,1;0,7;1,4167
KA25.000582-003;25;75;3;3;25;794DBD;4;3_SEL;3_SELA;2025-12-15 00:00:00.000;1;2,3667;1,4333;1,4333
KA25.000582-003;25;75;3;NULL;NULL;794DBD;2;4_AOI;4_AOI_SIDEB;2025-12-15 00:00:00.000;2;1,7;1,5;1,4333
KA25.000582-003;25;75;3;NULL;NULL;794DBD;APT-1600FD FP-MACHINE3;5_FPT;5_FPT_BASIC;2025-12-15 00:00:00.000;3;2,1;1,7;1,6833
KA25.000582-004;29;87;3;NULL;NULL;794DBD;8;1_SMT;1_SMTA;2026-05-07 00:00:00.000;1;1,8833;1,0167;0,4833
KA25.000582-004;29;87;3;NULL;NULL;794DBD;8;1_SMT;1_SMTB;2026-05-07 00:00:00.000;2;0,8833;0,7167;0,4833
KA25.000582-004;29;87;3;NULL;NULL;794DBD;11;4_AOI;4_AOI_SIDEB;2026-05-07 00:00:00.000;3;1,5333;1,2333;1,2167
KA25.000582-004;29;87;3;NULL;NULL;794DBD;APT-1600FD FP-MACHINE3;5_FPT;5_FPT_BASIC;2026-05-07 00:00:00.000;4;1,85;1,6667;1,6667
KA25.000582-005;25;75;3;3;33;794CBD;4;3_SEL;3_SELA;2025-12-12 00:00:00.000;1;5,4;3,1833;3,1833
KA25.000582-005;25;75;3;NULL;NULL;794CBD;2;4_AOI;4_AOI_SIDEB;2025-12-12 00:00:00.000;2;1,2167;1,2167;1,4333
KA25.000582-005;25;75;3;NULL;NULL;794CBD;APT-1600FD FP-MACHINE;5_FPT;5_FPT_BASIC;2025-12-12 00:00:00.000;3;2,6167;2,0167;2
KA25.000582-005;25;75;3;NULL;NULL;794CBD;9;6_DEP;6_DEP;2025-12-12 00:00:00.000;4;0,85;0,65;0,65
KA25.000582-006;29;87;3;NULL;NULL;794CBD;8;1_SMT;1_SMTA;2026-04-30 00:00:00.000;1;1,1833;0,85;0,8167
KA25.000582-006;29;87;3;NULL;NULL;794CBD;8;1_SMT;1_SMTB;2026-04-30 00:00:00.000;2;1,1833;0,8333;0,8167
KA25.000582-006;29;87;3;NULL;NULL;794CBD;2;4_AOI;4_AOI_SIDEB;2026-04-30 00:00:00.000;3;1,85;1,4333;1,45
KA25.000582-006;29;87;3;NULL;NULL;794CBD;APT-1600FD FP-MACHINE2;5_FPT;5_FPT_BASIC;2026-04-30 00:00:00.000;4;2,65;2,1333;2,0667
KA25.000582-006;29;87;3;NULL;NULL;794CBD;9;6_DEP;6_DEP;2026-04-30 00:00:00.000;5;0,9833;0,6333;0,6333
KA25.000582-007;25;75;3;NULL;NULL;794CKD;2;4_AOI;4_AOI_SIDEB;2025-12-18 00:00:00.000;1;1,8;1,4167;1,4167
KA25.000582-007;25;75;3;6;13;794CKD;3;3_SEL;3_SELA;2025-12-18 00:00:00.000;2;2,0333;1,4667;2,8333
KA25.000582-007;25;75;3;NULL;NULL;794CKD;APT-1600FD FP-MACHINE;5_FPT;5_FPT_BASIC;2025-12-18 00:00:00.000;3;2,3;1,9;1,8333
KA25.000582-007;24;72;3;NULL;NULL;794CKD;9;6_DEP;6_DEP;2025-12-18 00:00:00.000;4;1,4333;1,2333;0,9667
KA25.000582-008;29;87;3;NULL;NULL;794CKD;8;1_SMT;1_SMTA;2026-05-05 00:00:00.000;1;1,4;1,0667;0,6167
KA25.000582-008;29;87;3;NULL;NULL;794CKD;8;1_SMT;1_SMTB;2026-05-05 00:00:00.000;2;1,5167;1;0,6167
KA25.000582-008;29;87;3;NULL;NULL;794CKD;11;4_AOI;4_AOI_SIDEB;2026-05-05 00:00:00.000;3;1,7667;1,25;1,2
KA25.000582-008;18;55;3;6;15;794CKD;3;3_SEL;3_SELA;2026-05-05 00:00:00.000;4;3,5167;2,3833;2,9667
KA25.000582-008;29;87;3;NULL;NULL;794CKD;APT-1600FD FP-MACHINE2;5_FPT;5_FPT_BASIC;2026-05-05 00:00:00.000;5;2,0333;1,8667;1,85
KA25.000582-008;29;87;3;NULL;NULL;794CKD;9;6_DEP;6_DEP;2026-05-05 00:00:00.000;6;1,05;0,8833;0,6333
KA25.000582-009;75;75;1;1;75;794B10;4;3_SEL;3_SELA;2025-12-15 00:00:00.000;1;3,7667;2,75;2,75
KA25.000582-009;75;75;1;NULL;NULL;794B10;2;4_AOI;4_AOI_SIDEA;2025-12-15 00:00:00.000;2;1,9833;1,7167;1,5833
KA25.000582-009;75;75;1;NULL;NULL;794B10;APT-1600FD FP-MACHINE3;5_FPT;5_FPT_BASIC;2025-12-15 00:00:00.000;3;2,7;2,3667;2,2667
KA25.000582-009;74;74;1;NULL;NULL;794B10;9;6_DEP;6_DEP;2025-12-15 00:00:00.000;4;0,95;0,6833;0,5667
KA25.000582-010;87;87;1;NULL;NULL;794B10;8;1_SMT;1_SMTB;2026-05-04 00:00:00.000;1;1,4667;1,2333;0,8833
KA25.000582-010;87;87;1;NULL;NULL;794B10;8;1_SMT;1_SMTA;2026-05-04 00:00:00.000;2;1,4;1,1833;0,8833
KA25.000582-010;79;79;1;2;44;794B10;3;3_SEL;3_SELA;2026-05-04 00:00:00.000;3;2,7;1,9167;3,45
KA25.000582-010;87;87;1;NULL;NULL;794B10;2;4_AOI;4_AOI_SIDEA;2026-05-04 00:00:00.000;4;1,8167;1,65;1,5833
KA25.000582-010;87;87;1;NULL;NULL;794B10;APT-1600FD FP-MACHINE3;5_FPT;5_FPT_BASIC;2026-05-04 00:00:00.000;5;2,7833;2,45;2,2667
KA25.000582-010;87;87;1;NULL;NULL;794B10;9;6_DEP;6_DEP;2026-05-04 00:00:00.000;6;0,7;0,5833;0,5333
KA25.000598-005;175;525;3;NULL;NULL;70761A;2;4_AOI;4_AOI_SIDEA;2025-10-22 00:00:00.000;1;0,5;0,4;0,3667
KA25.000598-005;164;492;3;NULL;NULL;70761A;APT-1600FD FP-MACHINE3;5_FPT;5_FPT_BASIC;2025-10-22 00:00:00.000;3;1,05;0,95;0,9167
KA25.000598-006;208;624;3;NULL;NULL;70771A;10;2_ODD;2_ODDA;2025-10-20 00:00:00.000;1;3,9833;3,1833;2,7833
KA25.000598-006;208;624;3;NULL;NULL;70771A;2;4_AOI;4_AOI_SIDEA;2025-10-20 00:00:00.000;2;1,4667;1,2167;1,1667
KA25.000598-007;42;126;3;NULL;NULL;70761A;2;4_AOI;4_AOI_SIDEA;2025-10-23 00:00:00.000;1;0,4833;0,35;0,3833
KA25.000598-007;42;126;3;NULL;NULL;70761A;APT-1600FD FP-MACHINE3;5_FPT;5_FPT_BASIC;2025-10-23 00:00:00.000;2;1,0333;0,9167;0,9167
KA25.000599-001;25;100;4;NULL;NULL;51041B;2;4_AOI;4_AOI_SIDEB;2025-11-27 00:00:00.000;2;1,0667;0,9667;0,8667
KA25.000599-001;25;100;4;NULL;NULL;51041B;APT-1600FD FP-MACHINE;5_FPT;5_FPT_BASIC;2025-11-27 00:00:00.000;3;0,8;0,4;0,4167
KA25.000599-001;25;100;4;NULL;NULL;51041B;9;6_DEP;6_DEP;2025-11-27 00:00:00.000;4;1,0167;0,8167;0,6167
KA25.000615-001;10;200;20;NULL;NULL;5461CA;10;2_ODD;2_ODDA;2025-12-04 00:00:00.000;1;2,4333;1,9333;1,9333
KA25.000615-001;10;200;20;NULL;NULL;5461CA;2;4_AOI;4_AOI_SIDEA;2025-12-04 00:00:00.000;3;2,5333;1,3833;1,1333
KA25.000615-001;10;200;20;NULL;NULL;5461CA;APT-1600FD FP-MACHINE3;5_FPT;5_FPT_PREMIUM;2025-12-04 00:00:00.000;4;1,8;1,3;1,3333
KA25.000615-001;10;200;20;NULL;NULL;5461CA;9;6_DEP;6_DEP;2025-12-04 00:00:00.000;5;2,8;2,3;2,2667
KA25.000616-001;89;178;2;4;59;70791A;3;3_SEL;3_SELA;2025-11-28 00:00:00.000;1;2,9667;1,8667;3
KA25.000616-001;90;180;2;NULL;NULL;70791A;2;4_AOI;4_AOI_SIDEB;2025-11-28 00:00:00.000;2;1,5;1,2667;1,25
KA25.000616-001;89;178;2;NULL;NULL;70791A;APT-1600FD FP-MACHINE3;5_FPT;5_FPT_PREMIUM;2025-11-28 00:00:00.000;3;2,6167;2,05;1,5
KA25.000617-001;9;159;16;16;10;707A1A;3;3_SEL;3_SELA;2025-11-17 00:00:00.000;1;11,7667;9,7167;9,6667
KA25.000617-001;10;160;16;NULL;NULL;707A1A;2;4_AOI;4_AOI_SIDEA;2025-11-17 00:00:00.000;2;1,7167;1,4667;1,3
KA25.000619-001;60;300;5;NULL;NULL;12881B;2;4_AOI;4_AOI_SMT;2026-01-20 00:00:00.000;1;0,6667;0,4833;0,5
KA25.000619-001;60;300;5;NULL;NULL;12881B;10;2_ODD;2_ODDA;2026-01-20 00:00:00.000;2;6,6667;6;5,8667
KA25.000619-001;45;226;5;10;33;12881B;3;3_SEL;3_SELA;2026-01-20 00:00:00.000;3;3,1167;2,2333;3,3333
KA25.000619-001;60;300;5;NULL;NULL;12881B;2;4_AOI;4_AOI_THT;2026-01-20 00:00:00.000;4;1,7833;1,7;0,5
KA25.000619-001;60;300;5;NULL;NULL;12881B;APT-1600FD FP-MACHINE2;5_FPT;5_FPT_BASIC;2026-01-20 00:00:00.000;5;3,8833;2,9667;2,5
KA25.000621-001;10;100;10;NULL;NULL;1258AA;2;4_AOI;4_AOI_SIDEA;2025-12-11 00:00:00.000;2;2;1,4167;1,1833
KA25.000622-001;10;50;5;NULL;NULL;122OAC;2;4_AOI;4_AOI_SIDEB;2025-12-18 00:00:00.000;1;1,6667;1,1667;1,0167
KA25.000622-001;11;55;5;NULL;NULL;122OAC;APT-1600FD FP-MACHINE2;5_FPT;5_FPT_PREMIUM;2025-12-18 00:00:00.000;2;4,1833;3,2833;3,5833
KA25.000622-001;10;50;5;NULL;NULL;122OAC;9;6_DEP;6_DEP;2025-12-18 00:00:00.000;3;1,9833;0,9833;0,9833
KA25.000622-002;10;50;5;NULL;NULL;122ODC;2;4_AOI;4_AOI_SIDEB;2025-12-18 00:00:00.000;1;1,1667;1,1667;1,0167
KA25.000622-003;21;105;5;NULL;NULL;122OBC;2;4_AOI;4_AOI_SIDEB;2025-12-18 00:00:00.000;1;1,4167;1,0333;1,0167
KA25.000622-003;21;105;5;NULL;NULL;122OBC;APT-1600FD FP-MACHINE;5_FPT;5_FPT_PREMIUM;2025-12-18 00:00:00.000;2;3,55;2,8333;2,3333
KA25.000622-003;18;90;5;NULL;NULL;122OBC;9;6_DEP;6_DEP;2025-12-18 00:00:00.000;3;1,55;1;1
KA25.000622-004;10;50;5;NULL;NULL;122OCC;2;4_AOI;4_AOI_SIDEB;2025-12-18 00:00:00.000;1;1,5;1;1,0167
KA25.000622-004;10;50;5;NULL;NULL;122OCC;APT-1600FD FP-MACHINE;5_FPT;5_FPT_PREMIUM;2025-12-18 00:00:00.000;2;4,95;4,45;3,9167
KA25.000622-004;10;50;5;NULL;NULL;122OCC;9;6_DEP;6_DEP;2025-12-18 00:00:00.000;3;1,8833;1,3833;1,0167
KA25.000624-001;10;50;5;5;10;122YAA;3;3_SEL;3_SELA;2025-12-10 00:00:00.000;1;3,05;2,25;2,25
KA25.000624-001;10;50;5;NULL;NULL;122YAA;2;4_AOI;4_AOI_SIDEB;2025-12-10 00:00:00.000;2;1,45;0,95;1,0333
KA25.000624-002;42;210;5;15;17;122Y1A;3;3_SEL;3_SELA;2025-12-11 00:00:00.000;1;1,5167;1,0667;2,7333
KA25.000624-002;42;210;5;NULL;NULL;122Y1A;2;4_AOI;4_AOI_SIDEB;2025-12-11 00:00:00.000;2;1,1167;1,0333;1,0333
KA25.000624-002;41;205;5;NULL;NULL;122Y1A;APT-1600FD FP-MACHINE;5_FPT;5_FPT_PREMIUM;2025-12-11 00:00:00.000;3;5,2833;4,6667;4,5833
KA25.000624-002;42;210;5;NULL;NULL;122Y1A;9;6_DEP;6_DEP;2025-12-11 00:00:00.000;5;1,45;1;0,7333
KA25.000625-001;13;65;5;NULL;NULL;122WAB;2;4_AOI;4_AOI_SIDEB;2025-12-18 00:00:00.000;2;1,7167;1,15;1
KA25.000625-001;13;65;5;NULL;NULL;122WAB;APT-1600FD FP-MACHINE2;5_FPT;5_FPT_BASIC;2025-12-18 00:00:00.000;3;2,6;1,45;1,4167
KA25.000625-002;8;40;5;10;10;122WAB;3;3_SEL;3_SELA;2026-03-19 00:00:00.000;3;4,6667;4,3333;5,2
KA25.000627-001;10;50;5;NULL;NULL;122S1A;APT-1600FD FP-MACHINE2;5_FPT;5_FPT_PREMIUM;2025-12-10 00:00:00.000;2;0,9333;0,4333;0,4167
KA25.000627-001;10;50;5;NULL;NULL;122S1A;2;4_AOI;4_AOI_SIDEA;2025-12-10 00:00:00.000;3;1,9333;0,9333;0,9167
KA25.000634-001;34;1020;30;NULL;NULL;128A1B;8;1_SMT;1_SMTA;2026-04-22 00:00:00.000;1;1,6667;1,3667;0,8167
KA25.000634-001;34;1020;30;NULL;NULL;128A1B;11;4_AOI;4_AOI_SIDEA;2026-04-22 00:00:00.000;2;0,8667;0,6167;0,55
KA25.000634-001;34;1020;30;NULL;NULL;128A1B;APT-1600FD FP-MACHINE3;5_FPT;5_FPT_BASIC;2026-04-22 00:00:00.000;3;1,5;1,3667;1,3333
KA25.000640-001;13;26;2;2;17;2066AC;4;3_SEL;3_SELA;2025-12-16 00:00:00.000;1;2,25;1,1167;1,1167
KA25.000647-002;69;345;5;NULL;NULL;70781A;2;4_AOI;4_AOI_SIDEB;2025-12-17 00:00:00.000;1;1,5833;1,3667;1,3833
KA25.000647-002;69;345;5;NULL;NULL;70781A;APT-1600FD FP-MACHINE;5_FPT;5_FPT_BASIC;2025-12-17 00:00:00.000;2;2,7;2,1833;1,5833
KA25.000647-003;70;350;5;NULL;NULL;70781A;2;4_AOI;4_AOI_SIDEB;2026-01-15 00:00:00.000;1;1,5833;1,45;1,3833
KA25.000647-003;70;350;5;NULL;NULL;70781A;APT-1600FD FP-MACHINE2;5_FPT;5_FPT_BASIC;2026-01-15 00:00:00.000;2;2,0833;1,5833;1,5833
KA25.000653-003;252;504;2;NULL;NULL;006IBC;7;1_SMT;1_SMTA;2026-06-05 00:00:00.000;1;0,9667;0,75;0,7
KA25.000653-003;252;504;2;NULL;NULL;006IBC;2;4_AOI;4_AOI_SMT;2026-06-05 00:00:00.000;2;0,5;0,45;0,4333
KA25.000653-003;252;504;2;NULL;NULL;006IBC;10;2_ODD;2_ODDA;2026-06-05 00:00:00.000;3;4,1833;3,4833;3,2167
KA25.000653-003;250;500;2;2;252;006IBC;3;3_SEL;3_SELA;2026-06-05 00:00:00.000;4;2,4;1,9;1,9
KA25.000653-003;60;120;2;NULL;NULL;006IBC;APT-1600FD FP-MACHINE3;5_FPT;5_FPT_PREMIUM;2026-06-05 00:00:00.000;5;6,4;6,0667;6,0167
KA25.000653-003;252;504;2;NULL;NULL;006IBC;2;4_AOI;4_AOI_SIDEB;2026-06-05 00:00:00.000;6;0,55;0,45;0,4333
KA25.000653-003;192;384;2;NULL;NULL;006IBC;APT-1600FD FP-MACHINE2;5_FPT;5_FPT_PREMIUM;2026-06-05 00:00:00.000;7;6,2167;6,0333;6
KA25.000653-003;250;500;2;NULL;NULL;006IBC;9;6_DEP;6_DEP;2026-06-05 00:00:00.000;8;0,7;0,5167;0,4833
KA25.000653-004;252;504;2;NULL;NULL;006IBC;11;4_AOI;4_AOI_SMT;2026-08-07 00:00:00.000;1;0,5667;0,4667;0,45
KA25.000653-004;252;504;2;NULL;NULL;006IBC;8;1_SMT;1_SMTA;2026-08-07 00:00:00.000;2;0,9167;0,7333;0,6333
KA25.000653-004;252;504;2;NULL;NULL;006IBC;10;2_ODD;2_ODDA;2026-08-07 00:00:00.000;3;3,6333;3,2333;2,8333
KA25.000653-004;252;504;2;NULL;NULL;006IBC;2;4_AOI;4_AOI_SIDEB;2026-08-07 00:00:00.000;4;0,6667;0,4667;0,4333
KA25.000653-004;200;400;2;NULL;NULL;006IBC;APT-1600FD FP-MACHINE;5_FPT;5_FPT_PREMIUM;2026-08-07 00:00:00.000;5;6,2667;5,95;5,9333
KA25.000653-004;52;104;2;NULL;NULL;006IBC;APT-1600FD FP-MACHINE3;5_FPT;5_FPT_PREMIUM;2026-08-07 00:00:00.000;6;6,1833;5,9833;6
KA25.000653-004;249;498;2;NULL;NULL;006IBC;9;6_DEP;6_DEP;2026-08-07 00:00:00.000;7;0,6833;0,5;0,4833
KA25.000653-013;246;492;2;NULL;NULL;006ICC;11;4_AOI;4_AOI_SMT;2026-04-10 00:00:00.000;1;0,55;0,4667;0,45
KA25.000653-013;246;492;2;NULL;NULL;006ICC;8;1_SMT;1_SMTA;2026-04-10 00:00:00.000;2;0,95;0,8667;0,6833
KA25.000653-013;245;490;2;NULL;NULL;006ICC;10;2_ODD;2_ODDA;2026-04-10 00:00:00.000;3;3,75;3,2167;2,6833
KA25.000653-013;244;488;2;2;255;006ICC;3;3_SEL;3_SELA;2026-04-10 00:00:00.000;4;2,8167;2,3833;2,3833
KA25.000653-013;246;492;2;NULL;NULL;006ICC;2;4_AOI;4_AOI_SIDEB;2026-04-10 00:00:00.000;5;0,6833;0,4667;0,4667
KA25.000653-013;233;466;2;NULL;NULL;006ICC;APT-1600FD FP-MACHINE2;5_FPT;5_FPT_PREMIUM;2026-04-10 00:00:00.000;6;6,5333;6,25;6,1833
KA25.000653-013;245;490;2;NULL;NULL;006ICC;9;6_DEP;6_DEP;2026-04-10 00:00:00.000;7;0,8;0,6667;0,5667
KA25.000653-014;41;2460;60;NULL;NULL;0069CF;2;4_AOI;4_AOI_SIDEA;2026-04-08 00:00:00.000;1;0,8;0,6833;0,6833
KA25.000653-014;41;2460;60;NULL;NULL;0069CF;8;1_SMT;1_SMTA;2026-04-08 00:00:00.000;2;1,8667;1,4;1,5667
KA25.000653-014;43;2580;60;NULL;NULL;0069CF;APT-1600FD FP-MACHINE2;5_FPT;5_FPT_PREMIUM;2026-04-08 00:00:00.000;3;4,3167;3,9667;4,1667
KA25.000653-015;258;516;2;NULL;NULL;006ICC;2;4_AOI;4_AOI_SMT;2026-05-06 00:00:00.000;1;0,5167;0,4667;0,4667
KA25.000653-015;258;516;2;NULL;NULL;006ICC;8;1_SMT;1_SMTA;2026-05-06 00:00:00.000;2;0,85;0,7833;0,65
KA25.000653-015;257;514;2;NULL;NULL;006ICC;10;2_ODD;2_ODDA;2026-05-06 00:00:00.000;3;3,5833;3,15;2,8333
KA25.000653-015;132;265;2;2;263;006ICC;3;3_SEL;3_SELA;2026-05-06 00:00:00.000;4;6,2;4,6333;2,3833
KA25.000653-015;257;514;2;NULL;NULL;006ICC;2;4_AOI;4_AOI_SIDEB;2026-05-06 00:00:00.000;5;0,6167;0,5;0,4667
KA25.000653-015;257;514;2;NULL;NULL;006ICC;APT-1600FD FP-MACHINE3;5_FPT;5_FPT_PREMIUM;2026-05-06 00:00:00.000;6;6,0833;5,85;6,0833
KA25.000653-015;256;512;2;NULL;NULL;006ICC;9;6_DEP;6_DEP;2026-05-06 00:00:00.000;7;0,7;0,5833;0,5
KA25.000653-017;42;2520;60;NULL;NULL;0069FF;11;4_AOI;4_AOI_SIDEA;2026-08-07 00:00:00.000;1;0,7667;0,6333;0,6333
KA25.000653-017;42;2520;60;NULL;NULL;0069FF;8;1_SMT;1_SMTA;2026-08-07 00:00:00.000;2;1,3167;1,3167;1,3333
KA25.000653-017;42;2520;60;NULL;NULL;0069FF;APT-1600FD FP-MACHINE;5_FPT;5_FPT_PREMIUM;2026-08-07 00:00:00.000;3;4,05;3,9167;3,9167
KA25.000654-001;50;200;4;NULL;NULL;006S1A;8;1_SMT;1_SMTA;2026-04-16 00:00:00.000;1;0,8833;0,6833;0,45
KA25.000654-001;50;200;4;NULL;NULL;006S1A;10;2_ODD;2_ODDA;2026-04-16 00:00:00.000;2;2,55;1,95;1,55
KA25.000654-001;49;199;4;12;20;006S1A;3;3_SEL;3_SELA;2026-04-16 00:00:00.000;3;1,8333;1,5167;3,8333
KA25.000654-001;50;200;4;NULL;NULL;006S1A;2;4_AOI;4_AOI_SIDEB;2026-04-16 00:00:00.000;4;1,1333;0,9833;0,9833
KA25.000654-001;50;200;4;NULL;NULL;006S1A;APT-1600FD FP-MACHINE;5_FPT;5_FPT_PREMIUM;2026-04-16 00:00:00.000;5;2,5;2,1;2,1
KA25.000654-002;50;200;4;NULL;NULL;006S1A;8;1_SMT;1_SMTA;2026-08-04 00:00:00.000;1;1,15;0,55;0,5167
KA25.000654-002;48;192;4;NULL;NULL;006S1A;10;2_ODD;2_ODDA;2026-08-04 00:00:00.000;2;2,4667;1,8333;1,5667
KA25.000654-002;50;200;4;NULL;NULL;006S1A;2;4_AOI;4_AOI_SIDEB;2026-08-04 00:00:00.000;3;1,05;0,9167;0,9167
KA25.000654-002;49;196;4;NULL;NULL;006S1A;APT-1600FD FP-MACHINE;5_FPT;5_FPT_PREMIUM;2026-08-04 00:00:00.000;4;2,1833;2,0833;2
KA25.000654-002;49;196;4;NULL;NULL;006S1A;9;6_DEP;6_DEP;2026-08-04 00:00:00.000;5;0,9667;0,6667;0,6167
KA25.000657-001;10;100;10;NULL;NULL;016B1B;2;4_AOI;4_AOI_SMT;2026-01-19 00:00:00.000;1;1,4;0,9;0,9833
KA25.000657-001;10;100;10;10;11;016B1B;3;3_SEL;3_SELA;2026-01-19 00:00:00.000;2;3,2;2,3;2,3
KA25.000657-001;10;100;10;NULL;NULL;016B1B;2;4_AOI;4_AOI_THT;2026-01-19 00:00:00.000;3;3,2;0,9833;0,9833
KA25.000657-001;10;100;10;NULL;NULL;016B1B;APT-1600FD FP-MACHINE;5_FPT;5_FPT_BASIC;2026-01-19 00:00:00.000;4;4,75;3,25;4,25
KA25.000658-002;25;100;4;NULL;NULL;17521A;8;1_SMT;1_SMTA;2026-06-03 00:00:00.000;1;1,0333;0,4667;0,4167
KA25.000658-002;23;95;4;8;25;17521A;3;3_SEL;3_SELB;2026-06-03 00:00:00.000;2;1,5333;1,2667;2,3667
KA25.000658-002;24;98;4;8;14;17521A;3;3_SEL;3_SELA;2026-06-03 00:00:00.000;3;1,8333;1,2833;2,3667
KA25.000658-002;25;100;4;NULL;NULL;17521A;11;4_AOI;4_AOI_SIDEB;2026-06-03 00:00:00.000;4;1,4;1,0167;0,9
KA25.000658-002;25;100;4;NULL;NULL;17521A;APT-1600FD FP-MACHINE;5_FPT;5_FPT_BASIC;2026-06-03 00:00:00.000;5;1,65;1,25;0,8833
KA25.000658-002;25;100;4;NULL;NULL;17521A;9;6_DEP;6_DEP;2026-06-03 00:00:00.000;6;1,2667;0,6833;0,5667
KA25.000666-001;10;50;5;NULL;NULL;115O1B;2;4_AOI;4_AOI_SIDEB;2026-01-19 00:00:00.000;1;1,3167;0,8;0,8
KA25.000666-001;10;50;5;NULL;NULL;115O1B;APT-1600FD FP-MACHINE3;5_FPT;5_FPT_BASIC;2026-01-19 00:00:00.000;2;2,4167;1,4167;1,4167
KA25.000666-001;10;50;5;NULL;NULL;115O1B;9;6_DEP;6_DEP;2026-01-19 00:00:00.000;3;1,7;0,8;0,7167
KA25.000674-001;50;500;10;NULL;NULL;605F1B;2;4_AOI;4_AOI_SIDEB;2026-04-01 00:00:00.000;2;1,3333;1,15;1,1
KA25.000674-001;50;500;10;NULL;NULL;605F1B;APT-1600FD FP-MACHINE2;5_FPT;5_FPT_PREMIUM;2026-04-01 00:00:00.000;3;6,5667;5,6667;5,5
KA25.000678-002;10;100;10;NULL;NULL;57511A;2;4_AOI;4_AOI_SIDEB;2026-04-09 00:00:00.000;1;1,0167;0,5167;0,5167
KA25.000678-002;10;100;10;NULL;NULL;57511A;APT-1600FD FP-MACHINE2;5_FPT;5_FPT_BASIC;2026-04-09 00:00:00.000;2;1,4333;0,9333;0,9167
KA25.000678-002;10;100;10;NULL;NULL;57511A;9;6_DEP;6_DEP;2026-04-09 00:00:00.000;3;1,7667;1,2667;1,2667
KA25.000691-001;29;580;20;40;18;5461DA;4;3_SEL;3_SELA;2026-02-26 00:00:00.000;1;4,05;2,6667;5,2167
KA25.000691-001;30;600;20;NULL;NULL;5461DA;2;4_AOI;4_AOI_SIDEA;2026-02-26 00:00:00.000;2;1,5167;1,0167;1,0167
KA25.000691-001;30;600;20;NULL;NULL;5461DA;APT-1600FD FP-MACHINE;5_FPT;5_FPT_PREMIUM;2026-02-26 00:00:00.000;3;2,1833;1,5167;1,4167
KA25.000691-001;30;600;20;NULL;NULL;5461DA;9;6_DEP;6_DEP;2026-02-26 00:00:00.000;4;2,7667;2,6;2,25
KA25.000693-001;75;150;2;NULL;NULL;176A1A;2;4_AOI;4_AOI_SIDEA;2026-02-09 00:00:00.000;1;1,35;1,1167;0,9667
KA25.000693-001;74;148;2;NULL;NULL;176A1A;APT-1600FD FP-MACHINE2;5_FPT;5_FPT_PREMIUM;2026-02-09 00:00:00.000;2;0,55;0,4167;0,4167
KA25.000698-001;14;210;15;NULL;NULL;029U1A;2;4_AOI;4_AOI_SIDEA;2026-03-12 00:00:00.000;1;0,75;0,4;0,3833
KA25.000704-003;39;156;4;NULL;NULL;607A1B;10;2_ODD;2_ODDA;2026-02-02 00:00:00.000;1;1,05;0,9333;0,5667
KA25.000704-003;38;153;4;4;39;607A1B;3;3_SEL;3_SELA;2026-02-02 00:00:00.000;2;1,5167;1,2667;1,25
KA25.000704-003;39;156;4;NULL;NULL;607A1B;2;4_AOI;4_AOI_SIDEB;2026-02-02 00:00:00.000;3;1,7667;1,3167;1,2333
KA25.000704-003;39;156;4;NULL;NULL;607A1B;APT-1600FD FP-MACHINE3;5_FPT;5_FPT_BASIC;2026-02-02 00:00:00.000;4;5,35;3,8167;3,5167
KA25.000705-001;10;300;30;NULL;NULL;55631A;2;4_AOI;4_AOI_SIDEA;2026-01-28 00:00:00.000;1;1,1333;0,75;0,3833
KA25.000705-001;10;300;30;NULL;NULL;55631A;APT-1600FD FP-MACHINE3;5_FPT;5_FPT_BASIC;2026-01-28 00:00:00.000;2;3,7167;3,2167;2,35
KA25.000705-001;10;300;30;NULL;NULL;55631A;9;6_DEP;6_DEP;2026-01-28 00:00:00.000;3;5,2833;3,2;3,25
KA25.000708-001;50;200;4;NULL;NULL;51041B;8;1_SMT;1_SMTA;2026-05-04 00:00:00.000;1;1,2333;0,7333;0,35
KA25.000708-001;50;200;4;NULL;NULL;51041B;11;4_AOI;4_AOI_SIDEB;2026-05-04 00:00:00.000;2;0,95;0,7667;0,6833
KA25.000708-001;29;119;4;8;23;51041B;3;3_SEL;3_SELA;2026-05-04 00:00:00.000;3;1,25;0,5833;1,0167
KA25.000708-001;50;200;4;NULL;NULL;51041B;APT-1600FD FP-MACHINE3;5_FPT;5_FPT_BASIC;2026-05-04 00:00:00.000;4;0,9333;0,4333;0,4167
KA25.000708-001;50;200;4;NULL;NULL;51041B;9;6_DEP;6_DEP;2026-05-04 00:00:00.000;5;0,9667;0,7667;0,6333
KA25.000709-001;10;100;10;NULL;NULL;14721A;2;4_AOI;4_AOI_SIDEA;2026-03-16 00:00:00.000;1;1,05;0,3833;0,4
KA25.000709-001;10;100;10;NULL;NULL;14721A;APT-1600FD FP-MACHINE3;5_FPT;5_FPT_BASIC;2026-03-16 00:00:00.000;2;1,2667;0,7667;0,75
KA25.000711-001;20;41;2;6;14;14711A;4;3_SEL;3_SELA;2026-04-17 00:00:00.000;1;6,4333;5,0667;9,45
KA25.000711-001;25;50;2;NULL;NULL;14711A;2;4_AOI;4_AOI_SIDEB;2026-04-17 00:00:00.000;2;1,1333;0,9333;0,9167
KA25.000711-001;25;50;2;NULL;NULL;14711A;APT-1600FD FP-MACHINE2;5_FPT;5_FPT_BASIC;2026-04-17 00:00:00.000;3;1,6333;0,8333;0,6667
KA25.000711-001;25;50;2;NULL;NULL;14711A;9;6_DEP;6_DEP;2026-04-17 00:00:00.000;4;0,7667;0,5667;0,45
KA25.000713-001;50;100;2;NULL;NULL;206IAI;8;1_SMT;1_SMTB;2026-03-25 00:00:00.000;1;0,9167;0,7167;0,4833
KA25.000713-001;50;100;2;NULL;NULL;206IAI;8;1_SMT;1_SMTA;2026-03-25 00:00:00.000;2;1,2833;0,8833;0,4833
KA25.000713-001;50;100;2;2;51;206IAI;3;3_SEL;3_SELA;2026-03-25 00:00:00.000;3;3,3667;2,7667;2,7667
KA25.000713-001;50;100;2;NULL;NULL;206IAI;2;4_AOI;4_AOI_SIDEB;2026-03-25 00:00:00.000;4;1,75;1,5667;1,4
KA25.000713-001;50;100;2;NULL;NULL;206IAI;APT-1600FD FP-MACHINE;5_FPT;5_FPT_PREMIUM;2026-03-25 00:00:00.000;5;5,8667;4,8667;4,6667
KA25.000714-001;99;198;2;NULL;NULL;20661C;8;1_SMT;1_SMTB;2026-07-22 00:00:00.000;1;0,6667;0,5167;0,3833
KA25.000714-001;100;200;2;NULL;NULL;20661C;8;1_SMT;1_SMTA;2026-07-22 00:00:00.000;2;1,0833;0,7833;0,3833
KA25.000714-001;100;200;2;NULL;NULL;20661C;10;2_ODD;2_ODDA;2026-07-22 00:00:00.000;3;1,15;1;0,5833
KA25.000714-001;100;200;2;NULL;NULL;20661C;2;4_AOI;4_AOI_SIDEB;2026-07-22 00:00:00.000;4;1,1333;1,0333;1,0333
KA25.000714-001;100;200;2;NULL;NULL;20661C;APT-1600FD FP-MACHINE2;5_FPT;5_FPT_PREMIUM;2026-07-22 00:00:00.000;5;2,5833;2,4833;2,5
KA25.000714-001;100;200;2;NULL;NULL;20661C;9;6_DEP;6_DEP;2026-07-22 00:00:00.000;6;0,7667;0,6667;0,6
KA25.000722-001;16;320;20;NULL;NULL;128Q1A;2;4_AOI;4_AOI_SIDEB;2026-03-16 00:00:00.000;2;1,45;1,1333;0,8667
KA25.000730-001;42;2100;50;NULL;NULL;01631A;11;4_AOI;4_AOI_SIDEB;2026-04-22 00:00:00.000;2;1,2833;0,9167;0,9333
KA25.000730-001;43;2150;50;NULL;NULL;01631A;APT-1600FD FP-MACHINE3;5_FPT;5_FPT_BASIC;2026-04-22 00:00:00.000;3;1,3;0,95;0,9167
KA25.000736-001;100;100;1;NULL;NULL;386ZBD;8;1_SMT;1_SMTB;2026-05-07 00:00:00.000;1;1,2333;0,8833;0,35
KA25.000736-001;56;56;1;NULL;NULL;386ZBD;11;4_AOI;4_AOI_SIDEB;2026-05-07 00:00:00.000;2;1,2333;0,7667;0,65
KA25.000736-001;62;62;1;NULL;NULL;386ZBD;2;4_AOI;4_AOI_SIDEB;2026-05-07 00:00:00.000;3;1,1833;1,1;0,8667
KA25.000736-001;96;96;1;NULL;NULL;386ZBD;APT-1600FD FP-MACHINE;5_FPT;5_FPT_BASIC;2026-05-07 00:00:00.000;4;1,2833;0,5667;0,4167
KA25.000736-001;96;96;1;NULL;NULL;386ZBD;9;6_DEP;6_DEP;2026-05-07 00:00:00.000;5;0,4333;0,3333;0,2833
KA25.000737-001;50;50;1;NULL;NULL;386YCE;8;1_SMT;1_SMTB;2026-04-21 00:00:00.000;1;1,1;0,6;0,5833
KA25.000737-001;50;50;1;NULL;NULL;386YCE;8;1_SMT;1_SMTA;2026-04-21 00:00:00.000;2;1,2333;1,0333;0,5833
KA25.000737-001;50;50;1;NULL;NULL;386YCE;2;4_AOI;4_AOI_SIDEB;2026-04-21 00:00:00.000;3;1,2167;1,1333;1
KA25.000737-001;50;50;1;NULL;NULL;386YCE;APT-1600FD FP-MACHINE;5_FPT;5_FPT_BASIC;2026-04-21 00:00:00.000;4;2,4;1,4;1,0833
KA25.000739-001;125;500;4;NULL;NULL;26631B;8;1_SMT;1_SMTB;2026-04-09 00:00:00.000;1;0,7167;0,55;0,2833
KA25.000739-001;56;224;4;NULL;NULL;26631B;2;4_AOI;4_AOI_SIDEA;2026-04-09 00:00:00.000;2;1,5333;1,3667;1,2833
KA25.000739-001;65;260;4;4;65;26631B;4;3_SEL;3_SELA;2026-04-09 00:00:00.000;3;9,45;7,9;7,9
KA25.000739-001;69;276;4;NULL;NULL;26631B;11;4_AOI;4_AOI_SIDEA;2026-04-09 00:00:00.000;4;1,2833;1,1333;1,1
KA25.000739-001;125;500;4;NULL;NULL;26631B;APT-1600FD FP-MACHINE2;5_FPT;5_FPT_BASIC;2026-04-09 00:00:00.000;5;0,7;0,3667;0,3333
KA25.000742-001;251;502;2;NULL;NULL;206R1C;8;1_SMT;1_SMTA;2026-04-20 00:00:00.000;1;0,4167;0,3667;0,2833
KA25.000742-001;139;278;2;8;108;206R1C;3;3_SEL;3_SELA;2026-04-20 00:00:00.000;2;1,7833;1,2833;2,2
KA25.000742-001;105;210;2;NULL;NULL;206R1C;11;4_AOI;4_AOI_SIDEB;2026-04-20 00:00:00.000;3;0,8167;0,7167;0,7
KA25.000742-001;146;292;2;NULL;NULL;206R1C;2;4_AOI;4_AOI_SIDEB;2026-04-20 00:00:00.000;4;0,9833;0,8833;0,9
KA25.000742-001;250;500;2;NULL;NULL;206R1C;APT-1600FD FP-MACHINE2;5_FPT;5_FPT_PREMIUM;2026-04-20 00:00:00.000;5;0,8;0,7167;0,6667
KA25.000742-001;249;498;2;NULL;NULL;206R1C;9;6_DEP;6_DEP;2026-04-20 00:00:00.000;6;0,65;0,55;0,4833
KA25-000423-061;16;33;2;4;10;206A1D;3;3_SEL;3_SELA;2026-02-19 00:00:00.000;3;2,15;1,7333;3,3333
KA26.000002-001;247;494;2;NULL;NULL;206Q1D;8;1_SMT;1_SMTA;2026-06-25 00:00:00.000;2;0,75;0,5667;0,3
KA26.000002-001;250;500;2;8;67;206Q1D;3;3_SEL;3_SELA;2026-06-25 00:00:00.000;3;0,9;0,7333;2,8
KA26.000002-001;250;500;2;NULL;NULL;206Q1D;11;4_AOI;4_AOI_SIDEA;2026-06-25 00:00:00.000;4;0,9333;0,8833;0,8333
KA26.000002-001;250;500;2;NULL;NULL;206Q1D;APT-1600FD FP-MACHINE;5_FPT;5_FPT_PREMIUM;2026-06-25 00:00:00.000;5;2,55;2,1167;2
KA26.000002-001;248;496;2;NULL;NULL;206Q1D;9;6_DEP;6_DEP;2026-06-25 00:00:00.000;6;0,65;0,5;0,4167
KA26.000010-001;250;500;2;NULL;NULL;206S1C;8;1_SMT;1_SMTA;2026-07-15 00:00:00.000;1;0,6;0,45;0,3
KA26.000010-001;219;438;2;NULL;NULL;206S1C;2;4_AOI;4_AOI_SIDEB;2026-07-15 00:00:00.000;2;0,9833;0,8167;0,7833
KA26.000010-001;249;498;2;NULL;NULL;206S1C;APT-1600FD FP-MACHINE3;5_FPT;5_FPT_PREMIUM;2026-07-15 00:00:00.000;3;0,7;0,55;0,5
KA26.000010-001;30;60;2;NULL;NULL;206S1C;11;4_AOI;4_AOI_SIDEB;2026-07-15 00:00:00.000;4;0,9333;0,7667;0,7
KA26.000011-001;94;6016;64;NULL;NULL;01621A;8;1_SMT;1_SMTB;2026-05-27 00:00:00.000;1;2,1167;2,0167;1,9667
KA26.000011-001;74;4736;64;NULL;NULL;01621A;8;1_SMT;1_SMTA;2026-05-27 00:00:00.000;2;1,2;1;1,9667
KA26.000011-001;66;4224;64;NULL;NULL;01621A;11;4_AOI;4_AOI_SIDEA;2026-05-27 00:00:00.000;3;1,1;0,9;0,8833
KA26.000011-001;94;6016;64;NULL;NULL;01621A;APT-1600FD FP-MACHINE;5_FPT;5_FPT_BASIC;2026-05-27 00:00:00.000;4;1,6167;1,0333;1,0833
KA26.000011-001;21;1344;64;NULL;NULL;01621A;7;1_SMT;1_SMTA;2026-05-27 00:00:00.000;5;1,7;1,2333;0,7667
KA26.000011-001;28;1792;64;NULL;NULL;01621A;2;4_AOI;4_AOI_SIDEA;2026-05-27 00:00:00.000;6;1,55;1,1833;0,9833
KA26.000017-001;98;98;1;NULL;NULL;49512E;8;1_SMT;1_SMTA;2026-04-09 00:00:00.000;1;0,75;0,55;0,3
KA26.000017-001;50;50;1;NULL;NULL;49512E;2;4_AOI;4_AOI_SIDEB;2026-04-09 00:00:00.000;2;1,25;1,15;1,0833
KA26.000017-001;50;50;1;NULL;NULL;49512E;11;4_AOI;4_AOI_SIDEB;2026-04-09 00:00:00.000;3;1,1667;0,9667;0,85
KA26.000017-001;100;100;1;NULL;NULL;49512E;APT-1600FD FP-MACHINE;5_FPT;5_FPT_BASIC;2026-04-09 00:00:00.000;4;0,95;0,65;0,5833
KA26.000024-001;140;1400;10;NULL;NULL;605B1A;2;4_AOI;4_AOI_SIDEB;2026-05-18 00:00:00.000;1;0,4667;0,4167;0,3667
KA26.000043-001;50;50;1;NULL;NULL;487HAC;7;1_SMT;1_SMTA;2026-06-01 00:00:00.000;1;1,5833;0,9833;0,6833
KA26.000043-001;50;50;1;NULL;NULL;487HAC;2;4_AOI;4_AOI_SIDEB;2026-06-01 00:00:00.000;3;1,5667;1,3167;1,15
KA26.000043-001;50;50;1;NULL;NULL;487HAC;APT-1600FD FP-MACHINE2;5_FPT;5_FPT_BASIC;2026-06-01 00:00:00.000;5;2,4167;1,9167;1,5833
KA26.000043-002;60;60;1;NULL;NULL;487HAC;8;1_SMT;1_SMTA;2026-07-02 00:00:00.000;1;1,2;0,7833;0,5333
KA26.000043-002;60;60;1;NULL;NULL;487HAC;2;4_AOI;4_AOI_SIDEB;2026-07-02 00:00:00.000;2;1,4833;1,2667;1,2
KA26.000043-002;60;60;1;NULL;NULL;487HAC;APT-1600FD FP-MACHINE2;5_FPT;5_FPT_BASIC;2026-07-02 00:00:00.000;4;2,0333;1,6167;1,5833
KA26.000051-001;30;60;2;NULL;NULL;95981A;8;1_SMT;1_SMTB;2026-03-27 00:00:00.000;1;1,2167;0,8833;0,5167
KA26.000051-001;30;60;2;NULL;NULL;95981A;8;1_SMT;1_SMTA;2026-03-27 00:00:00.000;2;1,4667;0,8;0,5167
KA26.000051-001;30;60;2;NULL;NULL;95981A;2;4_AOI;4_AOI_SIDEB;2026-03-27 00:00:00.000;3;1,25;1,05;1,05
KA26.000051-001;28;56;2;NULL;NULL;95981A;APT-1600FD FP-MACHINE3;5_FPT;5_FPT_BASIC;2026-03-27 00:00:00.000;4;3,3833;2,3167;1,5833
KA26.000075-001;50;100;2;NULL;NULL;11421D;2;4_AOI;4_AOI_SIDEA;2026-04-14 00:00:00.000;1;1,25;1,0333;0,9333
KA26.000075-001;47;95;2;4;25;11421D;3;3_SEL;3_SELA;2026-04-14 00:00:00.000;2;1,5333;0,9167;1,7333
KA26.000075-001;49;98;2;NULL;NULL;11421D;APT-1600FD FP-MACHINE;5_FPT;5_FPT_PREMIUM;2026-04-14 00:00:00.000;3;2,2333;1,8167;1,75
KA26.000077-001;20;200;10;NULL;NULL;016AAA;8;1_SMT;1_SMTA;2026-03-16 00:00:00.000;1;1,5333;0,7833;0,4
KA26.000077-001;20;200;10;NULL;NULL;016AAA;2;4_AOI;4_AOI_SIDEA;2026-03-16 00:00:00.000;2;0,6333;0,3833;0,3667
KA26.000077-001;20;200;10;NULL;NULL;016AAA;APT-1600FD FP-MACHINE3;5_FPT;5_FPT_BASIC;2026-03-16 00:00:00.000;3;1,3167;0,8167;0,8333
KA26.000077-001;20;200;10;NULL;NULL;016AAA;9;6_DEP;6_DEP;2026-03-16 00:00:00.000;4;1,9833;1,5167;1,3
KA26.000103-001;50;100;2;NULL;NULL;266G1B;8;1_SMT;1_SMTA;2026-04-22 00:00:00.000;1;0,8333;0,6333;0,35
KA26.000103-001;50;100;2;NULL;NULL;266G1B;10;2_ODD;2_ODDA;2026-04-22 00:00:00.000;2;3,95;2,85;2,4333
KA26.000103-001;50;100;2;NULL;NULL;266G1B;2;4_AOI;4_AOI_SIDEB;2026-04-22 00:00:00.000;3;1,4667;1,2833;1,3
KA26.000103-001;50;100;2;NULL;NULL;266G1B;APT-1600FD FP-MACHINE3;5_FPT;5_FPT_BASIC;2026-04-22 00:00:00.000;4;1,5167;1,2167;1
KA26.000103-001;50;100;2;NULL;NULL;266G1B;9;6_DEP;6_DEP;2026-04-22 00:00:00.000;5;0,75;0,55;0,5
KA26.000107-001;30;60;2;2;36;006E1B;4;3_SEL;3_SELA;2026-05-07 00:00:00.000;1;3,4;1,7;1,7
KA26.000107-001;30;60;2;NULL;NULL;006E1B;2;4_AOI;4_AOI_SIDEB;2026-05-07 00:00:00.000;2;1,3833;1,0333;1,05
KA26.000107-001;30;60;2;NULL;NULL;006E1B;APT-1600FD FP-MACHINE2;5_FPT;5_FPT_BASIC;2026-05-07 00:00:00.000;3;0,7333;0,4;0,4167
KA26.000107-001;30;60;2;NULL;NULL;006E1B;9;6_DEP;6_DEP;2026-05-07 00:00:00.000;4;0,9333;0,7833;0,6333
KA26.000107-002;25;50;2;NULL;NULL;006EAB;11;4_AOI;4_AOI_SIDEB;2026-05-07 00:00:00.000;1;1,0833;0,9333;0,85
KA26.000107-002;25;50;2;2;25;006EAB;4;3_SEL;3_SELA;2026-05-07 00:00:00.000;2;3,95;2,8;2,8
KA26.000107-002;25;50;2;NULL;NULL;006EAB;APT-1600FD FP-MACHINE2;5_FPT;5_FPT_BASIC;2026-05-07 00:00:00.000;3;1;0,6;0,4167
KA26.000107-002;25;50;2;NULL;NULL;006EAB;9;6_DEP;6_DEP;2026-05-07 00:00:00.000;4;0,75;0,75;0,6333
KA26.000107-003;120;240;2;NULL;NULL;006E1B;8;1_SMT;1_SMTA;2026-05-27 00:00:00.000;1;0,6833;0,5167;0,4
KA26.000107-003;120;240;2;NULL;NULL;006E1B;11;4_AOI;4_AOI_SIDEB;2026-05-27 00:00:00.000;2;1,05;0,85;0,8167
KA26.000107-003;120;240;2;2;121;006E1B;4;3_SEL;3_SELA;2026-05-27 00:00:00.000;3;2,05;1,2333;1,2333
KA26.000107-003;120;240;2;NULL;NULL;006E1B;APT-1600FD FP-MACHINE;5_FPT;5_FPT_BASIC;2026-05-27 00:00:00.000;4;0,7;0,45;0,4167
KA26.000107-003;120;240;2;NULL;NULL;006E1B;9;6_DEP;6_DEP;2026-05-27 00:00:00.000;5;0,7833;0,65;0,6167
KA26.000109-001;100;200;2;NULL;NULL;206JBB;8;1_SMT;1_SMTA;2026-06-30 00:00:00.000;1;1,15;0,85;0,4667
KA26.000109-001;99;199;2;4;71;206JBB;3;3_SEL;3_SELA;2026-06-30 00:00:00.000;2;2,2667;1,6667;3,2167
KA26.000109-001;100;200;2;NULL;NULL;206JBB;2;4_AOI;4_AOI_SIDEB;2026-06-30 00:00:00.000;3;1,2167;1;0,95
KA26.000109-001;97;194;2;NULL;NULL;206JBB;APT-1600FD FP-MACHINE;5_FPT;5_FPT_PREMIUM;2026-06-30 00:00:00.000;4;2,5833;2,1667;1,9167
KA26.000110-002;11;44;4;4;11;54321A;3;3_SEL;3_SELA;2026-06-18 00:00:00.000;3;2,2667;1,4667;1,4667
KA26.000117-002;12;240;20;NULL;NULL;20321B;7;1_SMT;1_SMTA;2026-06-15 00:00:00.000;1;1,8333;1;0,7167
KA26.000117-002;11;220;20;NULL;NULL;20321B;7;1_SMT;1_SMTB;2026-06-15 00:00:00.000;2;1,95;1,0333;0,7167
KA26.000117-002;12;240;20;NULL;NULL;20321B;11;4_AOI;4_AOI_SIDEB;2026-06-15 00:00:00.000;3;1,5833;0,75;0,75
KA26.000117-002;33;660;20;NULL;NULL;20321B;APT-1600FD FP-MACHINE;5_FPT;5_FPT_BASIC;2026-06-15 00:00:00.000;5;1,0833;0,7833;0,3333
KA26.000117-003;13;260;20;NULL;NULL;20321B;7;1_SMT;1_SMTA;2026-06-15 00:00:00.000;1;2,75;1,2;0,5667
KA26.000117-003;15;300;20;NULL;NULL;20321B;11;4_AOI;4_AOI_SIDEB;2026-06-15 00:00:00.000;2;1,1333;0,75;0,75
KA26.000117-003;15;300;20;NULL;NULL;20321B;7;1_SMT;1_SMTB;2026-06-15 00:00:00.000;3;1,05;0,7167;0,5667
KA26.000117-003;51;1020;20;NULL;NULL;20321B;APT-1600FD FP-MACHINE2;5_FPT;5_FPT_BASIC;2026-06-15 00:00:00.000;4;1,2333;0,55;0,25
KA26.000118-001;10;100;10;NULL;NULL;55911A;8;1_SMT;1_SMTA;2026-04-09 00:00:00.000;1;2,7;0,7;0,3833
KA26.000118-001;10;100;10;NULL;NULL;55911A;11;4_AOI;4_AOI_SIDEA;2026-04-09 00:00:00.000;2;1,35;0,85;0,45
KA26.000118-001;10;100;10;NULL;NULL;55911A;APT-1600FD FP-MACHINE2;5_FPT;5_FPT_BASIC;2026-04-09 00:00:00.000;3;1,1833;0,6833;0,5
KA26.000119-001;50;100;2;NULL;NULL;266FAB;8;1_SMT;1_SMTB;2026-04-29 00:00:00.000;1;0,7667;0,5667;0,5667
KA26.000119-001;50;100;2;NULL;NULL;266FAB;8;1_SMT;1_SMTA;2026-04-29 00:00:00.000;2;1,2667;0,6667;0,5667
KA26.000119-001;50;100;2;2;60;266FAB;3;3_SEL;3_SELA;2026-04-29 00:00:00.000;3;2,85;2,1;2,1
KA26.000119-001;50;100;2;NULL;NULL;266FAB;2;4_AOI;4_AOI_SIDEB;2026-04-29 00:00:00.000;4;1,6333;1,45;1,4167
KA26.000119-001;50;100;2;NULL;NULL;266FAB;APT-1600FD FP-MACHINE3;5_FPT;5_FPT_PREMIUM;2026-04-29 00:00:00.000;5;5,7333;5,0333;4,8333
KA26.000119-001;50;100;2;NULL;NULL;266FAB;9;6_DEP;6_DEP;2026-04-29 00:00:00.000;6;1,1333;0,8333;0,6167
KA26.000125-001;25;100;4;NULL;NULL;487A1B;8;1_SMT;1_SMTA;2026-07-10 00:00:00.000;1;1,0167;0,4167;0,4333
KA26.000125-001;25;100;4;NULL;NULL;487A1B;11;4_AOI;4_AOI_SIDEB;2026-07-10 00:00:00.000;2;0,9667;0,8833;0,7667
KA26.000125-001;25;100;4;NULL;NULL;487A1B;APT-1600FD FP-MACHINE;5_FPT;5_FPT_BASIC;2026-07-10 00:00:00.000;3;1,25;0,85;0,75
KA26.000130-001;234;702;3;NULL;NULL;78261A;8;1_SMT;1_SMTA;2026-04-16 00:00:00.000;1;0,6333;0,5;0,3167
KA26.000130-001;234;702;3;9;79;78261A;3;3_SEL;3_SELA;2026-04-16 00:00:00.000;2;1;0,7;2,1
KA26.000130-001;234;702;3;NULL;NULL;78261A;2;4_AOI;4_AOI_SIDEB;2026-04-16 00:00:00.000;3;1,0833;1,0333;1,0333
KA26.000130-001;234;702;3;NULL;NULL;78261A;9;6_DEP;6_DEP;2026-04-16 00:00:00.000;4;0,6;0,5667;0,5167
KA26.000130-001;234;702;3;NULL;NULL;78261A;APT-1600FD FP-MACHINE3;5_FPT;5_FPT_BASIC;2026-04-16 00:00:00.000;5;0,75;0,7;0,6667
KA26.000133-001;25;100;4;NULL;NULL;58641B;8;1_SMT;1_SMTA;2026-04-22 00:00:00.000;1;0,9833;0,3833;0,55
KA26.000133-001;25;100;4;NULL;NULL;58641B;8;1_SMT;1_SMTB;2026-04-22 00:00:00.000;2;1,2833;1,0833;0,55
KA26.000133-001;25;100;4;NULL;NULL;58641B;11;4_AOI;4_AOI_SIDEB;2026-04-22 00:00:00.000;3;1,2;0,75;0,7167
KA26.000133-001;25;100;4;NULL;NULL;58641B;APT-1600FD FP-MACHINE3;5_FPT;5_FPT_BASIC;2026-04-22 00:00:00.000;4;1,2167;0,8167;0,5833
KA26.000147-001;25;150;6;NULL;NULL;78231A;8;1_SMT;1_SMTA;2026-04-20 00:00:00.000;1;1,7833;0,9833;0,9167
KA26.000147-001;24;149;6;6;25;78231A;3;3_SEL;3_SELA;2026-04-20 00:00:00.000;2;3,7667;2,5667;2,55
KA26.000147-001;25;150;6;NULL;NULL;78231A;2;4_AOI;4_AOI_SIDEB;2026-04-20 00:00:00.000;3;1,7333;1,3667;1,3833
KA26.000147-001;24;144;6;NULL;NULL;78231A;9;6_DEP;6_DEP;2026-04-20 00:00:00.000;4;1,3667;1,1667;0,85
KA26.000147-001;25;150;6;NULL;NULL;78231A;APT-1600FD FP-MACHINE3;5_FPT;5_FPT_BASIC;2026-04-20 00:00:00.000;5;3,1167;2,1167;1,9167
KA26.000153-001;150;150;1;NULL;NULL;78041A;2;4_AOI;4_AOI_SIDEB;2026-04-16 00:00:00.000;1;1,1;1;0,9833
KA26.000153-001;150;150;1;NULL;NULL;78041A;APT-1600FD FP-MACHINE3;5_FPT;5_FPT_PREMIUM;2026-04-16 00:00:00.000;2;1,3167;1,05;0,9167
KA26.000154-001;10;60;6;NULL;NULL;62871A;2;4_AOI;4_AOI_SIDEB;2026-06-22 00:00:00.000;1;2,2333;1,7333;1,55
KA26.000154-001;9;59;6;6;12;62871A;3;3_SEL;3_SELA;2026-06-22 00:00:00.000;2;10,3;5,7;5,55
KA26.000154-001;10;60;6;NULL;NULL;62871A;APT-1600FD FP-MACHINE;5_FPT;5_FPT_BASIC;2026-06-22 00:00:00.000;3;2,7167;1,2167;0,9167
KA26.000160-001;125;250;2;NULL;NULL;206S1C;8;1_SMT;1_SMTA;2026-07-21 00:00:00.000;1;0,5167;0,4333;0,3
KA26.000160-001;125;250;2;NULL;NULL;206S1C;2;4_AOI;4_AOI_SIDEB;2026-07-21 00:00:00.000;2;1,1833;0,8667;0,7833
KA26.000160-001;125;250;2;NULL;NULL;206S1C;APT-1600FD FP-MACHINE2;5_FPT;5_FPT_PREMIUM;2026-07-21 00:00:00.000;3;0,7833;0,5833;0,5
KA26.000164-001;14;140;10;NULL;NULL;206P1B;8;1_SMT;1_SMTA;2026-08-11 00:00:00.000;1;1,6167;0,9;0,9167
KA26.000164-001;15;150;10;NULL;NULL;206P1B;2;4_AOI;4_AOI_SIDEB;2026-08-11 00:00:00.000;2;1,5;0,9;0,85
KA26.000164-001;15;150;10;NULL;NULL;206P1B;APT-1600FD FP-MACHINE3;5_FPT;5_FPT_PREMIUM;2026-08-11 00:00:00.000;3;1,7667;1,1;1
KA26.000165-001;250;250;1;NULL;NULL;54511E;8;1_SMT;1_SMTA;2026-04-15 00:00:00.000;1;0,4667;0,35;0,2833
KA26.000165-001;250;250;1;NULL;NULL;54511E;2;4_AOI;4_AOI_SIDEA;2026-04-15 00:00:00.000;2;0,5667;0,4833;0,3833
KA26.000165-001;250;250;1;NULL;NULL;54511E;APT-1600FD FP-MACHINE;5_FPT;5_FPT_BASIC;2026-04-15 00:00:00.000;3;0,45;0,3833;0,3333
KA26.000165-001;226;226;1;NULL;NULL;54511E;9;6_DEP;6_DEP;2026-04-15 00:00:00.000;4;0,5333;0,3833;0,3667
KA26.000165-002;250;250;1;NULL;NULL;54511E;11;4_AOI;4_AOI_SIDEA;2026-05-21 00:00:00.000;1;0,4333;0,3667;0,3
KA26.000165-002;250;250;1;NULL;NULL;54511E;8;1_SMT;1_SMTA;2026-05-21 00:00:00.000;2;0,6333;0,5833;0,5
KA26.000165-002;250;250;1;NULL;NULL;54511E;APT-1600FD FP-MACHINE3;5_FPT;5_FPT_BASIC;2026-05-21 00:00:00.000;3;0,5667;0,4333;0,4
KA26.000165-002;248;248;1;NULL;NULL;54511E;9;6_DEP;6_DEP;2026-05-21 00:00:00.000;4;0,5667;0,3833;0,35
KA26.000165-003;250;250;1;NULL;NULL;54511E;2;4_AOI;4_AOI_SIDEA;2026-04-23 00:00:00.000;1;0,5;0,4167;0,3833
KA26.000165-003;250;250;1;NULL;NULL;54511E;8;1_SMT;1_SMTA;2026-04-23 00:00:00.000;2;0,3667;0,3667;0,2667
KA26.000165-003;250;250;1;NULL;NULL;54511E;APT-1600FD FP-MACHINE3;5_FPT;5_FPT_BASIC;2026-04-23 00:00:00.000;3;0,6;0,55;0,4
KA26.000165-003;249;249;1;NULL;NULL;54511E;9;6_DEP;6_DEP;2026-04-23 00:00:00.000;4;0,5333;0,3833;0,3667
KA26.000165-004;250;250;1;NULL;NULL;54511E;11;4_AOI;4_AOI_SIDEA;2026-05-21 00:00:00.000;1;0,4833;0,4;0,3667
KA26.000165-004;250;250;1;NULL;NULL;54511E;8;1_SMT;1_SMTA;2026-05-21 00:00:00.000;2;0,6667;0,6167;0,5
KA26.000165-004;250;250;1;NULL;NULL;54511E;APT-1600FD FP-MACHINE3;5_FPT;5_FPT_BASIC;2026-05-21 00:00:00.000;3;0,4167;0,4167;0,4167
KA26.000165-004;250;250;1;NULL;NULL;54511E;9;6_DEP;6_DEP;2026-05-21 00:00:00.000;4;0,45;0,35;0,35
KA26.000165-005;200;200;1;NULL;NULL;54511E;8;1_SMT;1_SMTA;2026-04-16 00:00:00.000;1;0,4833;0,3833;0,3667
KA26.000165-005;200;200;1;NULL;NULL;54511E;2;4_AOI;4_AOI_SIDEA;2026-04-16 00:00:00.000;2;0,5;0,4;0,3667
KA26.000165-005;199;199;1;NULL;NULL;54511E;APT-1600FD FP-MACHINE2;5_FPT;5_FPT_BASIC;2026-04-16 00:00:00.000;3;0,6333;0,4667;0,3333
KA26.000165-005;199;199;1;NULL;NULL;54511E;9;6_DEP;6_DEP;2026-04-16 00:00:00.000;4;0,5667;0,4167;0,3667
KA26.000168-001;34;102;3;NULL;NULL;782F1A;8;1_SMT;1_SMTA;2026-06-08 00:00:00.000;1;0,9667;0,8167;0,35
KA26.000168-001;34;102;3;6;20;782F1A;3;3_SEL;3_SELA;2026-06-08 00:00:00.000;2;1,2833;1;1,9
KA26.000168-001;34;102;3;NULL;NULL;782F1A;2;4_AOI;4_AOI_SIDEB;2026-06-08 00:00:00.000;3;1,0333;0,9333;0,85
KA26.000168-001;34;102;3;NULL;NULL;782F1A;APT-1600FD FP-MACHINE3;5_FPT;5_FPT_PREMIUM;2026-06-08 00:00:00.000;4;2,5833;1,85;1,5833
KA26.000168-001;34;102;3;NULL;NULL;782F1A;9;6_DEP;6_DEP;2026-06-08 00:00:00.000;5;0,9333;0,65;0,5167
KA26.000169-001;34;102;3;NULL;NULL;782G1A;8;1_SMT;1_SMTA;2026-06-03 00:00:00.000;1;0,7;0,7;0,3167
KA26.000169-001;34;102;3;6;17;782G1A;3;3_SEL;3_SELA;2026-06-03 00:00:00.000;2;1;0,65;1,3167
KA26.000169-001;34;102;3;NULL;NULL;782G1A;APT-1600FD FP-MACHINE;5_FPT;5_FPT_PREMIUM;2026-06-03 00:00:00.000;3;0,6333;0,4833;0,3333
KA26.000169-001;34;102;3;NULL;NULL;782G1A;11;4_AOI;4_AOI_SIDEB;2026-06-03 00:00:00.000;4;0,9833;0,8833;0,7333
KA26.000169-001;34;102;3;NULL;NULL;782G1A;9;6_DEP;6_DEP;2026-06-03 00:00:00.000;5;0,75;0,6;0,5167
KA26.000170-001;10;100;10;NULL;NULL;281V1A;8;1_SMT;1_SMTB;2026-07-07 00:00:00.000;1;1,3667;0,8667;0,8833
KA26.000170-001;10;100;10;NULL;NULL;281V1A;2;4_AOI;4_AOI_SIDEB;2026-07-07 00:00:00.000;2;0,9833;0,4667;0,4
KA26.000178-001;13;3250;250;NULL;NULL;26651A;11;4_AOI;4_AOI_SIDEB;2026-08-04 00:00:00.000;1;1,3667;0,9833;0,9833
KA26.000178-001;13;3250;250;NULL;NULL;26651A;APT-1600FD FP-MACHINE;5_FPT;5_FPT_PREMIUM;2026-08-04 00:00:00.000;2;3,9333;3,55;3,5833
KA26.000179-001;20;100;5;NULL;NULL;11561A;7;1_SMT;1_SMTA;2026-04-09 00:00:00.000;1;1,15;0,65;0,2667
KA26.000179-001;20;100;5;NULL;NULL;11561A;11;4_AOI;4_AOI_SIDEA;2026-04-09 00:00:00.000;2;0,9;0,3333;0,2833
KA26.000179-001;20;100;5;NULL;NULL;11561A;APT-1600FD FP-MACHINE;5_FPT;5_FPT_PREMIUM;2026-04-09 00:00:00.000;3;0,8167;0,5667;0,3333
KA26.000186-001;10;60;6;NULL;NULL;14621D;8;1_SMT;1_SMTB;2026-06-08 00:00:00.000;1;3,25;1,4333;1,4833
KA26.000186-001;11;66;6;NULL;NULL;14621D;8;1_SMT;1_SMTA;2026-06-08 00:00:00.000;2;2,3833;1,1333;1,4833
KA26.000186-001;10;60;6;NULL;NULL;14621D;11;4_AOI;4_AOI_SIDEB;2026-06-08 00:00:00.000;3;1,2833;0,7833;0,7833
KA26.000186-001;10;60;6;NULL;NULL;14621D;APT-1600FD FP-MACHINE3;5_FPT;5_FPT_PREMIUM;2026-06-08 00:00:00.000;4;6,3667;5,3667;5,5
KA26.000186-002;57;342;6;NULL;NULL;14621D;8;1_SMT;1_SMTA;2026-08-17 00:00:00.000;1;1,1;0,8333;0,4833
KA26.000186-002;57;342;6;NULL;NULL;14621D;8;1_SMT;1_SMTB;2026-08-17 00:00:00.000;2;1,3667;0,85;0,4833
KA26.000186-002;57;342;6;NULL;NULL;14621D;11;4_AOI;4_AOI_SIDEB;2026-08-17 00:00:00.000;3;1,1167;0,8833;0,8167
KA26.000186-002;56;336;6;NULL;NULL;14621D;APT-1600FD FP-MACHINE2;5_FPT;5_FPT_BASIC;2026-08-17 00:00:00.000;4;2,4333;1,3667;1,25
KA26.000192-001;199;398;2;NULL;NULL;266G1B;8;1_SMT;1_SMTA;2026-06-17 00:00:00.000;1;0,65;0,55;0,3833
KA26.000192-001;199;398;2;NULL;NULL;266G1B;10;2_ODD;2_ODDA;2026-06-17 00:00:00.000;2;2,9;2,5667;2,3833
KA26.000192-001;81;162;2;NULL;NULL;266G1B;2;4_AOI;4_AOI_SIDEB;2026-06-17 00:00:00.000;4;1,25;1,15;1,1667
KA26.000192-001;118;236;2;NULL;NULL;266G1B;11;4_AOI;4_AOI_SIDEB;2026-06-17 00:00:00.000;5;1,3667;1,1333;1,1
KA26.000192-001;198;396;2;NULL;NULL;266G1B;APT-1600FD FP-MACHINE;5_FPT;5_FPT_BASIC;2026-06-17 00:00:00.000;6;1,15;0,9833;0,9167
KA26.000192-001;198;396;2;NULL;NULL;266G1B;9;6_DEP;6_DEP;2026-06-17 00:00:00.000;7;0,5833;0,5167;0,4833
KA26.000205-001;60;300;5;NULL;NULL;12881B;8;1_SMT;1_SMTA;2026-05-26 00:00:00.000;1;1,8833;0,9833;0,8667
KA26.000205-001;61;305;5;NULL;NULL;12881B;11;4_AOI;4_AOI_SMT;2026-05-26 00:00:00.000;2;0,6667;0,5167;0,4833
KA26.000205-001;61;305;5;NULL;NULL;12881B;10;2_ODD;2_ODDA;2026-05-26 00:00:00.000;3;7,55;6,7333;6,7667
KA26.000205-001;60;304;5;10;37;12881B;3;3_SEL;3_SELA;2026-05-26 00:00:00.000;4;3,0167;2,1667;4,2833
KA26.000205-001;61;305;5;NULL;NULL;12881B;2;4_AOI;4_AOI_THT;2026-05-26 00:00:00.000;5;1,8667;1,7;1,55
KA26.000205-001;61;305;5;NULL;NULL;12881B;APT-1600FD FP-MACHINE;5_FPT;5_FPT_BASIC;2026-05-26 00:00:00.000;6;3,4167;2,75;2,4167
KA26.000205-001;58;290;5;NULL;NULL;12881B;9;6_DEP;6_DEP;2026-05-26 00:00:00.000;7;1,3;0,8833;0,8
KA26.000206-001;25;50;2;NULL;NULL;55731B;2;4_AOI;4_AOI_SIDEA;2026-05-08 00:00:00.000;1;0,8167;0,5;0,4167
KA26.000206-002;25;50;2;NULL;NULL;55741B;2;4_AOI;4_AOI_SIDEA;2026-05-08 00:00:00.000;1;0,7667;0,4167;0,4167
KA26.000212-001;15;60;4;NULL;NULL;125B1A;8;1_SMT;1_SMTB;2026-05-21 00:00:00.000;1;1,1167;0,45;0,45
KA26.000212-001;15;60;4;NULL;NULL;125B1A;8;1_SMT;1_SMTA;2026-05-21 00:00:00.000;2;1;0,3333;0,45
KA26.000212-001;14;59;4;4;15;125B1A;3;3_SEL;3_SELA;2026-05-21 00:00:00.000;3;2,5833;1,6833;1,65
KA26.000212-001;15;60;4;NULL;NULL;125B1A;11;4_AOI;4_AOI_SIDEA;2026-05-21 00:00:00.000;4;1,35;0,9833;0,9167
KA26.000212-001;14;59;4;4;15;125B1A;3;3_SEL;3_SELB;2026-05-21 00:00:00.000;5;1,7833;1,6667;1,65
KA26.000212-001;15;60;4;NULL;NULL;125B1A;APT-1600FD FP-MACHINE3;5_FPT;5_FPT_PREMIUM;2026-05-21 00:00:00.000;6;2,3333;1,6667;1,45
KA26.000217-002;13;52;4;NULL;NULL;62821A;8;1_SMT;1_SMTA;2026-06-01 00:00:00.000;1;2,1167;0,95;0,4167
KA26.000217-002;13;52;4;NULL;NULL;62821A;11;4_AOI;4_AOI_SIDEB;2026-06-01 00:00:00.000;3;1,9667;1,2;0,8
KA26.000217-002;13;52;4;NULL;NULL;62821A;APT-1600FD FP-MACHINE;5_FPT;5_FPT_PREMIUM;2026-06-01 00:00:00.000;4;2,15;1,7667;1,6667
KA26.000227-001;20;100;5;NULL;NULL;691A1A;7;1_SMT;1_SMTA;2026-06-03 00:00:00.000;1;0,9;0,4;0,3667
KA26.000229-002;13;52;4;NULL;NULL;62841A;8;1_SMT;1_SMTA;2026-06-08 00:00:00.000;1;1,3667;0,9833;0,65
KA26.000229-002;13;52;4;4;20;62841A;4;3_SEL;3_SELA;2026-06-08 00:00:00.000;2;2,8333;1,7667;1,7667
KA26.000229-002;13;52;4;NULL;NULL;62841A;11;4_AOI;4_AOI_SIDEB;2026-06-08 00:00:00.000;3;1,7167;0,8333;0,8
KA26.000229-002;13;52;4;NULL;NULL;62841A;APT-1600FD FP-MACHINE2;5_FPT;5_FPT_PREMIUM;2026-06-08 00:00:00.000;4;2,6;1,8333;1,0833
KA26.000235-001;100;200;2;NULL;NULL;266FAB;8;1_SMT;1_SMTB;2026-07-24 00:00:00.000;1;0,7333;0,5833;0,55
KA26.000235-001;100;200;2;NULL;NULL;266FAB;8;1_SMT;1_SMTA;2026-07-24 00:00:00.000;2;1,1333;0,8833;0,55
KA26.000235-001;100;200;2;NULL;NULL;266FAB;2;4_AOI;4_AOI_SIDEB;2026-07-24 00:00:00.000;3;1,8;1,3167;1,3333
KA26.000235-001;100;200;2;NULL;NULL;266FAB;APT-1600FD FP-MACHINE2;5_FPT;5_FPT_PREMIUM;2026-07-24 00:00:00.000;4;5,6;4,95;4,85
KA26.000235-001;100;200;2;NULL;NULL;266FAB;9;6_DEP;6_DEP;2026-07-24 00:00:00.000;5;0,8333;0,65;0,5833
KA26.000236-001;50;50;1;NULL;NULL;07461A;11;4_AOI;4_AOI_SIDEA;2026-06-05 00:00:00.000;2;1;0,8333;0,7167
KA26.000237-001;50;50;1;NULL;NULL;07451A;10;2_ODD;2_ODDA;2026-06-03 00:00:00.000;1;2,8;2,6;2,55
KA26.000237-001;50;50;1;NULL;NULL;07451A;2;4_AOI;4_AOI_SIDEA;2026-06-03 00:00:00.000;3;1,1;0,9333;0,9333
KA26.000237-001;50;50;1;NULL;NULL;07451A;APT-1600FD FP-MACHINE2;5_FPT;5_FPT_BASIC;2026-06-03 00:00:00.000;4;0,4;0,3;0,25
KA26.000237-001;50;50;1;NULL;NULL;07451A;9;6_DEP;6_DEP;2026-06-03 00:00:00.000;5;0,6167;0,3167;0,3
KA26.000244-002;70;280;4;NULL;NULL;56421A;8;1_SMT;1_SMTB;2026-07-22 00:00:00.000;1;0,8167;0,6;0,4667
KA26.000244-002;70;280;4;NULL;NULL;56421A;8;1_SMT;1_SMTA;2026-07-22 00:00:00.000;2;1,3667;0,9333;0,4667
KA26.000244-002;70;280;4;NULL;NULL;56421A;2;4_AOI;4_AOI_SIDEB;2026-07-22 00:00:00.000;3;1,15;1,0167;1,0167
KA26.000244-002;69;276;4;NULL;NULL;56421A;APT-1600FD FP-MACHINE;5_FPT;5_FPT_PREMIUM;2026-07-22 00:00:00.000;4;2,9667;2,9;2,9167
KA26.000244-002;70;280;4;NULL;NULL;56421A;9;6_DEP;6_DEP;2026-07-22 00:00:00.000;5;1,0833;0,7333;0,65
KA26.000256-003;25;50;2;NULL;NULL;05631B;8;1_SMT;1_SMTA;2026-06-22 00:00:00.000;1;1,4167;0,6167;0,4667
KA26.000256-003;25;50;2;NULL;NULL;05631B;2;4_AOI;4_AOI_SIDEB;2026-06-22 00:00:00.000;3;0,9167;0,9167;0,8
KA26.000256-004;25;50;2;NULL;NULL;05611B;8;1_SMT;1_SMTA;2026-06-16 00:00:00.000;1;0,7167;0,3167;0,3167
KA26.000256-004;25;50;2;NULL;NULL;05611B;11;4_AOI;4_AOI_SMT;2026-06-16 00:00:00.000;2;0,6167;0,3333;0,3333
KA26.000256-004;25;50;2;NULL;NULL;05611B;2;4_AOI;4_AOI_SIDEB;2026-06-16 00:00:00.000;4;1,3;1,1167;0,75
KA26.000256-004;24;49;2;4;13;05611B;3;3_SEL;3_SELB;2026-06-16 00:00:00.000;5;0,9333;0,9333;1,7667
KA26.000259-001;25;50;2;NULL;NULL;2066AC;8;1_SMT;1_SMTB;2026-07-09 00:00:00.000;1;0,8667;0,4667;0,3833
KA26.000259-001;25;50;2;NULL;NULL;2066AC;8;1_SMT;1_SMTA;2026-07-09 00:00:00.000;2;0,5667;0,5667;0,3833
KA26.000259-001;25;50;2;NULL;NULL;2066AC;11;4_AOI;4_AOI_SIDEB;2026-07-09 00:00:00.000;3;1,4167;1,05;0,9167
KA26.000259-001;25;50;2;NULL;NULL;2066AC;APT-1600FD FP-MACHINE2;5_FPT;5_FPT_PREMIUM;2026-07-09 00:00:00.000;4;3;2,2;2,1833
KA26.000259-001;25;50;2;NULL;NULL;2066AC;9;6_DEP;6_DEP;2026-07-09 00:00:00.000;5;0,9833;0,5833;0,5
KA26.000262-001;31;620;20;NULL;NULL;09231B;2;4_AOI;4_AOI_SIDEA;2026-06-24 00:00:00.000;2;1,1;0,95;0,8
KA26.000262-002;29;580;20;NULL;NULL;09231B;2;4_AOI;4_AOI_SIDEA;2026-06-23 00:00:00.000;2;1,4;0,9333;0,8
KA26.000263-001;60;600;10;NULL;NULL;09221B;10;2_ODD;2_ODDA;2026-06-25 00:00:00.000;1;3,6667;3,1667;2,6167
KA26.000263-001;59;599;10;30;21;09221B;3;3_SEL;3_SELA;2026-06-25 00:00:00.000;2;1,1667;0,9833;2,8833
KA26.000263-001;60;600;10;NULL;NULL;09221B;2;4_AOI;4_AOI_SIDEB;2026-06-25 00:00:00.000;3;0,8667;0,7833;0,8
KA26.000263-002;31;310;10;NULL;NULL;09221B;10;2_ODD;2_ODDA;2026-06-25 00:00:00.000;1;3,9167;3,2833;2,6
KA26.000263-002;59;599;10;30;22;09221B;3;3_SEL;3_SELA;2026-06-25 00:00:00.000;2;1,65;1,4167;4,0333
KA26.000263-002;60;600;10;NULL;NULL;09221B;2;4_AOI;4_AOI_SIDEB;2026-06-25 00:00:00.000;3;0,95;0,8833;0,8
KA26.000265-003;25;50;2;NULL;NULL;05631B;8;1_SMT;1_SMTA;2026-06-22 00:00:00.000;1;0,9333;0,7333;0,4167
KA26.000265-003;25;50;2;NULL;NULL;05631B;2;4_AOI;4_AOI_SIDEB;2026-06-22 00:00:00.000;2;1,4;0,9167;0,8
KA26.000265-003;25;50;2;NULL;NULL;05631B;APT-1600FD FP-MACHINE2;5_FPT;5_FPT_PREMIUM;2026-06-22 00:00:00.000;4;1,6333;1,4333;1,4167
KA26.000265-004;25;50;2;NULL;NULL;05611B;11;4_AOI;4_AOI_SMT;2026-06-16 00:00:00.000;1;0,8167;0,35;0,3667
KA26.000265-004;25;50;2;NULL;NULL;05611B;8;1_SMT;1_SMTA;2026-06-16 00:00:00.000;2;0,8167;0,6167;0,3167
KA26.000265-004;25;50;2;NULL;NULL;05611B;2;4_AOI;4_AOI_SIDEB;2026-06-16 00:00:00.000;4;0,8667;0,8667;0,75
KA26.000265-004;25;50;2;4;13;05611B;3;3_SEL;3_SELB;2026-06-16 00:00:00.000;5;0,9167;0,9167;1,7667
KA26.000265-004;25;50;2;NULL;NULL;05611B;APT-1600FD FP-MACHINE;5_FPT;5_FPT_PREMIUM;2026-06-16 00:00:00.000;6;1,05;0,85;0,5
KA26.000265-005;26;52;2;NULL;NULL;05641C;8;1_SMT;1_SMTA;2026-06-23 00:00:00.000;1;0,9833;0,7833;0,2833
KA26.000265-005;26;52;2;NULL;NULL;05641C;2;4_AOI;4_AOI_SIDEB;2026-06-23 00:00:00.000;3;1,2833;1,1;0,8
KA26.000265-005;26;52;2;6;14;05641C;3;3_SEL;3_SELA;2026-06-23 00:00:00.000;4;2,0333;1,45;3,0333
KA26.000265-005;26;52;2;NULL;NULL;05641C;APT-1600FD FP-MACHINE;5_FPT;5_FPT_PREMIUM;2026-06-23 00:00:00.000;6;1,1167;0,7333;0,5833
KA26.000270-001;100;200;2;NULL;NULL;266H1A;8;1_SMT;1_SMTA;2026-08-03 00:00:00.000;1;0,7167;0,6167;0,4
KA26.000270-001;100;200;2;NULL;NULL;266H1A;2;4_AOI;4_AOI_SIDEB;2026-08-03 00:00:00.000;2;1,5167;1,2667;1,0167
KA26.000270-001;100;200;2;NULL;NULL;266H1A;APT-1600FD FP-MACHINE3;5_FPT;5_FPT_BASIC;2026-08-03 00:00:00.000;3;1,1333;1,0333;0,9167
KA26.000270-001;100;200;2;NULL;NULL;266H1A;9;6_DEP;6_DEP;2026-08-03 00:00:00.000;4;0,7667;0,6167;0,6167
KA26.000277-001;50;100;2;NULL;NULL;11421D;8;1_SMT;1_SMTA;2026-07-10 00:00:00.000;1;1,0333;0,6333;0,5
KA26.000277-001;50;100;2;NULL;NULL;11421D;2;4_AOI;4_AOI_SIDEA;2026-07-10 00:00:00.000;2;1,05;0,8;0,8
KA26.000277-001;49;98;2;NULL;NULL;11421D;APT-1600FD FP-MACHINE3;5_FPT;5_FPT_PREMIUM;2026-07-10 00:00:00.000;3;2,3667;2,05;1,8333
KA26.000277-001;49;98;2;NULL;NULL;11421D;9;6_DEP;6_DEP;2026-07-10 00:00:00.000;4;1;0,5833;0,45
KA26.000278-001;34;102;3;NULL;NULL;10011G;8;1_SMT;1_SMTB;2026-08-14 00:00:00.000;1;1,7833;0,9;1,1333
KA26.000278-001;34;102;3;NULL;NULL;10011G;8;1_SMT;1_SMTA;2026-08-14 00:00:00.000;2;2,6;2,0167;1,1333
KA26.000278-001;34;102;3;NULL;NULL;10011G;2;4_AOI;4_AOI_SIDEB;2026-08-14 00:00:00.000;3;2,4833;1,9333;1,6833
KA26.000279-001;16;80;5;NULL;NULL;550H1B;11;4_AOI;4_AOI_SIDEA;2026-05-26 00:00:00.000;1;0,9333;0,5833;0,55
KA26.000283-001;50;250;5;NULL;NULL;1288AB;8;1_SMT;1_SMTA;2026-06-10 00:00:00.000;1;1,15;0,95;0,8333
KA26.000283-001;50;250;5;NULL;NULL;1288AB;2;4_AOI;4_AOI_SMT;2026-06-10 00:00:00.000;2;0,75;0,5167;0,4667
KA26.000283-001;50;250;5;NULL;NULL;1288AB;10;2_ODD;2_ODDA;2026-06-10 00:00:00.000;3;5,4;4,2;4,0167
KA26.000283-001;32;162;5;10;25;1288AB;3;3_SEL;3_SELA;2026-06-10 00:00:00.000;4;5,0833;3,85;5,0667
KA26.000283-001;50;250;5;NULL;NULL;1288AB;2;4_AOI;4_AOI_THT;2026-06-10 00:00:00.000;5;1,5333;1,4333;0,4667
KA26.000283-001;19;95;5;NULL;NULL;1288AB;APT-1600FD FP-MACHINE3;5_FPT;5_FPT_BASIC;2026-06-10 00:00:00.000;6;2,8333;2,3;2,25
KA26.000283-001;50;250;5;NULL;NULL;1288AB;9;6_DEP;6_DEP;2026-06-10 00:00:00.000;7;1,1167;0,8167;0,7333
KA26.000283-001;31;155;5;NULL;NULL;1288AB;APT-1600FD FP-MACHINE2;5_FPT;5_FPT_BASIC;2026-06-10 00:00:00.000;8;2,35;2,2;2,0833
KA26.000288-001;10;50;5;NULL;NULL;913A1B;8;1_SMT;1_SMTA;2026-08-03 00:00:00.000;1;1,8167;1,3167;1,2667
KA26.000288-001;10;50;5;NULL;NULL;913A1B;2;4_AOI;4_AOI_SIDEA;2026-08-03 00:00:00.000;2;1,2833;0,7833;0,8
KA26.000288-001;10;50;5;NULL;NULL;913A1B;APT-1600FD FP-MACHINE2;5_FPT;5_FPT_PREMIUM;2026-08-03 00:00:00.000;3;10,15;9,15;9,0167
KA26.000288-001;10;50;5;NULL;NULL;913A1B;9;6_DEP;6_DEP;2026-08-03 00:00:00.000;4;2,0167;1,0167;1,0167
KA26.000300-001;330;660;2;NULL;NULL;780P1A;8;1_SMT;1_SMTA;2026-07-20 00:00:00.000;1;0,5167;0,4;0,3
KA26.000300-001;220;440;2;NULL;NULL;780P1A;2;4_AOI;4_AOI_SIDEB;2026-07-20 00:00:00.000;2;1,05;0,9167;0,9
KA26.000300-001;180;360;2;NULL;NULL;780P1A;11;4_AOI;4_AOI_SIDEB;2026-07-20 00:00:00.000;3;1,1333;0,8333;0,8
KA26.000300-001;400;800;2;NULL;NULL;780P1A;APT-1600FD FP-MACHINE;5_FPT;5_FPT_BASIC;2026-07-20 00:00:00.000;4;0,7333;0,55;0,5833
KA26.000300-001;377;754;2;NULL;NULL;780P1A;9;6_DEP;6_DEP;2026-07-20 00:00:00.000;5;0,5167;0,4667;0,3833
KA26.000306-001;250;250;1;NULL;NULL;54511E;8;1_SMT;1_SMTA;2026-07-31 00:00:00.000;1;0,4667;0,3833;0,3
KA26.000306-001;250;250;1;NULL;NULL;54511E;2;4_AOI;4_AOI_SIDEA;2026-07-31 00:00:00.000;2;0,45;0,4;0,3667
KA26.000306-001;245;245;1;NULL;NULL;54511E;APT-1600FD FP-MACHINE;5_FPT;5_FPT_BASIC;2026-07-31 00:00:00.000;3;0,4333;0,3667;0,3333
KA26.000306-001;244;244;1;NULL;NULL;54511E;9;6_DEP;6_DEP;2026-07-31 00:00:00.000;4;0,55;0,3667;0,35
KA26.000306-002;250;250;1;NULL;NULL;54511E;8;1_SMT;1_SMTA;2026-08-03 00:00:00.000;1;0,4167;0,3333;0,3
KA26.000306-002;250;250;1;NULL;NULL;54511E;11;4_AOI;4_AOI_SIDEA;2026-08-03 00:00:00.000;2;0,5;0,35;0,3167
KA26.000306-002;247;247;1;NULL;NULL;54511E;APT-1600FD FP-MACHINE;5_FPT;5_FPT_BASIC;2026-08-03 00:00:00.000;3;0,45;0,35;0,3333
KA26.000329-001;12;60;5;NULL;NULL;122X1B;8;1_SMT;1_SMTB;2026-07-13 00:00:00.000;1;1,3333;0,9167;0,35
KA26.000329-001;12;60;5;NULL;NULL;122X1B;8;1_SMT;1_SMTA;2026-07-13 00:00:00.000;2;1,1333;0,7167;0,35
KA26.000329-001;12;60;5;NULL;NULL;122X1B;2;4_AOI;4_AOI_SIDEB;2026-07-13 00:00:00.000;3;1,3167;0,9;0,9
KA26.000329-001;12;60;5;NULL;NULL;122X1B;APT-1600FD FP-MACHINE2;5_FPT;5_FPT_PREMIUM;2026-07-13 00:00:00.000;4;1,6333;1,2167;1,0333
KA26.000351-002;50;3000;60;NULL;NULL;0069CF;7;1_SMT;1_SMTA;2026-07-28 00:00:00.000;1;2,6167;1,7167;1,5
KA26.000351-002;50;3000;60;NULL;NULL;0069CF;2;4_AOI;4_AOI_SIDEA;2026-07-28 00:00:00.000;2;1,1;0,8;0,65
KA26.000351-002;50;3000;60;NULL;NULL;0069CF;APT-1600FD FP-MACHINE3;5_FPT;5_FPT_PREMIUM;2026-07-28 00:00:00.000;3;4,4833;4,3833;4,35
KA26.000357-001;14;70;5;NULL;NULL;122OAC;8;1_SMT;1_SMTA;2026-08-12 00:00:00.000;1;1,1833;0,4667;0,3667
KA26.000357-001;14;70;5;NULL;NULL;122OAC;2;4_AOI;4_AOI_SIDEB;2026-08-12 00:00:00.000;2;1,4833;1,1667;0,9167
KA26.000357-001;14;70;5;NULL;NULL;122OAC;APT-1600FD FP-MACHINE;5_FPT;5_FPT_PREMIUM;2026-08-12 00:00:00.000;3;4,9667;2,8167;2,8333
KA26.000357-001;14;70;5;NULL;NULL;122OAC;9;6_DEP;6_DEP;2026-08-12 00:00:00.000;4;1,35;0,9833;0,9833
KA26.000357-002;14;70;5;NULL;NULL;122ODC;8;1_SMT;1_SMTB;2026-08-14 00:00:00.000;1;1,4667;0,8;0,5667
KA26.000357-002;14;70;5;NULL;NULL;122ODC;8;1_SMT;1_SMTA;2026-08-14 00:00:00.000;2;2,0833;1;0,5667
KA26.000357-002;14;70;5;NULL;NULL;122ODC;2;4_AOI;4_AOI_SIDEB;2026-08-14 00:00:00.000;3;1,7833;0,9;0,9167
KA26.000357-002;14;70;5;NULL;NULL;122ODC;APT-1600FD FP-MACHINE2;5_FPT;5_FPT_PREMIUM;2026-08-14 00:00:00.000;4;2,15;1,4333;1,4167
KA26.000357-002;14;70;5;NULL;NULL;122ODC;9;6_DEP;6_DEP;2026-08-14 00:00:00.000;5;1,8833;1;0,6833
KA26.000357-003;26;130;5;NULL;NULL;122OBC;8;1_SMT;1_SMTB;2026-08-12 00:00:00.000;1;1,1333;0,7333;0,5333
KA26.000357-003;26;130;5;NULL;NULL;122OBC;8;1_SMT;1_SMTA;2026-08-12 00:00:00.000;2;0,8833;0,4833;0,5333
KA26.000357-003;26;130;5;NULL;NULL;122OBC;2;4_AOI;4_AOI_SIDEB;2026-08-12 00:00:00.000;3;1,25;0,9333;0,9167
KA26.000357-003;26;130;5;NULL;NULL;122OBC;APT-1600FD FP-MACHINE;5_FPT;5_FPT_PREMIUM;2026-08-12 00:00:00.000;4;2,8;2,2333;1,75
KA26.000357-003;26;130;5;NULL;NULL;122OBC;9;6_DEP;6_DEP;2026-08-12 00:00:00.000;5;1,1833;0,8;0,6833
KA26.000358-001;25;50;2;NULL;NULL;074L1A;8;1_SMT;1_SMTA;2026-08-11 00:00:00.000;1;1,3333;0,9333;0,5
KA26.000358-001;10;50;5;NULL;NULL;122OCC;2;4_AOI;4_AOI_SIDEB;2026-08-11 00:00:00.000;2;1,4333;0,9333;1,1
KA26.000358-001;25;50;2;NULL;NULL;074L1A;2;4_AOI;4_AOI_SIDEB;2026-08-11 00:00:00.000;3;1,5;1,1;1,1
KA26.000358-001;10;50;5;NULL;NULL;122OCC;8;1_SMT;1_SMTA;2026-08-11 00:00:00.000;4;1,1333;0,6333;0,5
KA26.000358-001;10;50;5;NULL;NULL;122OCC;APT-1600FD FP-MACHINE3;5_FPT;5_FPT_PREMIUM;2026-08-11 00:00:00.000;5;4,5167;3,5167;3,5333
KA26.000358-001;10;50;5;NULL;NULL;122OCC;9;6_DEP;6_DEP;2026-08-11 00:00:00.000;6;1,2;0,7;0,6833
KA26.000358-001;25;50;2;NULL;NULL;074L1A;APT-1600FD FP-MACHINE2;5_FPT;5_FPT_BASIC;2026-08-11 00:00:00.000;7;1,25;0,85;0,6667
KA26.000400-002;30;90;3;NULL;NULL;794DBD;8;1_SMT;1_SMTA;2026-07-21 00:00:00.000;1;1,4833;0,9833;0,5167
KA26.000400-002;30;90;3;NULL;NULL;794DBD;8;1_SMT;1_SMTB;2026-07-21 00:00:00.000;2;0,9833;0,65;0,5167
KA26.000400-002;30;90;3;NULL;NULL;794DBD;11;4_AOI;4_AOI_SIDEB;2026-07-21 00:00:00.000;3;1,7;1,2167;1,2
KA26.000400-002;30;90;3;NULL;NULL;794DBD;APT-1600FD FP-MACHINE3;5_FPT;5_FPT_BASIC;2026-07-21 00:00:00.000;4;2,3333;2;1,75
KA26.000400-003;90;90;1;NULL;NULL;794B17;8;1_SMT;1_SMTB;2026-07-27 00:00:00.000;1;1,2;0,9333;0,9333
KA26.000400-003;90;90;1;NULL;NULL;794B17;8;1_SMT;1_SMTA;2026-07-27 00:00:00.000;2;1,4;1,0667;0,9333
KA26.000400-003;90;90;1;NULL;NULL;794B17;11;4_AOI;4_AOI_SIDEA;2026-07-27 00:00:00.000;3;1,75;1,45;1,3167
KA26.000400-003;90;90;1;NULL;NULL;794B17;APT-1600FD FP-MACHINE3;5_FPT;5_FPT_BASIC;2026-07-27 00:00:00.000;4;4,2333;3,0667;2,5833
KA26.000400-004;30;90;3;NULL;NULL;794CRD;8;1_SMT;1_SMTA;2026-07-21 00:00:00.000;1;1,3167;0,9833;0,8833
KA26.000400-004;30;90;3;NULL;NULL;794CRD;8;1_SMT;1_SMTB;2026-07-21 00:00:00.000;2;1,1667;1;0,8833
KA26.000400-004;30;90;3;NULL;NULL;794CRD;2;4_AOI;4_AOI_SIDEB;2026-07-21 00:00:00.000;3;1,7167;1,3833;1,3333
KA26.000400-004;22;66;3;NULL;NULL;794CRD;APT-1600FD FP-MACHINE;5_FPT;5_FPT_BASIC;2026-07-21 00:00:00.000;4;3,2167;2,3;2,0833
KA26.000407-001;12;240;20;NULL;NULL;115Z1A;8;1_SMT;1_SMTA;2026-08-17 00:00:00.000;1;1,65;0,8167;1
KA26.000407-001;15;300;20;NULL;NULL;115Z1A;11;4_AOI;4_AOI_SIDEA;2026-08-17 00:00:00.000;2;0,9167;0,6333;0,3833
KA26.000407-001;15;300;20;NULL;NULL;115Z1A;APT-1600FD FP-MACHINE2;5_FPT;5_FPT_BASIC;2026-08-17 00:00:00.000;3;1,7333;1,0667;1,1
KA26.000407-002;10;200;20;NULL;NULL;115ZAA;11;4_AOI;4_AOI_SIDEA;2026-08-17 00:00:00.000;2;1;0,6667;0,3667
KA26.000407-002;10;200;20;NULL;NULL;115ZAA;APT-1600FD FP-MACHINE2;5_FPT;5_FPT_BASIC;2026-08-17 00:00:00.000;3;2,1;1,1;0,9333
KA26.000561-001;38;76;2;NULL;NULL;00671I;7;1_SMT;1_SMTA;2026-08-05 00:00:00.000;1;0,75;0,6333;0,4667
KA4.000269-039;51;1020;20;NULL;NULL;0069FF;APT-1600FD FP-MACHINE2;5_FPT;5_FPT_PREMIUM;2024-11-22 00:00:00.000;1;1,3167;1,3167;1,3333
RKA26.000227-001;20;100;5;NULL;NULL;691A1A;7;1_SMT;1_SMTA;2026-06-03 00:00:00.000;1;0,4667;0,4667;0,3667
RKA26.000227-001;20;100;5;10;11;691A1A;3;3_SEL;3_SELA;2026-06-03 00:00:00.000;2;1,8167;1,8;3,4333
RKA26.000227-001;20;100;5;NULL;NULL;691A1A;2;4_AOI;4_AOI_SIDEB;2026-06-03 00:00:00.000;3;1,1833;0,8833;0,85
RKA26.000227-001;20;100;5;NULL;NULL;691A1A;APT-1600FD FP-MACHINE2;5_FPT;5_FPT_BASIC;2026-06-03 00:00:00.000;4;0,65;0,4;0,3333
RV.23.000012-034;24;360;15;NULL;NULL;3976HH;2;4_AOI;4_AOI_SIDEB;2025-01-31 00:00:00.000;2;1,1;0,9;0,7833
RV.23.000012-034;24;360;15;NULL;NULL;3976HH;APT-1600FD FP-MACHINE;5_FPT;5_FPT_PREMIUM;2025-01-31 00:00:00.000;3;0,75;0,75;0,75
RV20.000059-133;16;48;3;3;16;794CBD;4;3_SEL;3_SELA;2025-01-14 00:00:00.000;1;4,2;3,1833;3,1833
RV20.000059-135;10;30;3;3;10;794CBD;4;3_SEL;3_SELA;2025-01-14 00:00:00.000;1;4,7;2,9167;2,9167
RV20.000059-146;16;48;3;3;16;794CKD;4;3_SEL;3_SELA;2025-01-13 00:00:00.000;1;4,1;2,5667;2,5667
RV20.000059-148;16;48;3;3;17;794CKD;4;3_SEL;3_SELA;2025-01-13 00:00:00.000;1;5,05;3,2667;3,2667
RV22.000017-002;10;100;10;NULL;NULL;48751A;2;4_AOI;4_AOI_SIDEA;2025-05-26 00:00:00.000;1;0,8333;0,3333;0,35
RV22.000017-002;10;100;10;NULL;NULL;48751A;APT-1600FD FP-MACHINE;5_FPT;5_FPT_BASIC;2025-05-26 00:00:00.000;2;1,2;0,7;0,5833
RV22.000019-001;24;96;4;NULL;NULL;487A1B;2;4_AOI;4_AOI_SIDEB;2024-11-22 00:00:00.000;2;1,2667;0,9333;0,9167
RV22.000019-001;24;96;4;NULL;NULL;487A1B;APT-1600FD FP-MACHINE3;5_FPT;5_FPT_BASIC;2024-11-22 00:00:00.000;3;1,6333;0,8;0,8
RV22.000019-002;25;100;4;NULL;NULL;487A1B;2;4_AOI;4_AOI_SIDEB;2025-05-22 00:00:00.000;2;1,4333;0,8833;0,85
RV22.000019-002;22;88;4;NULL;NULL;487A1B;APT-1600FD FP-MACHINE;5_FPT;5_FPT_BASIC;2025-05-22 00:00:00.000;3;0,9667;0,75;0,75
RV22.000036-010;522;1566;3;NULL;NULL;029A1C;2;4_AOI;4_AOI_SIDEA;2024-06-24 00:00:00.000;1;1,05;0,9667;0,9333
RV22.000036-010;521;1563;3;NULL;NULL;029A1C;APT-1600FD FP-MACHINE2;5_FPT;5_FPT_BASIC;2024-06-24 00:00:00.000;2;1,7;1,5;1,5
RV22.000088-043;40;200;5;NULL;NULL;128B1C;APT-1600FD FP-MACHINE2;5_FPT;5_FPT_BASIC;2024-08-23 00:00:00.000;1;2,0667;1,5667;1,5833
RV22.000088-044;20;100;5;NULL;NULL;128B1C;2;4_AOI;4_AOI_SIDEB;2024-09-12 00:00:00.000;1;2,0167;1,3333;1,1667
RV22.000088-044;20;100;5;NULL;NULL;128B1C;APT-1600FD FP-MACHINE3;5_FPT;5_FPT_BASIC;2024-09-12 00:00:00.000;2;2,6;1,85;1,5833
RV22.000088-045;40;200;5;NULL;NULL;128C1C;2;4_AOI;4_AOI_SIDEB;2024-09-18 00:00:00.000;1;3,0167;2,3;1,9
RV22.000088-045;40;200;5;NULL;NULL;128C1C;APT-1600FD FP-MACHINE3;5_FPT;5_FPT_BASIC;2024-09-18 00:00:00.000;2;2,1667;1,4167;0,75
RV22.000088-046;19;95;5;NULL;NULL;128C1C;2;4_AOI;4_AOI_SIDEB;2024-10-08 00:00:00.000;1;2,45;1,9833;1,8833
RV22.000088-046;18;90;5;NULL;NULL;128C1C;APT-1600FD FP-MACHINE;5_FPT;5_FPT_BASIC;2024-10-08 00:00:00.000;2;1,8167;0,7;0,5833
RV22.000090-033;120;240;2;NULL;NULL;128E1E;2;4_AOI;4_AOI_SMT;2024-08-29 00:00:00.000;1;0,6;0,5167;1,3833
RV22.000090-033;120;240;2;NULL;NULL;128E1E;2;4_AOI;4_AOI_SIDEB;2024-08-29 00:00:00.000;3;1,6167;1,4833;1,3833
RV22.000090-033;120;240;2;NULL;NULL;128E1E;APT-1600FD FP-MACHINE3;5_FPT;5_FPT_BASIC;2024-08-29 00:00:00.000;4;2,25;1,9167;1,8333
RV22.000090-034;120;240;2;NULL;NULL;128E1E;2;4_AOI;4_AOI_SMT;2024-10-16 00:00:00.000;1;0,7833;0,5667;1,4
RV22.000090-034;120;240;2;NULL;NULL;128E1E;2;4_AOI;4_AOI_SIDEB;2024-10-16 00:00:00.000;2;1,9167;1,5;1,4
RV22.000090-034;97;194;2;NULL;NULL;128E1E;APT-1600FD FP-MACHINE;5_FPT;5_FPT_BASIC;2024-10-16 00:00:00.000;3;2,0667;1,8167;1,75
RV22.000091-005;50;500;10;NULL;NULL;12841A;2;4_AOI;4_AOI_SIDEB;2025-08-01 00:00:00.000;1;1,1333;1,05;1,05
RV22.000091-005;53;530;10;NULL;NULL;12841A;APT-1600FD FP-MACHINE3;5_FPT;5_FPT_BASIC;2025-08-01 00:00:00.000;2;1,6167;1,15;1,0833
RV22.000091-006;32;320;10;10;32;12841A;3;3_SEL;3_SELA;2024-11-20 00:00:00.000;1;3,3833;2,4;2,4
RV22.000091-006;50;500;10;NULL;NULL;12841A;2;4_AOI;4_AOI_SIDEB;2024-11-20 00:00:00.000;2;1,4667;1,1;1,0167
RV22.000091-006;50;500;10;NULL;NULL;12841A;APT-1600FD FP-MACHINE2;5_FPT;5_FPT_BASIC;2024-11-20 00:00:00.000;3;1,7167;1,2167;1,0833
RV22.000091-007;50;500;10;10;52;12841A;3;3_SEL;3_SELA;2025-02-26 00:00:00.000;1;3,1667;2,4;2,4
RV22.000091-007;50;500;10;NULL;NULL;12841A;2;4_AOI;4_AOI_SIDEB;2025-02-26 00:00:00.000;2;1,1833;1;1,0167
RV22.000091-007;50;500;10;NULL;NULL;12841A;APT-1600FD FP-MACHINE2;5_FPT;5_FPT_BASIC;2025-02-26 00:00:00.000;3;1,3833;1,0833;1,0833
RV22.000091-008;25;250;10;10;25;12841A;3;3_SEL;3_SELA;2025-04-15 00:00:00.000;1;3,6333;2,7;2,7
RV22.000091-008;50;500;10;NULL;NULL;12841A;2;4_AOI;4_AOI_SIDEB;2025-04-15 00:00:00.000;2;1,2167;1,0833;1,0167
RV22.000091-008;50;500;10;NULL;NULL;12841A;APT-1600FD FP-MACHINE2;5_FPT;5_FPT_BASIC;2025-04-15 00:00:00.000;3;1,1833;1,0833;1,0833
RV22.000091-009;24;247;10;10;27;12841A;3;3_SEL;3_SELA;2026-02-04 00:00:00.000;1;3,3167;2,5;2,4833
RV22.000091-009;50;500;10;NULL;NULL;12841A;2;4_AOI;4_AOI_SIDEB;2026-02-04 00:00:00.000;2;1,2667;0,9667;0,9833
RV22.000091-009;50;500;10;NULL;NULL;12841A;APT-1600FD FP-MACHINE3;5_FPT;5_FPT_BASIC;2026-02-04 00:00:00.000;3;1,4167;1,1167;1,1333
RV22.000091-009;49;490;10;NULL;NULL;12841A;9;6_DEP;6_DEP;2026-02-04 00:00:00.000;4;1,6667;1,2667;1,1833
RV22.000091-010;50;500;10;NULL;NULL;12841A;8;1_SMT;1_SMTA;2026-05-11 00:00:00.000;1;0,75;0,55;0,5167
RV22.000091-010;50;500;10;NULL;NULL;12841A;2;4_AOI;4_AOI_SIDEB;2026-05-11 00:00:00.000;2;1,3;1,1167;1,1333
RV22.000091-010;50;500;10;NULL;NULL;12841A;APT-1600FD FP-MACHINE;5_FPT;5_FPT_BASIC;2026-05-11 00:00:00.000;4;1,1833;1,0833;1,0833
RV22.000091-010;50;500;10;NULL;NULL;12841A;9;6_DEP;6_DEP;2026-05-11 00:00:00.000;5;1,4;1,3;1,1667
RV22.000091-011;50;500;10;NULL;NULL;12841A;8;1_SMT;1_SMTA;2026-07-22 00:00:00.000;1;0,85;0,75;0,4833
RV22.000091-011;50;500;10;NULL;NULL;12841A;2;4_AOI;4_AOI_SIDEB;2026-07-22 00:00:00.000;2;1,2167;1,1167;1,0167
RV22.000091-011;50;500;10;NULL;NULL;12841A;APT-1600FD FP-MACHINE;5_FPT;5_FPT_BASIC;2026-07-22 00:00:00.000;3;1,2833;1,0833;1,0833
RV22.000091-012;50;500;10;NULL;NULL;12841A;8;1_SMT;1_SMTA;2026-07-22 00:00:00.000;1;0,65;0,55;0,5
RV22.000091-012;50;500;10;NULL;NULL;12841A;2;4_AOI;4_AOI_SIDEB;2026-07-22 00:00:00.000;2;1,1667;1,0667;1,0333
RV22.000091-012;50;500;10;NULL;NULL;12841A;APT-1600FD FP-MACHINE;5_FPT;5_FPT_BASIC;2026-07-22 00:00:00.000;3;1,3833;1,0833;1,0833
RV22.000091-015;52;520;10;NULL;NULL;12841A;8;1_SMT;1_SMTA;2026-07-22 00:00:00.000;1;0,9;0,8;0,5
RV22.000091-015;53;530;10;NULL;NULL;12841A;2;4_AOI;4_AOI_SIDEB;2026-07-22 00:00:00.000;2;1,25;1,0667;1,0333
RV22.000091-015;54;540;10;NULL;NULL;12841A;APT-1600FD FP-MACHINE;5_FPT;5_FPT_BASIC;2026-07-22 00:00:00.000;3;1,5833;1,0333;1,0833
RV22.000091-016;25;250;10;10;26;12841A;3;3_SEL;3_SELA;2025-05-28 00:00:00.000;1;3,2;2,7;2,7
RV22.000091-016;50;500;10;NULL;NULL;12841A;2;4_AOI;4_AOI_SIDEB;2025-05-28 00:00:00.000;2;1,1667;1,0667;1
RV22.000091-016;50;500;10;NULL;NULL;12841A;APT-1600FD FP-MACHINE;5_FPT;5_FPT_BASIC;2025-05-28 00:00:00.000;3;1,2833;1,0833;1,0833
RV22.000092-008;100;500;5;NULL;NULL;12821C;2;4_AOI;4_AOI_SIDEA;2024-09-10 00:00:00.000;1;1,25;1,0167;0,9333
RV22.000092-008;23;115;5;NULL;NULL;12821C;APT-1600FD FP-MACHINE3;5_FPT;5_FPT_BASIC;2024-09-10 00:00:00.000;3;1,6667;1;0,9167
RV22.000092-008;77;385;5;NULL;NULL;12821C;APT-1600FD FP-MACHINE2;5_FPT;5_FPT_BASIC;2024-09-10 00:00:00.000;4;1,0833;1,0167;1
RV22.000092-009;100;500;5;NULL;NULL;12821C;2;4_AOI;4_AOI_SIDEA;2025-01-30 00:00:00.000;1;1,1667;1;0,9333
RV22.000092-009;89;447;5;15;52;12821C;4;3_SEL;3_SELA;2025-01-30 00:00:00.000;2;4,0333;2,65;4,7333
RV22.000092-009;98;490;5;NULL;NULL;12821C;APT-1600FD FP-MACHINE3;5_FPT;5_FPT_BASIC;2025-01-30 00:00:00.000;3;1,2;0,9833;0,9167
RV22.000092-010;100;500;5;NULL;NULL;12821C;2;4_AOI;4_AOI_SIDEA;2025-03-26 00:00:00.000;2;1,2333;1,1;0,95
RV22.000092-010;101;505;5;NULL;NULL;12821C;APT-1600FD FP-MACHINE3;5_FPT;5_FPT_BASIC;2025-03-26 00:00:00.000;3;1,3833;1,15;1
RV22.000095-002;247;494;2;8;64;181D1C;4;3_SEL;3_SELB;2025-04-14 00:00:00.000;1;0,5333;0,2833;1,1667
RV22.000095-002;250;500;2;NULL;NULL;181D1C;2;4_AOI;4_AOI_SIDEB;2025-04-14 00:00:00.000;2;1,35;1,2333;1,1833
RV22.000095-002;116;233;2;4;64;181D1C;3;3_SEL;3_SELA;2025-04-14 00:00:00.000;3;2,0833;1,5833;3
RV22.000095-002;251;502;2;NULL;NULL;181D1C;APT-1600FD FP-MACHINE2;5_FPT;5_FPT_PREMIUM;2025-04-14 00:00:00.000;4;1,65;1,5;1,4167
RV22.000095-003;249;498;2;NULL;NULL;181D1C;2;4_AOI;4_AOI_SIDEB;2024-10-23 00:00:00.000;2;1,3667;1,2333;1,1833
RV22.000095-003;250;500;2;NULL;NULL;181D1C;APT-1600FD FP-MACHINE;5_FPT;5_FPT_PREMIUM;2024-10-23 00:00:00.000;3;1,7;1,4667;1,4167
RV22.000095-004;124;249;2;4;63;181D1C;3;3_SEL;3_SELA;2024-11-13 00:00:00.000;1;1,9;1,45;2,9
RV22.000095-004;250;500;2;NULL;NULL;181D1C;2;4_AOI;4_AOI_SIDEB;2024-11-13 00:00:00.000;2;1,4167;1,2167;1,1833
RV22.000095-004;26;52;2;NULL;NULL;181D1C;APT-1600FD FP-MACHINE;5_FPT;5_FPT_PREMIUM;2024-11-13 00:00:00.000;3;2,1;1,5333;1,4167
RV22.000095-004;224;448;2;NULL;NULL;181D1C;APT-1600FD FP-MACHINE2;5_FPT;5_FPT_PREMIUM;2024-11-13 00:00:00.000;4;1,8667;1,55;1,4167
RV22.000095-005;250;500;2;NULL;NULL;181D1C;2;4_AOI;4_AOI_SIDEB;2025-07-29 00:00:00.000;1;1,4333;1,2;1,1833
RV22.000095-005;59;118;2;NULL;NULL;181D1C;APT-1600FD FP-MACHINE;5_FPT;5_FPT_PREMIUM;2025-07-29 00:00:00.000;2;1,95;1,5167;1,4167
RV22.000095-005;75;150;2;NULL;NULL;181D1C;APT-1600FD FP-MACHINE3;5_FPT;5_FPT_PREMIUM;2025-07-29 00:00:00.000;3;1,7;1,5;1,4167
RV22.000095-005;116;232;2;NULL;NULL;181D1C;APT-1600FD FP-MACHINE2;5_FPT;5_FPT_PREMIUM;2025-07-29 00:00:00.000;4;1,6333;1,4667;1,4167
RV22.000096-003;51;510;10;NULL;NULL;181B1C;2;4_AOI;4_AOI_SIDEA;2024-11-11 00:00:00.000;1;1,4167;1,2667;1,15
RV22.000096-003;51;510;10;NULL;NULL;181B1C;APT-1600FD FP-MACHINE2;5_FPT;5_FPT_PREMIUM;2024-11-11 00:00:00.000;2;1,6833;1,4;1,3333
RV22.000096-004;50;500;10;10;54;181B1C;4;3_SEL;3_SELA;2025-04-08 00:00:00.000;1;3,4333;1,8333;1,8333
RV22.000096-004;50;500;10;NULL;NULL;181B1C;2;4_AOI;4_AOI_SIDEA;2025-04-08 00:00:00.000;2;1,7167;1,2;1,15
RV22.000096-004;50;500;10;NULL;NULL;181B1C;APT-1600FD FP-MACHINE3;5_FPT;5_FPT_PREMIUM;2025-04-08 00:00:00.000;3;1,4;1,3;1,3333
RV22.000096-005;50;500;10;NULL;NULL;181B1C;2;4_AOI;4_AOI_SIDEA;2025-07-29 00:00:00.000;1;1,4833;1,3;1,1667
RV22.000096-005;50;500;10;NULL;NULL;181B1C;APT-1600FD FP-MACHINE3;5_FPT;5_FPT_PREMIUM;2025-07-29 00:00:00.000;2;1,5667;1,3667;1,3333
RV22.000097-003;48;289;6;12;26;181C1C;4;3_SEL;3_SELA;2024-11-13 00:00:00.000;1;2,05;1,2833;2,4833
RV22.000097-003;50;300;6;NULL;NULL;181C1C;2;4_AOI;4_AOI_SIDEA;2024-11-13 00:00:00.000;2;1,2833;1,1833;1,15
RV22.000097-003;50;300;6;NULL;NULL;181C1C;APT-1600FD FP-MACHINE;5_FPT;5_FPT_PREMIUM;2024-11-13 00:00:00.000;3;0,85;0,75;0,75
RV22.000097-004;50;350;7;NULL;NULL;181C1C;2;4_AOI;4_AOI_SIDEA;2025-04-10 00:00:00.000;2;1,3667;1,1833;1,1333
RV22.000097-004;50;350;7;NULL;NULL;181C1C;APT-1600FD FP-MACHINE;5_FPT;5_FPT_PREMIUM;2025-04-10 00:00:00.000;3;0,9;0,7;0,75
RV22.000097-005;50;400;8;NULL;NULL;181C1C;2;4_AOI;4_AOI_SIDEA;2025-07-28 00:00:00.000;1;1,35;1,25;1,1333
RV22.000097-005;50;400;8;NULL;NULL;181C1C;APT-1600FD FP-MACHINE2;5_FPT;5_FPT_PREMIUM;2025-07-28 00:00:00.000;2;0,9;0,7;0,75
RV22.000130-004;300;600;2;NULL;NULL;33781E;2;4_AOI;4_AOI_SIDEB;2024-09-13 00:00:00.000;1;1,1833;1,0167;0,9167
RV22.000130-004;299;598;2;NULL;NULL;33781E;APT-1600FD FP-MACHINE2;5_FPT;5_FPT_PREMIUM;2024-09-13 00:00:00.000;2;1,3;0,8667;0,75
RV22.000135-003;100;500;5;NULL;NULL;1288AB;2;4_AOI;4_AOI_SIDEA;2024-09-13 00:00:00.000;1;1,8;1,6167;1,4833
RV22.000135-003;100;500;5;NULL;NULL;1288AB;APT-1600FD FP-MACHINE3;5_FPT;5_FPT_BASIC;2024-09-13 00:00:00.000;2;2,5833;2,1833;2,0833
RV22.000135-004;27;139;5;10;16;1288AB;3;3_SEL;3_SELA;2025-04-18 00:00:00.000;1;2,9333;2;4
RV22.000135-004;100;500;5;NULL;NULL;1288AB;2;4_AOI;4_AOI_SIDEA;2025-04-18 00:00:00.000;2;1,65;1,5;1,4667
RV22.000135-004;28;140;5;NULL;NULL;1288AB;APT-1600FD FP-MACHINE3;5_FPT;5_FPT_BASIC;2025-04-18 00:00:00.000;3;4,2333;2,9833;2,8833
RV22.000135-004;58;294;5;5;78;1288AB;4;3_SEL;3_SELA;2025-04-18 00:00:00.000;4;4,3;2,9333;2,4
RV22.000135-004;73;365;5;NULL;NULL;1288AB;APT-1600FD FP-MACHINE;5_FPT;5_FPT_BASIC;2025-04-18 00:00:00.000;5;3,7333;2,7;2,3
RV22.000135-005;100;500;5;NULL;NULL;1288AB;2;4_AOI;4_AOI_SIDEA;2025-06-25 00:00:00.000;1;1,65;1,5;1,4667
RV22.000135-005;99;495;5;10;55;1288AB;3;3_SEL;3_SELA;2025-06-25 00:00:00.000;2;2,5;2,0167;4
RV22.000135-005;100;500;5;NULL;NULL;1288AB;APT-1600FD FP-MACHINE2;5_FPT;5_FPT_BASIC;2025-06-25 00:00:00.000;3;3,4;2,7;2,25
RV22.000135-006;100;500;5;NULL;NULL;1288AB;2;4_AOI;4_AOI_SMT;2025-10-29 00:00:00.000;1;0,9;0,5833;0,5833
RV22.000135-006;100;500;5;NULL;NULL;1288AB;10;2_ODD;2_ODDA;2025-10-29 00:00:00.000;2;4,7167;4,2167;3,8167
RV22.000135-006;99;498;5;10;50;1288AB;3;3_SEL;3_SELA;2025-10-29 00:00:00.000;3;2,3333;1,9667;3,95
RV22.000135-006;100;500;5;NULL;NULL;1288AB;2;4_AOI;4_AOI_THT;2025-10-29 00:00:00.000;4;1,5667;1,3833;0,5833
RV22.000135-006;100;500;5;NULL;NULL;1288AB;APT-1600FD FP-MACHINE;5_FPT;5_FPT_BASIC;2025-10-29 00:00:00.000;5;2,2667;2,1667;2,1667
RV22.000135-007;103;515;5;NULL;NULL;1288AB;2;4_AOI;4_AOI_SMT;2026-02-19 00:00:00.000;1;0,7333;0,55;0,5833
RV22.000135-007;103;515;5;NULL;NULL;1288AB;10;2_ODD;2_ODDA;2026-02-19 00:00:00.000;2;5,4333;4,6667;4,3
RV22.000135-007;103;515;5;NULL;NULL;1288AB;2;4_AOI;4_AOI_THT;2026-02-19 00:00:00.000;4;1,55;1,4167;0,5833
RV22.000135-007;103;515;5;NULL;NULL;1288AB;APT-1600FD FP-MACHINE2;5_FPT;5_FPT_BASIC;2026-02-19 00:00:00.000;5;2,2833;2,1;2,1
RV22.000135-008;50;250;5;NULL;NULL;1288AB;2;4_AOI;4_AOI_SMT;2026-06-18 00:00:00.000;1;0,7667;0,4667;0,4667
RV22.000135-008;50;250;5;NULL;NULL;1288AB;8;1_SMT;1_SMTA;2026-06-18 00:00:00.000;2;1,9333;1,2333;1,0333
RV22.000135-008;50;250;5;NULL;NULL;1288AB;10;2_ODD;2_ODDA;2026-06-18 00:00:00.000;3;4,8167;4,3167;4,1
RV22.000135-008;47;239;5;10;28;1288AB;3;3_SEL;3_SELA;2026-06-18 00:00:00.000;4;3,4167;2,5667;5,0167
RV22.000135-008;50;250;5;NULL;NULL;1288AB;2;4_AOI;4_AOI_THT;2026-06-18 00:00:00.000;5;1,75;1,4667;0,4667
RV22.000135-008;50;250;5;NULL;NULL;1288AB;APT-1600FD FP-MACHINE;5_FPT;5_FPT_BASIC;2026-06-18 00:00:00.000;6;3,2833;2,2833;2,1667
RV22.000135-008;50;250;5;NULL;NULL;1288AB;9;6_DEP;6_DEP;2026-06-18 00:00:00.000;7;1,0333;0,8333;0,7333
RV22.000135-009;100;500;5;NULL;NULL;1288AB;10;2_ODD;2_ODDA;2026-07-27 00:00:00.000;1;4,5833;4,0333;4
RV22.000135-009;100;500;5;NULL;NULL;1288AB;8;1_SMT;1_SMTA;2026-07-27 00:00:00.000;2;1,7833;1,5333;1,2
RV22.000135-009;100;500;5;NULL;NULL;1288AB;2;4_AOI;4_AOI_SMT;2026-07-27 00:00:00.000;3;0,7333;0,4833;0,4667
RV22.000135-009;100;500;5;NULL;NULL;1288AB;11;4_AOI;4_AOI_THT;2026-07-27 00:00:00.000;4;1,7667;1,3833;1,35
RV22.000135-009;100;500;5;NULL;NULL;1288AB;APT-1600FD FP-MACHINE;5_FPT;5_FPT_BASIC;2026-07-27 00:00:00.000;5;2,8833;2,4833;2,1667
RV22.000135-009;100;500;5;NULL;NULL;1288AB;9;6_DEP;6_DEP;2026-07-27 00:00:00.000;6;1,1667;1,1167;1,1167
RV22.000135-010;100;500;5;NULL;NULL;1288AB;2;4_AOI;4_AOI_SMT;2025-09-08 00:00:00.000;1;0,7167;0,6167;0,5833
RV22.000135-010;100;500;5;NULL;NULL;1288AB;10;2_ODD;2_ODDA;2025-09-08 00:00:00.000;2;4,2167;3,6667;3,3667
RV22.000135-010;96;483;5;10;58;1288AB;3;3_SEL;3_SELA;2025-09-08 00:00:00.000;3;2,4833;2,05;3,95
RV22.000135-010;100;500;5;NULL;NULL;1288AB;2;4_AOI;4_AOI_THT;2025-09-08 00:00:00.000;4;1,55;1,4;0,5833
RV22.000135-010;100;500;5;NULL;NULL;1288AB;APT-1600FD FP-MACHINE;5_FPT;5_FPT_BASIC;2025-09-08 00:00:00.000;5;2,3167;2,1167;2,1667
RV23.000002-022;120;240;2;NULL;NULL;128E1E;2;4_AOI;4_AOI_SMT;2025-10-30 00:00:00.000;1;0,6167;0,5333;0,5
RV23.000002-022;61;122;2;4;66;128E1E;4;3_SEL;3_SELA;2025-10-30 00:00:00.000;2;11,35;7,5667;7,6833
RV23.000002-022;120;240;2;NULL;NULL;128E1E;2;4_AOI;4_AOI_SIDEB;2025-10-30 00:00:00.000;3;1,8;1,55;0,5
RV23.000002-022;120;240;2;NULL;NULL;128E1E;APT-1600FD FP-MACHINE2;5_FPT;5_FPT_BASIC;2025-10-30 00:00:00.000;4;2,4333;1,9333;1,8333
RV23.000002-022;118;236;2;NULL;NULL;128E1E;9;6_DEP;6_DEP;2025-10-30 00:00:00.000;5;0,8667;0,6167;0,5833
RV23.000002-023;127;254;2;NULL;NULL;128E1E;2;4_AOI;4_AOI_SMT;2025-11-04 00:00:00.000;1;0,5667;0,5333;1,5
RV23.000002-023;127;254;2;NULL;NULL;128E1E;10;2_ODD;2_ODDA;2025-11-04 00:00:00.000;2;1,35;1,0333;1
RV23.000002-023;127;254;2;NULL;NULL;128E1E;2;4_AOI;4_AOI_SIDEB;2025-11-04 00:00:00.000;3;1,7667;1,5833;1,5
RV23.000002-023;65;130;2;4;36;128E1E;3;3_SEL;3_SELA;2025-11-04 00:00:00.000;4;7,05;5,3667;10,75
RV23.000002-023;58;116;2;NULL;NULL;128E1E;9;6_DEP;6_DEP;2025-11-04 00:00:00.000;5;1,05;0,8;0,7
RV23.000002-023;127;254;2;NULL;NULL;128E1E;APT-1600FD FP-MACHINE2;5_FPT;5_FPT_BASIC;2025-11-04 00:00:00.000;6;1,9167;1,8;1,8333
RV23.000002-043;120;240;2;NULL;NULL;128E1E;8;1_SMT;1_SMTA;2026-04-16 00:00:00.000;1;0,8833;0,7167;0,6167
RV23.000002-043;120;240;2;NULL;NULL;128E1E;2;4_AOI;4_AOI_SMT;2026-04-16 00:00:00.000;3;0,5833;0,5;0,5167
RV23.000002-043;55;110;2;NULL;NULL;128E1E;11;4_AOI;4_AOI_SIDEB;2026-04-16 00:00:00.000;4;1,5167;1,35;1,3167
RV23.000002-043;68;136;2;NULL;NULL;128E1E;2;4_AOI;4_AOI_SIDEB;2026-04-16 00:00:00.000;5;1,7;1,55;0,5167
RV23.000002-043;120;240;2;NULL;NULL;128E1E;APT-1600FD FP-MACHINE;5_FPT;5_FPT_BASIC;2026-04-16 00:00:00.000;6;2,5167;1,9667;1,8167
RV23.000002-043;118;236;2;NULL;NULL;128E1E;9;6_DEP;6_DEP;2026-04-16 00:00:00.000;7;0,75;0,6167;0,6
RV23.000002-044;120;240;2;NULL;NULL;128E1E;8;1_SMT;1_SMTA;2026-04-22 00:00:00.000;1;0,7667;0,6833;0,6667
RV23.000002-044;115;230;2;NULL;NULL;128E1E;2;4_AOI;4_AOI_SMT;2026-04-22 00:00:00.000;2;0,6833;0,6;0,5167
RV23.000002-044;115;230;2;NULL;NULL;128E1E;10;2_ODD;2_ODDA;2026-04-22 00:00:00.000;3;1,9167;1,75;1,45
RV23.000002-044;115;230;2;NULL;NULL;128E1E;11;4_AOI;4_AOI_SIDEB;2026-04-22 00:00:00.000;4;1,6167;1,3667;1,3333
RV23.000002-044;120;240;2;NULL;NULL;128E1E;APT-1600FD FP-MACHINE;5_FPT;5_FPT_BASIC;2026-04-22 00:00:00.000;8;2,1667;1,95;1,8333
RV23.000002-044;120;240;2;NULL;NULL;128E1E;9;6_DEP;6_DEP;2026-04-22 00:00:00.000;9;0,8167;0,65;0,6
RV23.000002-045;120;240;2;NULL;NULL;128E1E;8;1_SMT;1_SMTA;2026-06-29 00:00:00.000;1;0,9833;0,9;0,7
RV23.000002-045;120;240;2;NULL;NULL;128E1E;11;4_AOI;4_AOI_SMT;2026-06-29 00:00:00.000;2;0,5833;0,5;0,5
RV23.000002-045;120;240;2;NULL;NULL;128E1E;10;2_ODD;2_ODDA;2026-06-29 00:00:00.000;3;2,7333;2,3;2,45
RV23.000002-045;120;240;2;NULL;NULL;128E1E;2;4_AOI;4_AOI_SIDEB;2026-06-29 00:00:00.000;4;1,5833;1,4333;1,4167
RV23.000002-045;120;240;2;NULL;NULL;128E1E;APT-1600FD FP-MACHINE;5_FPT;5_FPT_BASIC;2026-06-29 00:00:00.000;5;2,1667;1,8667;1,8333
RV23.000002-045;120;240;2;NULL;NULL;128E1E;9;6_DEP;6_DEP;2026-06-29 00:00:00.000;6;0,7;0,5833;0,5833
RV23.000002-046;120;240;2;NULL;NULL;128E1E;8;1_SMT;1_SMTA;2026-06-29 00:00:00.000;1;0,9;0,8167;0,6833
RV23.000002-046;120;240;2;NULL;NULL;128E1E;11;4_AOI;4_AOI_SMT;2026-06-29 00:00:00.000;2;0,55;0,55;0,5
RV23.000002-046;120;240;2;NULL;NULL;128E1E;10;2_ODD;2_ODDA;2026-06-29 00:00:00.000;3;2,75;2,4333;2,45
RV23.000002-046;120;240;2;NULL;NULL;128E1E;2;4_AOI;4_AOI_SIDEB;2026-06-29 00:00:00.000;4;1,6;1,4333;1,4167
RV23.000002-046;52;104;2;NULL;NULL;128E1E;APT-1600FD FP-MACHINE3;5_FPT;5_FPT_BASIC;2026-06-29 00:00:00.000;5;2,5833;2,1;1,9167
RV23.000002-046;120;240;2;NULL;NULL;128E1E;9;6_DEP;6_DEP;2026-06-29 00:00:00.000;6;0,8;0,7167;0,6833
RV23.000002-046;68;136;2;NULL;NULL;128E1E;APT-1600FD FP-MACHINE2;5_FPT;5_FPT_BASIC;2026-06-29 00:00:00.000;7;2,15;1,9333;1,8333
RV23.000010-001;105;525;5;NULL;NULL;12821D;10;2_ODD;2_ODDA;2025-04-30 00:00:00.000;1;4,4;2,8833;2,9
RV23.000010-001;105;525;5;NULL;NULL;12821D;2;4_AOI;4_AOI_SIDEB;2025-04-30 00:00:00.000;3;1,3;1,0167;0,9833
RV23.000010-001;15;75;5;NULL;NULL;12821D;APT-1600FD FP-MACHINE3;5_FPT;5_FPT_BASIC;2025-04-30 00:00:00.000;4;3,2167;2,55;1,6667
RV23.000010-001;89;445;5;NULL;NULL;12821D;APT-1600FD FP-MACHINE;5_FPT;5_FPT_BASIC;2025-04-30 00:00:00.000;5;2,4;1,95;1,6
RV23.000010-002;100;500;5;NULL;NULL;12821D;10;2_ODD;2_ODDA;2025-05-07 00:00:00.000;1;3,4333;2,3;1,9667
RV23.000010-002;100;500;5;NULL;NULL;12821D;2;4_AOI;4_AOI_SIDEB;2025-05-07 00:00:00.000;2;1,2333;1,0833;0,9667
RV23.000010-002;100;500;5;NULL;NULL;12821D;APT-1600FD FP-MACHINE2;5_FPT;5_FPT_BASIC;2025-05-07 00:00:00.000;4;2,2667;1,8667;1,75
RV23.000010-003;100;500;5;NULL;NULL;12821D;10;2_ODD;2_ODDA;2026-02-12 00:00:00.000;1;3,2667;2,4167;1,9667
RV23.000010-003;100;500;5;15;44;12821D;3;3_SEL;3_SELA;2026-02-12 00:00:00.000;2;2,6;2,05;5,5333
RV23.000010-003;100;500;5;NULL;NULL;12821D;2;4_AOI;4_AOI_SIDEB;2026-02-12 00:00:00.000;3;1,1833;1;0,95
RV23.000010-003;99;495;5;NULL;NULL;12821D;APT-1600FD FP-MACHINE3;5_FPT;5_FPT_BASIC;2026-02-12 00:00:00.000;4;2,1;1,85;1,8333
RV23.000010-003;92;460;5;NULL;NULL;12821D;9;6_DEP;6_DEP;2026-02-12 00:00:00.000;5;0,95;0,7333;0,7333
RV23.000010-004;100;500;5;NULL;NULL;12821D;8;1_SMT;1_SMTA;2026-04-01 00:00:00.000;1;1,25;0,7667;0,4833
RV23.000010-004;100;500;5;NULL;NULL;12821D;10;2_ODD;2_ODDA;2026-04-01 00:00:00.000;2;2,5667;2,1167;1,7167
RV23.000010-004;100;500;5;NULL;NULL;12821D;11;4_AOI;4_AOI_SIDEB;2026-04-01 00:00:00.000;3;1,2;0,95;0,8833
RV23.000010-004;100;500;5;10;62;12821D;4;3_SEL;3_SELA;2026-04-01 00:00:00.000;4;5,7;5,0333;10,0667
RV23.000010-004;100;500;5;NULL;NULL;12821D;APT-1600FD FP-MACHINE2;5_FPT;5_FPT_BASIC;2026-04-01 00:00:00.000;5;2,2;1,85;1,7667
RV23.000010-004;100;500;5;NULL;NULL;12821D;9;6_DEP;6_DEP;2026-04-01 00:00:00.000;6;0,85;0,75;0,7333
RV23.000010-005;97;485;5;NULL;NULL;12821D;8;1_SMT;1_SMTA;2026-04-21 00:00:00.000;1;1,2;0,8333;0,5667
RV23.000010-005;69;347;5;10;75;12821D;4;3_SEL;3_SELA;2026-04-21 00:00:00.000;2;4,0667;2,5667;3,3
RV23.000010-005;100;500;5;NULL;NULL;12821D;2;4_AOI;4_AOI_SIDEB;2026-04-21 00:00:00.000;3;1,2167;1,0667;1,0667
RV23.000010-005;99;495;5;NULL;NULL;12821D;APT-1600FD FP-MACHINE3;5_FPT;5_FPT_BASIC;2026-04-21 00:00:00.000;4;1,8167;1,5667;1,75
RV23.000010-005;99;495;5;NULL;NULL;12821D;9;6_DEP;6_DEP;2026-04-21 00:00:00.000;5;0,8;0,75;0,7333
RV23.000010-006;100;500;5;NULL;NULL;12821D;8;1_SMT;1_SMTA;2026-06-12 00:00:00.000;1;1,0333;0,8833;0,7167
RV23.000010-006;100;500;5;NULL;NULL;12821D;10;2_ODD;2_ODDA;2026-06-12 00:00:00.000;2;2,5167;2,0667;1,7167
RV23.000010-006;66;330;5;10;33;12821D;4;3_SEL;3_SELA;2026-06-12 00:00:00.000;3;2,3833;1,85;3,7
RV23.000010-006;100;500;5;NULL;NULL;12821D;11;4_AOI;4_AOI_SIDEB;2026-06-12 00:00:00.000;4;1,0667;0,9667;0,8667
RV23.000010-006;100;500;5;NULL;NULL;12821D;APT-1600FD FP-MACHINE2;5_FPT;5_FPT_BASIC;2026-06-12 00:00:00.000;5;2,05;1,8;1,8333
RV23.000010-006;100;500;5;NULL;NULL;12821D;9;6_DEP;6_DEP;2026-06-12 00:00:00.000;6;0,85;0,75;0,7167
RV23.000010-007;100;500;5;NULL;NULL;12821D;8;1_SMT;1_SMTA;2026-07-15 00:00:00.000;1;0,9333;0,8333;0,5667
RV23.000010-007;100;500;5;NULL;NULL;12821D;10;2_ODD;2_ODDA;2026-07-15 00:00:00.000;2;2,15;1,8;1,6
RV23.000010-007;100;500;5;NULL;NULL;12821D;11;4_AOI;4_AOI_SIDEB;2026-07-15 00:00:00.000;3;1,1167;0,9667;0,8833
RV23.000010-007;100;500;5;NULL;NULL;12821D;APT-1600FD FP-MACHINE3;5_FPT;5_FPT_BASIC;2026-07-15 00:00:00.000;4;2,1833;1,8833;1,8333
RV23.000010-007;100;500;5;NULL;NULL;12821D;9;6_DEP;6_DEP;2026-07-15 00:00:00.000;5;0,7833;0,7333;0,7167
RV23.000010-011;100;500;5;NULL;NULL;12821D;10;2_ODD;2_ODDA;2025-06-16 00:00:00.000;1;3,15;2,15;1,9
RV23.000010-011;100;500;5;NULL;NULL;12821D;2;4_AOI;4_AOI_SIDEB;2025-06-16 00:00:00.000;2;1,1333;1,05;1,0167
RV23.000010-011;100;500;5;NULL;NULL;12821D;APT-1600FD FP-MACHINE2;5_FPT;5_FPT_BASIC;2025-06-16 00:00:00.000;3;2,1;1,75;1,75
RV23.000010-012;100;500;5;NULL;NULL;12821D;2;4_AOI;4_AOI_SIDEB;2025-07-30 00:00:00.000;1;1,2333;1,05;1
RV23.000010-012;100;500;5;NULL;NULL;12821D;APT-1600FD FP-MACHINE;5_FPT;5_FPT_BASIC;2025-07-30 00:00:00.000;2;2,0667;1,7167;1,7667
RV23.000010-013;100;500;5;NULL;NULL;12821D;10;2_ODD;2_ODDA;2025-09-12 00:00:00.000;1;3;2,4;2,1
RV23.000010-013;100;500;5;NULL;NULL;12821D;2;4_AOI;4_AOI_SIDEB;2025-09-12 00:00:00.000;2;1,2833;0,9833;0,9833
RV23.000010-013;100;500;5;NULL;NULL;12821D;APT-1600FD FP-MACHINE3;5_FPT;5_FPT_BASIC;2025-09-12 00:00:00.000;3;2,15;1,8;1,8333
RV23.000010-014;100;500;5;NULL;NULL;12821D;10;2_ODD;2_ODDA;2025-10-02 00:00:00.000;1;2,7667;2,3667;1,8667
RV23.000010-014;99;499;5;15;34;12821D;3;3_SEL;3_SELA;2025-10-02 00:00:00.000;2;1,2167;1,0167;3,0333
RV23.000010-014;100;500;5;NULL;NULL;12821D;2;4_AOI;4_AOI_SIDEB;2025-10-02 00:00:00.000;3;1,1167;0,9667;0,95
RV23.000010-014;100;500;5;NULL;NULL;12821D;APT-1600FD FP-MACHINE;5_FPT;5_FPT_BASIC;2025-10-02 00:00:00.000;4;1,95;1,8;1,75
RV23.000010-015;100;500;5;NULL;NULL;12821D;10;2_ODD;2_ODDA;2025-11-04 00:00:00.000;1;3,4;2,55;2,25
RV23.000010-015;83;415;5;10;48;12821D;4;3_SEL;3_SELA;2025-11-04 00:00:00.000;2;2,0667;1,3667;2,75
RV23.000010-015;28;143;5;15;10;12821D;3;3_SEL;3_SELA;2025-11-04 00:00:00.000;3;1,3333;0,9333;2,7
RV23.000010-015;100;500;5;NULL;NULL;12821D;2;4_AOI;4_AOI_SIDEB;2025-11-04 00:00:00.000;4;1,1167;0,95;0,95
RV23.000010-015;100;500;5;NULL;NULL;12821D;9;6_DEP;6_DEP;2025-11-04 00:00:00.000;5;0,85;0,8;0,7333
RV23.000010-015;100;500;5;NULL;NULL;12821D;APT-1600FD FP-MACHINE;5_FPT;5_FPT_BASIC;2025-11-04 00:00:00.000;6;1,9;1,8;1,75
RV23.000010-016;100;500;5;NULL;NULL;12821D;10;2_ODD;2_ODDA;2026-01-16 00:00:00.000;1;2,8;2,4;1,8833
RV23.000010-016;99;497;5;15;34;12821D;3;3_SEL;3_SELA;2026-01-16 00:00:00.000;2;1,4333;0,9333;2,7833
RV23.000010-016;100;500;5;NULL;NULL;12821D;2;4_AOI;4_AOI_SIDEB;2026-01-16 00:00:00.000;3;1,3333;1,1667;1,0833
RV23.000010-016;100;500;5;NULL;NULL;12821D;9;6_DEP;6_DEP;2026-01-16 00:00:00.000;4;0,8;0,75;0,7333
RV23.000010-016;100;500;5;NULL;NULL;12821D;APT-1600FD FP-MACHINE;5_FPT;5_FPT_BASIC;2026-01-16 00:00:00.000;5;2,0667;1,9167;1,7667
RV23.000012-029;901;13515;15;NULL;NULL;3976HH;APT-1600FD FP-MACHINE;5_FPT;5_FPT_PREMIUM;2024-08-12 00:00:00.000;1;0,85;0,75;0,75
RV23.000012-029;431;6465;15;NULL;NULL;3976HH;APT-1600FD FP-MACHINE2;5_FPT;5_FPT_PREMIUM;2024-08-12 00:00:00.000;2;0,8667;0,7833;0,7667
RV23.000012-029;1333;19995;15;NULL;NULL;3976HH;2;4_AOI;4_AOI_SIDEB;2024-08-12 00:00:00.000;3;0,5667;0,45;0,4
RV23.000012-030;1334;20010;15;NULL;NULL;3976HH;2;4_AOI;4_AOI_SIDEB;2024-09-10 00:00:00.000;2;0,55;0,4667;0,4
RV23.000012-030;1334;20010;15;NULL;NULL;3976HH;APT-1600FD FP-MACHINE;5_FPT;5_FPT_PREMIUM;2024-09-10 00:00:00.000;3;0,9167;0,7833;0,75
RV23.000012-031;1333;19995;15;NULL;NULL;3976IH;2;4_AOI;4_AOI_SIDEB;2024-10-01 00:00:00.000;2;0,4833;0,4333;0,4
RV23.000012-031;948;14220;15;NULL;NULL;3976IH;APT-1600FD FP-MACHINE;5_FPT;5_FPT_PREMIUM;2024-10-01 00:00:00.000;3;0,85;0,7667;0,75
RV23.000012-032;1334;20010;15;NULL;NULL;3976HH;2;4_AOI;4_AOI_SIDEB;2024-11-18 00:00:00.000;1;0,4833;0,45;0,4
RV23.000012-032;506;7590;15;NULL;NULL;3976HH;APT-1600FD FP-MACHINE;5_FPT;5_FPT_PREMIUM;2024-11-18 00:00:00.000;3;0,8333;0,7667;0,75
RV23.000012-032;383;5745;15;NULL;NULL;3976HH;APT-1600FD FP-MACHINE3;5_FPT;5_FPT_PREMIUM;2024-11-18 00:00:00.000;4;0,8833;0,8167;0,75
RV23.000012-032;446;6690;15;NULL;NULL;3976HH;APT-1600FD FP-MACHINE2;5_FPT;5_FPT_PREMIUM;2024-11-18 00:00:00.000;5;0,8833;0,8;0,75
RV23.000012-033;1217;18258;15;90;225;3976HH;3;3_SEL;3_SELA;2025-01-17 00:00:00.000;1;0,8333;0,6667;3,7667
RV23.000012-033;1334;20010;15;NULL;NULL;3976HH;2;4_AOI;4_AOI_SIDEB;2025-01-17 00:00:00.000;2;0,5;0,4667;0,4
RV23.000012-033;329;4935;15;NULL;NULL;3976HH;APT-1600FD FP-MACHINE;5_FPT;5_FPT_PREMIUM;2025-01-17 00:00:00.000;3;0,9333;0,8;0,75
RV23.000012-033;293;4395;15;NULL;NULL;3976HH;APT-1600FD FP-MACHINE2;5_FPT;5_FPT_PREMIUM;2025-01-17 00:00:00.000;4;0,8833;0,85;0,75
RV23.000012-033;720;10800;15;NULL;NULL;3976HH;APT-1600FD FP-MACHINE3;5_FPT;5_FPT_PREMIUM;2025-01-17 00:00:00.000;5;0,95;0,8167;0,75
RV23.000012-034;1098;16470;15;NULL;NULL;3976HH;APT-1600FD FP-MACHINE;5_FPT;5_FPT_PREMIUM;2025-01-30 00:00:00.000;1;0,85;0,7667;0,75
RV23.000012-034;1310;19650;15;NULL;NULL;3976HH;2;4_AOI;4_AOI_SIDEB;2025-01-30 00:00:00.000;3;0,6;0,5333;0,4
RV23.000012-034;212;3180;15;NULL;NULL;3976HH;APT-1600FD FP-MACHINE2;5_FPT;5_FPT_PREMIUM;2025-01-30 00:00:00.000;4;0,85;0,7833;0,75
RV23.000012-035;637;9568;15;30;329;3976HH;4;3_SEL;3_SELA;2025-03-10 00:00:00.000;1;2,4833;1,6833;3,2667
RV23.000012-035;1334;20010;15;NULL;NULL;3976HH;2;4_AOI;4_AOI_SIDEB;2025-03-10 00:00:00.000;2;0,5;0,4167;0,4
RV23.000012-035;1058;15870;15;NULL;NULL;3976HH;APT-1600FD FP-MACHINE2;5_FPT;5_FPT_PREMIUM;2025-03-10 00:00:00.000;3;0,8833;0,8;0,75
RV23.000012-035;207;3105;15;NULL;NULL;3976HH;APT-1600FD FP-MACHINE3;5_FPT;5_FPT_PREMIUM;2025-03-10 00:00:00.000;4;0,9167;0,8;0,8333
RV23.000012-035;69;1035;15;NULL;NULL;3976HH;APT-1600FD FP-MACHINE;5_FPT;5_FPT_PREMIUM;2025-03-10 00:00:00.000;5;0,9833;0,8333;0,8333
RV23.000012-036;110;1650;15;NULL;NULL;3976HH;APT-1600FD FP-MACHINE3;5_FPT;5_FPT_PREMIUM;2025-02-24 00:00:00.000;1;0,9167;0,7833;0,75
RV23.000012-036;1334;20010;15;NULL;NULL;3976HH;2;4_AOI;4_AOI_SIDEB;2025-02-24 00:00:00.000;2;0,5;0,4167;0,4
RV23.000012-036;1224;18360;15;NULL;NULL;3976HH;APT-1600FD FP-MACHINE2;5_FPT;5_FPT_PREMIUM;2025-02-24 00:00:00.000;3;0,85;0,7833;0,75
RV23.000012-037;1259;18885;15;NULL;NULL;3976HH;APT-1600FD FP-MACHINE2;5_FPT;5_FPT_PREMIUM;2025-04-22 00:00:00.000;1;0,95;0,8333;0,8333
RV23.000012-037;1333;19995;15;NULL;NULL;3976HH;2;4_AOI;4_AOI_SIDEB;2025-04-22 00:00:00.000;2;0,5167;0,4333;0,4
RV23.000012-037;670;10050;15;30;341;3976HH;4;3_SEL;3_SELA;2025-04-22 00:00:00.000;3;2,45;1,7833;3,5833
RV23.000012-037;74;1110;15;NULL;NULL;3976HH;APT-1600FD FP-MACHINE3;5_FPT;5_FPT_PREMIUM;2025-04-22 00:00:00.000;4;1,0667;0,8667;0,8333
RV23.000012-038;667;10005;15;30;338;3976HH;4;3_SEL;3_SELA;2025-05-07 00:00:00.000;1;1,75;1,1833;2,3667
RV23.000012-038;1334;20010;15;NULL;NULL;3976HH;2;4_AOI;4_AOI_SIDEB;2025-05-07 00:00:00.000;2;0,5167;0,4333;0,4
RV23.000012-038;724;10860;15;NULL;NULL;3976HH;APT-1600FD FP-MACHINE2;5_FPT;5_FPT_PREMIUM;2025-05-07 00:00:00.000;3;0,8833;0,8167;0,8333
RV23.000012-038;610;9150;15;NULL;NULL;3976HH;APT-1600FD FP-MACHINE;5_FPT;5_FPT_PREMIUM;2025-05-07 00:00:00.000;4;0,9167;0,8333;0,8333
RV23.000012-039;1334;20010;15;NULL;NULL;3976HH;2;4_AOI;4_AOI_SIDEB;2025-06-10 00:00:00.000;1;0,4833;0,4167;0,4
RV23.000012-039;1238;18570;15;NULL;NULL;3976HH;APT-1600FD FP-MACHINE;5_FPT;5_FPT_PREMIUM;2025-06-10 00:00:00.000;2;0,9667;0,8333;0,8333
RV23.000012-039;98;1470;15;NULL;NULL;3976HH;APT-1600FD FP-MACHINE2;5_FPT;5_FPT_PREMIUM;2025-06-10 00:00:00.000;3;0,9833;0,8167;0,8333
RV23.000012-040;1334;20010;15;NULL;NULL;3976HH;2;4_AOI;4_AOI_SIDEB;2025-07-07 00:00:00.000;1;0,5333;0,4667;0,3833
RV23.000012-040;670;10050;15;NULL;NULL;3976HH;APT-1600FD FP-MACHINE2;5_FPT;5_FPT_PREMIUM;2025-07-07 00:00:00.000;2;0,85;0,7667;0,8333
RV23.000012-040;731;10965;15;NULL;NULL;3976HH;APT-1600FD FP-MACHINE3;5_FPT;5_FPT_PREMIUM;2025-07-07 00:00:00.000;3;1,0333;0,8833;0,8333
RV23.000012-041;667;10005;15;NULL;NULL;3976IH;2;4_AOI;4_AOI_SIDEB;2025-07-31 00:00:00.000;1;0,4833;0,45;0,4
RV23.000012-041;407;6105;15;NULL;NULL;3976IH;APT-1600FD FP-MACHINE3;5_FPT;5_FPT_PREMIUM;2025-07-31 00:00:00.000;2;0,95;0,8167;0,75
RV23.000012-041;96;1440;15;NULL;NULL;3976IH;APT-1600FD FP-MACHINE2;5_FPT;5_FPT_PREMIUM;2025-07-31 00:00:00.000;3;0,7833;0,7833;0,75
RV23.000012-041;164;2460;15;NULL;NULL;3976IH;APT-1600FD FP-MACHINE;5_FPT;5_FPT_PREMIUM;2025-07-31 00:00:00.000;4;0,9833;0,7833;0,75
RV23.000013-002;249;996;4;12;103;142E1A;3;3_SEL;3_SELA;2025-05-07 00:00:00.000;1;2,7667;2,3;5,9
RV23.000013-002;250;1000;4;NULL;NULL;142E1A;2;4_AOI;4_AOI_SIDEA;2025-05-07 00:00:00.000;2;1,3167;1,25;1,2333
RV23.000016-004;250;500;2;NULL;NULL;591X1F;2;4_AOI;4_AOI_SMT;2024-09-30 00:00:00.000;1;0,6333;0,55;0,6667
RV23.000016-004;250;500;2;NULL;NULL;591X1F;2;4_AOI;4_AOI_THT;2024-09-30 00:00:00.000;2;1,2333;1,15;0,6667
RV23.000016-004;249;498;2;NULL;NULL;591X1F;APT-1600FD FP-MACHINE2;5_FPT;5_FPT_BASIC;2024-09-30 00:00:00.000;3;1,8667;1,6;1,5833
RV23.000017-004;500;500;1;NULL;NULL;6911AC;2;4_AOI;4_AOI_SIDEA;2024-10-16 00:00:00.000;1;0,9667;0,8833;0,8667
RV23.000019-002;500;1000;2;NULL;NULL;289D1C;2;4_AOI;4_AOI_SIDEA;2024-10-11 00:00:00.000;1;1,4;1,2833;1,2667
RV23.000019-002;500;1000;2;NULL;NULL;289D1C;APT-1600FD FP-MACHINE;5_FPT;5_FPT_BASIC;2024-10-11 00:00:00.000;2;1,1167;0,8667;0,8333
RV23.000019-005;200;1000;5;NULL;NULL;289E1F;2;4_AOI;4_AOI_SIDEA;2024-10-17 00:00:00.000;1;1,3667;1,2833;1,2333
RV23.000019-005;200;1000;5;NULL;NULL;289E1F;APT-1600FD FP-MACHINE2;5_FPT;5_FPT_BASIC;2024-10-17 00:00:00.000;3;1,8;1,5167;1,25
RV23.000026-002;250;500;2;NULL;NULL;448I1A;2;4_AOI;4_AOI_SIDEA;2025-03-04 00:00:00.000;1;1,45;1,1667;1,0667
RV23.000026-002;250;500;2;NULL;NULL;448I1A;APT-1600FD FP-MACHINE2;5_FPT;5_FPT_BASIC;2025-03-04 00:00:00.000;2;2,2333;1,9;1,8333
RV23.000029-001;1000;1000;1;NULL;NULL;14211A;2;4_AOI;4_AOI_SIDEB;2024-09-12 00:00:00.000;1;1,1167;1;0,95
RV23.000029-001;493;493;1;NULL;NULL;14211A;APT-1600FD FP-MACHINE;5_FPT;5_FPT_BASIC;2024-09-12 00:00:00.000;2;1,1333;0,7333;0,5833
RV23.000029-001;505;505;1;NULL;NULL;14211A;APT-1600FD FP-MACHINE3;5_FPT;5_FPT_BASIC;2024-09-12 00:00:00.000;3;1,0333;0,75;0,6667
RV23.000029-002;55;55;1;3;27;14211A;4;3_SEL;3_SELA;2025-03-21 00:00:00.000;1;2,8667;2;4,1
RV23.000029-002;180;180;1;6;30;14211A;3;3_SEL;3_SELA;2025-03-21 00:00:00.000;2;1,4333;1,2;7,2333
RV23.000029-002;1000;1000;1;NULL;NULL;14211A;2;4_AOI;4_AOI_SIDEB;2025-03-21 00:00:00.000;3;1,1667;1;0,9667
RV23.000029-002;543;543;1;NULL;NULL;14211A;APT-1600FD FP-MACHINE3;5_FPT;5_FPT_BASIC;2025-03-21 00:00:00.000;4;1,0167;0,7;0,6667
RV23.000029-002;181;181;1;NULL;NULL;14211A;APT-1600FD FP-MACHINE;5_FPT;5_FPT_BASIC;2025-03-21 00:00:00.000;5;1,0333;0,65;0,5833
RV23.000029-002;276;276;1;NULL;NULL;14211A;APT-1600FD FP-MACHINE2;5_FPT;5_FPT_BASIC;2025-03-21 00:00:00.000;6;1,1167;0,6833;0,6
RV23.000033-003;25;50;2;NULL;NULL;074M1A;2;4_AOI;4_AOI_SIDEA;2024-09-05 00:00:00.000;1;1,2833;1,0833;0,85
RV23.000033-003;25;50;2;NULL;NULL;074M1A;APT-1600FD FP-MACHINE2;5_FPT;5_FPT_BASIC;2024-09-05 00:00:00.000;2;0,5167;0,3167;0,3333
RV23.000037-001;73;146;2;4;41;040D1A;3;3_SEL;3_SELA;2024-09-19 00:00:00.000;1;3,6333;2,55;5,1
RV23.000037-001;75;150;2;NULL;NULL;040D1A;2;4_AOI;4_AOI_SIDEB;2024-09-19 00:00:00.000;2;1,4333;1,2667;1,2333
RV23.000037-001;73;146;2;NULL;NULL;040D1A;APT-1600FD FP-MACHINE2;5_FPT;5_FPT_BASIC;2024-09-19 00:00:00.000;3;1,25;0,7833;0,6667
RV23.000041-005;29;174;6;NULL;NULL;397HDB;2;4_AOI;4_AOI_SIDEB;2024-10-24 00:00:00.000;1;0,7;0,3833;0,35
RV23.000041-006;32;192;6;NULL;NULL;397HFB;2;4_AOI;4_AOI_SIDEB;2024-10-24 00:00:00.000;1;0,6167;0,3333;0,3333
RV23.000042-001;60;360;6;NULL;NULL;397JDB;2;4_AOI;4_AOI_SIDEB;2024-10-24 00:00:00.000;1;0,5333;0,3833;0,3833
RV23.000042-002;34;204;6;NULL;NULL;397JDB;2;4_AOI;4_AOI_SIDEB;2024-11-08 00:00:00.000;1;0,55;0,4;0,3833
RV23.000042-003;27;162;6;NULL;NULL;397JFB;2;4_AOI;4_AOI_SIDEB;2024-11-08 00:00:00.000;1;0,8667;0,6833;0,35
RV23.000044-002;50;50;1;2;27;040R1B;4;3_SEL;3_SELA;2024-12-09 00:00:00.000;1;4,3;3,1833;6,0333
RV23.000044-002;50;50;1;NULL;NULL;040R1B;2;4_AOI;4_AOI_SIDEA;2024-12-09 00:00:00.000;2;1,1167;0,8333;0,8333
RV23.000044-002;50;50;1;NULL;NULL;040R1B;APT-1600FD FP-MACHINE2;5_FPT;5_FPT_BASIC;2024-12-09 00:00:00.000;3;1,0333;0,5333;0,3333
RV23.000046-004;80;400;5;NULL;NULL;53731B;APT-1600FD FP-MACHINE2;5_FPT;5_FPT_BASIC;2025-02-05 00:00:00.000;1;1,2167;0,9667;0,9167
RV23.000046-004;80;400;5;NULL;NULL;53731B;2;4_AOI;4_AOI_SIDEB;2025-02-05 00:00:00.000;2;1,1167;0,85;0,8167
RV23.000056-002;49;98;2;NULL;NULL;89521A;2;4_AOI;4_AOI_SIDEA;2024-09-26 00:00:00.000;1;1,3833;1,1;1
RV23.000056-002;49;98;2;NULL;NULL;89521A;APT-1600FD FP-MACHINE;5_FPT;5_FPT_BASIC;2024-09-26 00:00:00.000;2;0,8333;0,6333;0,5833
RV23.000058-002;25;250;10;NULL;NULL;12591B;2;4_AOI;4_AOI_SIDEA;2024-10-15 00:00:00.000;1;1,8833;0,9833;0,9
RV23.000058-003;25;250;10;NULL;NULL;12591B;2;4_AOI;4_AOI_SIDEA;2025-02-26 00:00:00.000;1;1,25;0,9167;0,8833
RV23.000058-003;25;250;10;NULL;NULL;12591B;APT-1600FD FP-MACHINE2;5_FPT;5_FPT_BASIC;2025-02-26 00:00:00.000;2;0,85;0,65;0,6667
RV23.000058-004;25;250;10;NULL;NULL;12591B;2;4_AOI;4_AOI_SIDEA;2025-06-17 00:00:00.000;1;1,1333;0,9333;0,9167
RV23.000058-004;24;240;10;NULL;NULL;12591B;APT-1600FD FP-MACHINE3;5_FPT;5_FPT_BASIC;2025-06-17 00:00:00.000;2;0,85;0,65;0,6667
RV23.000076-012;169;2535;15;NULL;NULL;3976IH;2;4_AOI;4_AOI_SIDEB;2025-08-06 00:00:00.000;1;0,5;0,45;0,4167
RV23.000076-012;169;2535;15;NULL;NULL;3976IH;APT-1600FD FP-MACHINE;5_FPT;5_FPT_PREMIUM;2025-08-06 00:00:00.000;2;0,8833;0,7667;0,75
RV24.000007-002;55;110;2;NULL;NULL;350N1A;2;4_AOI;4_AOI_SIDEA;2025-06-05 00:00:00.000;1;1,2;1,0333;0,9833
RV24.000007-002;53;106;2;NULL;NULL;350N1A;APT-1600FD FP-MACHINE2;5_FPT;5_FPT_PREMIUM;2025-06-05 00:00:00.000;2;2,4667;2,1833;2,1667
RV24.000009-006;167;1002;6;NULL;NULL;39791C;2;4_AOI;4_AOI_SMT;2024-11-06 00:00:00.000;1;0,5833;0,4667;0,8833
RV24.000009-006;43;262;6;12;24;39791C;3;3_SEL;3_SELA;2024-11-06 00:00:00.000;2;2,45;1,7;3,1
RV24.000009-006;167;1002;6;NULL;NULL;39791C;2;4_AOI;4_AOI_SIDEA;2024-11-06 00:00:00.000;3;1,3;1,0333;0,8833
RV24.000009-006;167;1002;6;NULL;NULL;39791C;APT-1600FD FP-MACHINE3;5_FPT;5_FPT_BASIC;2024-11-06 00:00:00.000;4;1,45;1;0,9167
RV24.000010-015;50;100;2;2;50;54411A;4;3_SEL;3_SELA;2024-09-17 00:00:00.000;1;3,8333;3,8;3,8
RV24.000010-015;50;100;2;NULL;NULL;54411A;2;4_AOI;4_AOI_SIDEB;2024-09-17 00:00:00.000;2;1,55;1,3667;1,3333
RV24.000010-015;50;100;2;NULL;NULL;54411A;APT-1600FD FP-MACHINE3;5_FPT;5_FPT_PREMIUM;2024-09-17 00:00:00.000;3;2,8833;1,9833;1,8333
RV24.000010-016;616;1232;2;4;497;54411A;3;3_SEL;3_SELA;2025-02-07 00:00:00.000;1;2,6167;2,2167;2,7833
RV24.000010-016;630;1260;2;NULL;NULL;54411A;2;4_AOI;4_AOI_SIDEB;2025-02-07 00:00:00.000;2;1,55;1,3833;1,3667
RV24.000010-016;628;1256;2;NULL;NULL;54411A;APT-1600FD FP-MACHINE3;5_FPT;5_FPT_PREMIUM;2025-02-07 00:00:00.000;3;2,4167;2,0667;1,9167
RV24.000010-017;250;500;2;4;139;54411A;3;3_SEL;3_SELA;2025-02-26 00:00:00.000;1;1,95;1,55;2,8667
RV24.000010-017;254;508;2;NULL;NULL;54411A;2;4_AOI;4_AOI_SIDEB;2025-02-26 00:00:00.000;2;1,6167;1,4167;1,3833
RV24.000010-017;254;508;2;NULL;NULL;54411A;APT-1600FD FP-MACHINE2;5_FPT;5_FPT_PREMIUM;2025-02-26 00:00:00.000;3;2,7;2,3;2
RV24.000010-018;49;98;2;NULL;NULL;54411A;2;4_AOI;4_AOI_SIDEB;2024-10-09 00:00:00.000;1;1,45;1,35;1,35
RV24.000010-018;49;98;2;NULL;NULL;54411A;APT-1600FD FP-MACHINE3;5_FPT;5_FPT_PREMIUM;2024-10-09 00:00:00.000;2;2,5;2,3;1,8333
RV24.000010-019;372;745;2;4;214;54411A;3;3_SEL;3_SELA;2025-03-19 00:00:00.000;1;2,3667;2,05;3,8167
RV24.000010-019;374;748;2;NULL;NULL;54411A;2;4_AOI;4_AOI_SIDEB;2025-03-19 00:00:00.000;2;1,6667;1,45;1,4
RV24.000010-019;112;224;2;NULL;NULL;54411A;APT-1600FD FP-MACHINE3;5_FPT;5_FPT_PREMIUM;2025-03-19 00:00:00.000;3;2,8333;2,3333;2
RV24.000010-019;253;506;2;NULL;NULL;54411A;APT-1600FD FP-MACHINE;5_FPT;5_FPT_PREMIUM;2025-03-19 00:00:00.000;4;2,3167;2;1,9167
RV24.000010-020;315;630;2;NULL;NULL;54411A;2;4_AOI;4_AOI_SMT;2025-04-16 00:00:00.000;1;0,5833;0,5167;1,1833
RV24.000010-020;315;630;2;NULL;NULL;54411A;APT-1600FD FP-MACHINE3;5_FPT;5_FPT_PREMIUM;2025-04-16 00:00:00.000;2;1,3167;1,1833;1,0833
RV24.000010-020;315;630;2;4;161;54411A;3;3_SEL;3_SELA;2025-04-16 00:00:00.000;3;1,6833;1,4333;2,8833
RV24.000010-020;314;628;2;NULL;NULL;54411A;2;4_AOI;4_AOI_SIDEB;2025-04-16 00:00:00.000;4;1,35;1,3;1,1833
RV24.000010-021;315;630;2;NULL;NULL;54411A;2;4_AOI;4_AOI_SIDEB;2025-05-14 00:00:00.000;1;1,5;1,4167;1,3667
RV24.000010-021;315;630;2;4;160;54411A;3;3_SEL;3_SELA;2025-05-14 00:00:00.000;2;1,1;0,85;1,7
RV24.000010-021;315;630;2;NULL;NULL;54411A;APT-1600FD FP-MACHINE2;5_FPT;5_FPT_PREMIUM;2025-05-14 00:00:00.000;3;2,3667;2,0667;2
RV24.000010-022;273;546;2;4;137;54411A;3;3_SEL;3_SELA;2025-06-12 00:00:00.000;1;1;0,8167;1,65
RV24.000010-022;315;630;2;NULL;NULL;54411A;2;4_AOI;4_AOI_SIDEB;2025-06-12 00:00:00.000;2;1,5167;1,4;1,3667
RV24.000010-022;316;632;2;NULL;NULL;54411A;APT-1600FD FP-MACHINE3;5_FPT;5_FPT_PREMIUM;2025-06-12 00:00:00.000;3;2,4167;2,1;2
RV24.000010-023;315;630;2;NULL;NULL;54411A;2;4_AOI;4_AOI_SIDEB;2025-07-28 00:00:00.000;1;1,4833;1,3833;1,3667
RV24.000010-023;268;536;2;NULL;NULL;54411A;APT-1600FD FP-MACHINE2;5_FPT;5_FPT_PREMIUM;2025-07-28 00:00:00.000;2;2,3167;2,0333;2
RV24.000010-023;40;80;2;NULL;NULL;54411A;APT-1600FD FP-MACHINE3;5_FPT;5_FPT_PREMIUM;2025-07-28 00:00:00.000;4;2,3167;2,2;2
RV24.000010-024;315;630;2;NULL;NULL;54411A;2;4_AOI;4_AOI_SIDEB;2025-08-07 00:00:00.000;1;1,6167;1,4333;1,3833
RV24.000010-024;313;626;2;NULL;NULL;54411A;APT-1600FD FP-MACHINE2;5_FPT;5_FPT_PREMIUM;2025-08-07 00:00:00.000;2;2,15;1,9333;1,9167
RV24.000010-025;315;630;2;4;159;54411A;3;3_SEL;3_SELA;2025-09-23 00:00:00.000;1;1,0833;0,8167;1,65
RV24.000010-025;315;630;2;NULL;NULL;54411A;2;4_AOI;4_AOI_SIDEB;2025-09-23 00:00:00.000;2;1,4333;1,3667;1,35
RV24.000010-025;315;630;2;NULL;NULL;54411A;APT-1600FD FP-MACHINE3;5_FPT;5_FPT_PREMIUM;2025-09-23 00:00:00.000;3;2,15;1,9833;2
RV24.000010-026;313;626;2;NULL;NULL;54411A;9;6_DEP;6_DEP;2025-10-16 00:00:00.000;1;0,6333;0,5;0,4833
RV24.000010-026;315;630;2;4;158;54411A;3;3_SEL;3_SELA;2025-10-16 00:00:00.000;2;1,15;0,8833;1,7833
RV24.000010-026;315;630;2;NULL;NULL;54411A;2;4_AOI;4_AOI_SIDEB;2025-10-16 00:00:00.000;3;1,5167;1,4;1,35
RV24.000010-026;315;630;2;NULL;NULL;54411A;APT-1600FD FP-MACHINE;5_FPT;5_FPT_PREMIUM;2025-10-16 00:00:00.000;4;1,9833;1,8833;1,85
RV24.000010-027;315;630;2;4;159;54411A;3;3_SEL;3_SELA;2025-11-07 00:00:00.000;2;1,6833;1,4;2,8
RV24.000010-027;315;630;2;NULL;NULL;54411A;2;4_AOI;4_AOI_SIDEB;2025-11-07 00:00:00.000;3;1,5833;1,5;1,5
RV24.000010-027;162;324;2;NULL;NULL;54411A;APT-1600FD FP-MACHINE3;5_FPT;5_FPT_PREMIUM;2025-11-07 00:00:00.000;4;2,1667;1,9833;2
RV24.000010-027;312;624;2;NULL;NULL;54411A;9;6_DEP;6_DEP;2025-11-07 00:00:00.000;5;0,8;0,6167;0,5667
RV24.000010-027;57;114;2;NULL;NULL;54411A;APT-1600FD FP-MACHINE;5_FPT;5_FPT_PREMIUM;2025-11-07 00:00:00.000;6;2,2333;1,8833;1,9167
RV24.000010-027;96;192;2;NULL;NULL;54411A;APT-1600FD FP-MACHINE2;5_FPT;5_FPT_PREMIUM;2025-11-07 00:00:00.000;7;2,0833;1,9333;2
RV24.000010-028;180;360;2;4;94;54411A;3;3_SEL;3_SELA;2025-12-05 00:00:00.000;1;1,6833;1,2333;2,3833
RV24.000010-028;180;360;2;NULL;NULL;54411A;2;4_AOI;4_AOI_SIDEB;2025-12-05 00:00:00.000;2;1,7;1,5333;1,5
RV24.000010-028;180;360;2;NULL;NULL;54411A;APT-1600FD FP-MACHINE;5_FPT;5_FPT_PREMIUM;2025-12-05 00:00:00.000;3;2,0333;1,9;1,9167
RV24.000010-030;315;630;2;4;164;54411A;3;3_SEL;3_SELA;2026-02-03 00:00:00.000;1;1,1333;1;2
RV24.000010-030;315;630;2;NULL;NULL;54411A;2;4_AOI;4_AOI_SIDEB;2026-02-03 00:00:00.000;2;1,5167;1,4167;1,35
RV24.000010-030;315;630;2;NULL;NULL;54411A;APT-1600FD FP-MACHINE3;5_FPT;5_FPT_PREMIUM;2026-02-03 00:00:00.000;3;2,3833;2,0667;2
RV24.000010-030;315;630;2;NULL;NULL;54411A;9;6_DEP;6_DEP;2026-02-03 00:00:00.000;4;0,6667;0,5333;0,45
RV24.000010-031;315;630;2;NULL;NULL;54411A;8;1_SMT;1_SMTA;2026-03-10 00:00:00.000;1;0,7833;0,6333;0,4833
RV24.000010-031;315;630;2;4;160;54411A;3;3_SEL;3_SELA;2026-03-10 00:00:00.000;2;1,5167;1,1333;2,2833
RV24.000010-031;315;630;2;NULL;NULL;54411A;2;4_AOI;4_AOI_SIDEB;2026-03-10 00:00:00.000;3;1,5;1,4167;1,35
RV24.000010-031;315;630;2;NULL;NULL;54411A;APT-1600FD FP-MACHINE;5_FPT;5_FPT_PREMIUM;2026-03-10 00:00:00.000;4;1,9333;1,8333;1,8333
RV24.000010-031;315;630;2;NULL;NULL;54411A;9;6_DEP;6_DEP;2026-03-10 00:00:00.000;5;0,7333;0,6333;0,5833
RV24.000010-032;315;630;2;NULL;NULL;54411A;8;1_SMT;1_SMTA;2026-04-10 00:00:00.000;1;0,9;0,6833;0,4833
RV24.000010-032;315;630;2;NULL;NULL;54411A;2;4_AOI;4_AOI_SIDEB;2026-04-10 00:00:00.000;2;1,5833;1,5333;1,4833
RV24.000010-032;122;244;2;NULL;NULL;54411A;APT-1600FD FP-MACHINE3;5_FPT;5_FPT_PREMIUM;2026-04-10 00:00:00.000;3;2,2833;2,0333;1,9167
RV24.000010-032;194;388;2;NULL;NULL;54411A;APT-1600FD FP-MACHINE2;5_FPT;5_FPT_PREMIUM;2026-04-10 00:00:00.000;4;2,1;1,9833;1,9167
RV24.000010-032;314;628;2;NULL;NULL;54411A;9;6_DEP;6_DEP;2026-04-10 00:00:00.000;5;0,5667;0,4833;0,45
RV24.000010-033;312;624;2;NULL;NULL;54411A;8;1_SMT;1_SMTA;2026-05-07 00:00:00.000;1;0,7333;0,6833;0,4333
RV24.000010-033;206;412;2;4;162;54411A;3;3_SEL;3_SELA;2026-05-07 00:00:00.000;2;1,7167;1,3333;1,75
RV24.000010-033;314;628;2;NULL;NULL;54411A;2;4_AOI;4_AOI_SIDEB;2026-05-07 00:00:00.000;3;1,5167;1,4833;1,4833
RV24.000010-033;290;580;2;NULL;NULL;54411A;APT-1600FD FP-MACHINE;5_FPT;5_FPT_PREMIUM;2026-05-07 00:00:00.000;4;2,0167;1,8833;1,9167
RV24.000010-033;314;628;2;NULL;NULL;54411A;9;6_DEP;6_DEP;2026-05-07 00:00:00.000;6;0,5833;0,5167;0,45
RV24.000010-034;313;626;2;NULL;NULL;54411A;8;1_SMT;1_SMTA;2026-06-09 00:00:00.000;1;0,6667;0,6;0,4167
RV24.000010-034;314;628;2;4;161;54411A;3;3_SEL;3_SELA;2026-06-09 00:00:00.000;2;1,35;1,1333;2,2667
RV24.000010-034;314;628;2;NULL;NULL;54411A;2;4_AOI;4_AOI_SIDEB;2026-06-09 00:00:00.000;3;1,6;1,4667;1,3667
RV24.000010-034;312;624;2;NULL;NULL;54411A;APT-1600FD FP-MACHINE2;5_FPT;5_FPT_PREMIUM;2026-06-09 00:00:00.000;4;2,0333;1,9667;1,9333
RV24.000010-034;311;622;2;NULL;NULL;54411A;9;6_DEP;6_DEP;2026-06-09 00:00:00.000;5;0,6833;0,4833;0,4333
RV24.000010-035;315;630;2;NULL;NULL;54411A;7;1_SMT;1_SMTA;2026-07-07 00:00:00.000;1;0,8833;0,7;0,4167
RV24.000010-035;315;630;2;NULL;NULL;54411A;2;4_AOI;4_AOI_SIDEB;2026-07-07 00:00:00.000;2;1,8167;1,6;1,3667
RV24.000010-035;315;630;2;4;173;54411A;3;3_SEL;3_SELA;2026-07-07 00:00:00.000;3;1,7833;1,6167;3,1833
RV24.000010-035;183;366;2;NULL;NULL;54411A;APT-1600FD FP-MACHINE2;5_FPT;5_FPT_PREMIUM;2026-07-07 00:00:00.000;4;1,9167;1,8833;1,9167
RV24.000010-035;132;264;2;NULL;NULL;54411A;APT-1600FD FP-MACHINE;5_FPT;5_FPT_PREMIUM;2026-07-07 00:00:00.000;5;1,7833;1,75;1,75
RV24.000010-035;313;626;2;NULL;NULL;54411A;9;6_DEP;6_DEP;2026-07-07 00:00:00.000;6;0,5333;0,4833;0,4333
RV24.000010-036;315;630;2;NULL;NULL;54411A;8;1_SMT;1_SMTA;2026-07-27 00:00:00.000;1;0,7;0,6;0,45
RV24.000010-036;315;630;2;NULL;NULL;54411A;2;4_AOI;4_AOI_SIDEB;2026-07-27 00:00:00.000;2;1,4833;1,35;1,3167
RV24.000010-036;47;94;2;NULL;NULL;54411A;APT-1600FD FP-MACHINE2;5_FPT;5_FPT_PREMIUM;2026-07-27 00:00:00.000;3;2,2;1,8833;1,9167
RV24.000010-036;269;538;2;NULL;NULL;54411A;APT-1600FD FP-MACHINE3;5_FPT;5_FPT_PREMIUM;2026-07-27 00:00:00.000;4;2,15;2;2
RV24.000010-036;313;626;2;NULL;NULL;54411A;9;6_DEP;6_DEP;2026-07-27 00:00:00.000;5;0,6333;0,55;0,5333
RV24.000011-002;10;100;10;NULL;NULL;54421A;2;4_AOI;4_AOI_SMT;2024-09-09 00:00:00.000;1;1,55;0,65;1,5
RV24.000011-002;10;100;10;NULL;NULL;54421A;APT-1600FD FP-MACHINE2;5_FPT;5_FPT_PREMIUM;2024-09-09 00:00:00.000;2;7,3167;5,3167;6,4167
RV24.000011-002;10;100;10;NULL;NULL;54421A;2;4_AOI;4_AOI_SIDEB;2024-09-09 00:00:00.000;3;2,2167;1,55;1,5
RV24.000011-003;10;100;10;NULL;NULL;54421A;2;4_AOI;4_AOI_SMT;2024-11-21 00:00:00.000;1;1,8333;0,5833;0,9833
RV24.000011-005;19;190;10;NULL;NULL;54421A;2;4_AOI;4_AOI_SMT;2025-01-23 00:00:00.000;2;1,7333;0,4833;0,5333
RV24.000011-005;19;190;10;NULL;NULL;5442AA;2;4_AOI;4_AOI_SMT;2025-01-23 00:00:00.000;3;0,8167;0,5667;0,5333
RV24.000011-005;14;140;10;NULL;NULL;5442AA;APT-1600FD FP-MACHINE3;5_FPT;5_FPT_PREMIUM;2025-01-23 00:00:00.000;4;3,7167;3,3667;3,0833
RV24.000011-006;15;150;10;NULL;NULL;54421A;2;4_AOI;4_AOI_SMT;2025-02-17 00:00:00.000;1;0,8833;0,55;1,5333
RV24.000011-006;15;150;10;NULL;NULL;54421A;APT-1600FD FP-MACHINE2;5_FPT;5_FPT_PREMIUM;2025-02-17 00:00:00.000;2;4,15;3,4833;3,3
RV24.000011-006;15;150;10;NULL;NULL;54421A;2;4_AOI;4_AOI_SIDEB;2025-02-17 00:00:00.000;4;2,7;1,7;1,5333
RV24.000011-007;15;150;10;NULL;NULL;54421A;2;4_AOI;4_AOI_SMT;2025-03-19 00:00:00.000;1;0,8333;0,5;0,5
RV24.000011-007;15;150;10;NULL;NULL;54421A;APT-1600FD FP-MACHINE;5_FPT;5_FPT_PREMIUM;2025-03-19 00:00:00.000;2;4,9;3,9;3,3333
RV24.000011-007;15;150;10;10;15;54421A;3;3_SEL;3_SELA;2025-03-19 00:00:00.000;3;3,9833;3,8;3,8
RV24.000011-007;15;150;10;NULL;NULL;54421A;2;4_AOI;4_AOI_SIDEB;2025-03-19 00:00:00.000;4;2,2833;1,6;0,5
RV24.000011-008;15;150;10;NULL;NULL;54421A;2;4_AOI;4_AOI_SMT;2025-04-22 00:00:00.000;1;0,8667;0,5333;0,5
RV24.000011-008;15;150;10;NULL;NULL;54421A;APT-1600FD FP-MACHINE3;5_FPT;5_FPT_PREMIUM;2025-04-22 00:00:00.000;2;5,4333;4,4333;4,25
RV24.000011-008;11;110;10;10;11;54421A;3;3_SEL;3_SELA;2025-04-22 00:00:00.000;3;3,8;3,8;3,8
RV24.000011-008;15;150;10;NULL;NULL;54421A;2;4_AOI;4_AOI_SIDEB;2025-04-22 00:00:00.000;4;2,2;1,9333;0,5
RV24.000011-009;15;150;10;NULL;NULL;54421A;2;4_AOI;4_AOI_SMT;2025-05-12 00:00:00.000;1;1;0,4667;0,5
RV24.000011-009;15;150;10;NULL;NULL;54421A;APT-1600FD FP-MACHINE2;5_FPT;5_FPT_PREMIUM;2025-05-12 00:00:00.000;2;4,7;4,0333;3,5
RV24.000011-009;15;150;10;NULL;NULL;54421A;2;4_AOI;4_AOI_SIDEB;2025-05-12 00:00:00.000;4;2,0333;1,7;0,5
RV24.000011-010;15;150;10;NULL;NULL;54421A;2;4_AOI;4_AOI_SMT;2025-06-06 00:00:00.000;1;1,0667;0,7333;1,6333
RV24.000011-010;15;150;10;NULL;NULL;54421A;APT-1600FD FP-MACHINE2;5_FPT;5_FPT_PREMIUM;2025-06-06 00:00:00.000;2;4,3333;3,6667;3,5
RV24.000011-010;15;150;10;NULL;NULL;54421A;2;4_AOI;4_AOI_SIDEB;2025-06-06 00:00:00.000;3;2;1,6667;1,6333
RV24.000011-011;15;150;10;NULL;NULL;54421A;2;4_AOI;4_AOI_SMT;2025-07-15 00:00:00.000;1;1,0167;0,55;0,5667
RV24.000011-011;15;150;10;NULL;NULL;54421A;APT-1600FD FP-MACHINE;5_FPT;5_FPT_PREMIUM;2025-07-15 00:00:00.000;2;4,4;3,7333;3,35
RV24.000011-011;15;150;10;NULL;NULL;54421A;2;4_AOI;4_AOI_SIDEB;2025-07-15 00:00:00.000;3;1,8833;1,55;0,5667
RV24.000011-012;15;150;10;NULL;NULL;54421A;2;4_AOI;4_AOI_SMT;2025-08-07 00:00:00.000;1;0,95;0,6167;1,5833
RV24.000011-012;15;150;10;NULL;NULL;54421A;APT-1600FD FP-MACHINE;5_FPT;5_FPT_PREMIUM;2025-08-07 00:00:00.000;2;4,5167;3,5167;3,4167
RV24.000011-012;15;150;10;NULL;NULL;54421A;2;4_AOI;4_AOI_SIDEB;2025-08-07 00:00:00.000;3;2,3;1,6333;1,5833
RV24.000011-013;15;150;10;NULL;NULL;54421A;2;4_AOI;4_AOI_SMT;2025-09-25 00:00:00.000;1;1;0,7667;0,6667
RV24.000011-013;15;150;10;NULL;NULL;54421A;APT-1600FD FP-MACHINE3;5_FPT;5_FPT_PREMIUM;2025-09-25 00:00:00.000;2;5,2333;4,5667;3,6
RV24.000011-013;15;150;10;NULL;NULL;54421A;2;4_AOI;4_AOI_SIDEB;2025-09-25 00:00:00.000;4;1,9;1,5667;0,6667
RV24.000011-014;15;150;10;NULL;NULL;54421A;2;4_AOI;4_AOI_SMT;2025-10-16 00:00:00.000;1;0,85;0,6167;0,6667
RV24.000011-014;15;150;10;NULL;NULL;54421A;APT-1600FD FP-MACHINE;5_FPT;5_FPT_PREMIUM;2025-10-16 00:00:00.000;2;4,1167;3,45;3,4167
RV24.000011-014;15;150;10;NULL;NULL;54421A;2;4_AOI;4_AOI_SIDEB;2025-10-16 00:00:00.000;3;2,2167;1,55;0,6667
RV24.000011-014;14;149;10;10;15;54421A;3;3_SEL;3_SELA;2025-10-16 00:00:00.000;4;4,3333;3,25;3,2333
RV24.000011-014;15;150;10;NULL;NULL;54421A;9;6_DEP;6_DEP;2025-10-16 00:00:00.000;5;2,8167;1,3167;1,3
RV24.000011-015;15;150;10;NULL;NULL;54421A;2;4_AOI;4_AOI_SMT;2025-11-10 00:00:00.000;1;0,8167;0,8167;1,7
RV24.000011-015;15;150;10;NULL;NULL;54421A;APT-1600FD FP-MACHINE3;5_FPT;5_FPT_PREMIUM;2025-11-10 00:00:00.000;2;5,2833;3,95;3,7167
RV24.000011-015;15;150;10;NULL;NULL;54421A;2;4_AOI;4_AOI_SIDEB;2025-11-10 00:00:00.000;4;2,1833;1,8667;1,7
RV24.000011-016;15;150;10;NULL;NULL;54421A;2;4_AOI;4_AOI_SMT;2025-11-21 00:00:00.000;1;1,5667;0,85;1,7167
RV24.000011-016;15;150;10;NULL;NULL;54421A;APT-1600FD FP-MACHINE;5_FPT;5_FPT_PREMIUM;2025-11-21 00:00:00.000;2;3,7333;3,4;3,4167
RV24.000011-016;15;150;10;NULL;NULL;54421A;2;4_AOI;4_AOI_SIDEB;2025-11-21 00:00:00.000;4;2,1667;1,8333;1,7167
RV24.000011-019;15;150;10;NULL;NULL;54421A;8;1_SMT;1_SMTB;2026-03-05 00:00:00.000;1;1,25;0,9167;0,6667
RV24.000011-019;15;150;10;NULL;NULL;54421A;8;1_SMT;1_SMTA;2026-03-05 00:00:00.000;2;2;1;0,6667
RV24.000011-019;15;150;10;NULL;NULL;54421A;2;4_AOI;4_AOI_SMT;2026-03-05 00:00:00.000;3;0,8333;0,65;0,55
RV24.000011-019;15;150;10;NULL;NULL;54421A;APT-1600FD FP-MACHINE2;5_FPT;5_FPT_PREMIUM;2026-03-05 00:00:00.000;4;3,7333;3,4;3,4167
RV24.000011-019;14;140;10;10;15;54421A;3;3_SEL;3_SELA;2026-03-05 00:00:00.000;5;4,4;3,2167;3,0167
RV24.000011-019;15;150;10;NULL;NULL;54421A;2;4_AOI;4_AOI_SIDEB;2026-03-05 00:00:00.000;6;1,7833;1,7833;0,55
RV24.000011-019;15;150;10;NULL;NULL;54421A;9;6_DEP;6_DEP;2026-03-05 00:00:00.000;7;2,1167;1,45;1,2667
RV24.000011-020;15;150;10;NULL;NULL;54421A;8;1_SMT;1_SMTB;2026-03-26 00:00:00.000;1;1,0167;0,6833;0,65
RV24.000011-020;15;150;10;NULL;NULL;54421A;8;1_SMT;1_SMTA;2026-03-26 00:00:00.000;2;2,3667;1,1833;0,65
RV24.000011-020;15;150;10;NULL;NULL;54421A;2;4_AOI;4_AOI_SMT;2026-03-26 00:00:00.000;3;0,9333;0,6;0,5833
RV24.000011-020;15;150;10;NULL;NULL;54421A;APT-1600FD FP-MACHINE2;5_FPT;5_FPT_PREMIUM;2026-03-26 00:00:00.000;4;3,7833;3,45;3,4333
RV24.000011-020;15;150;10;NULL;NULL;54421A;11;4_AOI;4_AOI_SIDEB;2026-03-26 00:00:00.000;5;1,95;1,6333;1,45
RV24.000011-020;15;150;10;NULL;NULL;54421A;9;6_DEP;6_DEP;2026-03-26 00:00:00.000;6;1,6667;1,3333;1,2333
RV24.000011-021;13;130;10;NULL;NULL;54421A;8;1_SMT;1_SMTB;2026-05-04 00:00:00.000;1;1,4667;1,0833;0,6833
RV24.000011-021;15;150;10;NULL;NULL;54421A;8;1_SMT;1_SMTA;2026-05-04 00:00:00.000;2;1,6833;1,05;0,6833
RV24.000011-021;15;150;10;NULL;NULL;54421A;2;4_AOI;4_AOI_SMT;2026-05-04 00:00:00.000;3;1;0,6667;1,7
RV24.000011-021;15;150;10;NULL;NULL;54421A;APT-1600FD FP-MACHINE2;5_FPT;5_FPT_PREMIUM;2026-05-04 00:00:00.000;4;3,75;3,4167;3,4167
RV24.000011-021;15;150;10;NULL;NULL;54421A;2;4_AOI;4_AOI_SIDEB;2026-05-04 00:00:00.000;5;2,4333;1,7667;1,7
RV24.000011-021;15;150;10;NULL;NULL;54421A;9;6_DEP;6_DEP;2026-05-04 00:00:00.000;7;2,2;1,3667;1,3167
RV24.000011-023;15;150;10;NULL;NULL;54421A;2;4_AOI;4_AOI_SMT;2026-05-27 00:00:00.000;1;0,85;0,5167;0,5167
RV24.000011-023;15;150;10;NULL;NULL;54421A;8;1_SMT;1_SMTB;2026-05-27 00:00:00.000;2;1,35;1,0167;0,6
RV24.000011-023;15;150;10;NULL;NULL;54421A;8;1_SMT;1_SMTA;2026-05-27 00:00:00.000;3;1,25;0,5833;0,6
RV24.000011-023;15;150;10;NULL;NULL;54421A;APT-1600FD FP-MACHINE2;5_FPT;5_FPT_PREMIUM;2026-05-27 00:00:00.000;4;3,55;3,55;3,4
RV24.000011-023;15;150;10;NULL;NULL;54421A;11;4_AOI;4_AOI_SIDEB;2026-05-27 00:00:00.000;5;2,0833;1,4167;1,4167
RV24.000011-023;14;140;10;10;16;54421A;3;3_SEL;3_SELA;2026-05-27 00:00:00.000;6;3,6167;2,65;2,6
RV24.000011-023;15;150;10;NULL;NULL;54421A;9;6_DEP;6_DEP;2026-05-27 00:00:00.000;7;2,1833;1,5167;1,2667
RV24.000011-024;15;150;10;NULL;NULL;54421A;11;4_AOI;4_AOI_SMT;2026-06-29 00:00:00.000;1;0,95;0,6167;1,4333
RV24.000011-024;15;150;10;NULL;NULL;54421A;APT-1600FD FP-MACHINE2;5_FPT;5_FPT_PREMIUM;2026-06-29 00:00:00.000;2;3,8667;3,5333;3,5
RV24.000011-024;15;150;10;NULL;NULL;54421A;11;4_AOI;4_AOI_SIDEB;2026-06-29 00:00:00.000;3;2,2;1,5833;1,4333
RV24.000011-024;15;150;10;NULL;NULL;54421A;9;6_DEP;6_DEP;2026-06-29 00:00:00.000;4;1,55;1,2167;1,2
RV24.000011-025;15;150;10;NULL;NULL;54421A;8;1_SMT;1_SMTB;2026-07-23 00:00:00.000;1;1,1167;1,1167;0,5833
RV24.000011-025;15;150;10;NULL;NULL;54421A;8;1_SMT;1_SMTA;2026-07-23 00:00:00.000;2;1,3;0,6333;0,5833
RV24.000011-025;15;150;10;NULL;NULL;54421A;2;4_AOI;4_AOI_SMT;2026-07-23 00:00:00.000;3;0,8833;0,55;0,55
RV24.000011-025;15;150;10;NULL;NULL;54421A;APT-1600FD FP-MACHINE;5_FPT;5_FPT_PREMIUM;2026-07-23 00:00:00.000;4;3,6833;3,35;3,3333
RV24.000011-025;15;150;10;NULL;NULL;54421A;11;4_AOI;4_AOI_SIDEB;2026-07-23 00:00:00.000;5;1,75;1,4167;1,4333
RV24.000011-025;15;150;10;NULL;NULL;54421A;9;6_DEP;6_DEP;2026-07-23 00:00:00.000;6;1,5667;1,2333;1,2
RV24.000012-002;30;300;10;NULL;NULL;5442AA;2;4_AOI;4_AOI_SMT;2024-09-10 00:00:00.000;1;0,7667;0,5833;0,55
RV24.000012-002;30;300;10;NULL;NULL;5442AA;APT-1600FD FP-MACHINE2;5_FPT;5_FPT_PREMIUM;2024-09-10 00:00:00.000;2;5,1833;4,0167;3,3333
RV24.000012-002;30;300;10;NULL;NULL;5442AA;2;4_AOI;4_AOI_SIDEB;2024-09-10 00:00:00.000;3;1,8167;1,4;0,55
RV24.000012-003;23;230;10;NULL;NULL;5442AA;2;4_AOI;4_AOI_SMT;2024-11-21 00:00:00.000;1;1,2833;0,5667;0,55
RV24.000012-003;13;130;10;NULL;NULL;5442AA;APT-1600FD FP-MACHINE;5_FPT;5_FPT_PREMIUM;2024-11-21 00:00:00.000;2;4,3;3,1333;3,1667
RV24.000012-003;13;130;10;NULL;NULL;5442AA;2;4_AOI;4_AOI_SIDEB;2024-11-21 00:00:00.000;3;2,4333;1,4833;0,55
RV24.000012-003;17;170;10;NULL;NULL;5442AA;APT-1600FD FP-MACHINE3;5_FPT;5_FPT_PREMIUM;2024-11-21 00:00:00.000;4;2,1667;1,2833;0,9167
RV24.000012-004;15;150;10;NULL;NULL;5442AA;2;4_AOI;4_AOI_SIDEB;2025-01-23 00:00:00.000;1;2,2833;1,5667;1,5833
RV24.000012-005;15;150;10;NULL;NULL;5442AA;2;4_AOI;4_AOI_SMT;2025-01-08 00:00:00.000;1;1,1667;0,6167;1,5
RV24.000012-005;16;160;10;NULL;NULL;5442AA;APT-1600FD FP-MACHINE3;5_FPT;5_FPT_PREMIUM;2025-01-08 00:00:00.000;2;5,25;3,7;3,1833
RV24.000012-005;15;150;10;NULL;NULL;5442AA;2;4_AOI;4_AOI_SIDEB;2025-01-08 00:00:00.000;4;2,2167;1,7167;1,5
RV24.000012-006;15;150;10;NULL;NULL;5442AA;2;4_AOI;4_AOI_SMT;2025-02-17 00:00:00.000;1;0,9667;0,6333;1,5333
RV24.000012-006;15;150;10;NULL;NULL;5442AA;APT-1600FD FP-MACHINE2;5_FPT;5_FPT_PREMIUM;2025-02-17 00:00:00.000;2;3,75;3,0833;3,0833
RV24.000012-006;15;150;10;NULL;NULL;54421A;APT-1600FD FP-MACHINE2;5_FPT;5_FPT_PREMIUM;2025-02-17 00:00:00.000;3;3,0833;3,0833;3,0833
RV24.000012-006;29;290;10;NULL;NULL;5442AA;2;4_AOI;4_AOI_SIDEB;2025-02-17 00:00:00.000;5;2,0667;1,9;1,5333
RV24.000012-006;29;290;10;NULL;NULL;54421A;2;4_AOI;4_AOI_SIDEB;2025-02-17 00:00:00.000;6;6,5333;1,5333;1,5333
RV24.000012-007;15;150;10;NULL;NULL;5442AA;2;4_AOI;4_AOI_SMT;2025-03-19 00:00:00.000;1;1,2167;0,75;0,6
RV24.000012-007;16;160;10;NULL;NULL;5442AA;APT-1600FD FP-MACHINE;5_FPT;5_FPT_PREMIUM;2025-03-19 00:00:00.000;2;4,4667;3,2167;3,0833
RV24.000012-007;14;149;10;10;15;5442AA;3;3_SEL;3_SELA;2025-03-19 00:00:00.000;3;3,5833;3,3;3,2833
RV24.000012-007;15;150;10;NULL;NULL;5442AA;2;4_AOI;4_AOI_SIDEB;2025-03-19 00:00:00.000;4;2;2;0,6
RV24.000012-008;15;150;10;NULL;NULL;5442AA;2;4_AOI;4_AOI_SMT;2025-04-22 00:00:00.000;1;0,9;0,5667;1,0167
RV24.000012-008;15;150;10;NULL;NULL;5442AA;APT-1600FD FP-MACHINE3;5_FPT;5_FPT_PREMIUM;2025-04-22 00:00:00.000;2;4,3;3,6333;3,0833
RV24.000012-008;15;150;10;NULL;NULL;5442AA;2;4_AOI;4_AOI_SIDEB;2025-04-22 00:00:00.000;3;1,9667;1,6;1,0167
RV24.000012-008;15;150;10;10;16;5442AA;3;3_SEL;3_SELA;2025-04-22 00:00:00.000;4;2,9333;2,45;2,45
RV24.000012-009;15;150;10;NULL;NULL;5442AA;2;4_AOI;4_AOI_SMT;2025-05-12 00:00:00.000;1;1,0667;0,7833;1,5167
RV24.000012-009;15;150;10;NULL;NULL;5442AA;APT-1600FD FP-MACHINE2;5_FPT;5_FPT_PREMIUM;2025-05-12 00:00:00.000;2;4,2833;3,2833;3,1
RV24.000012-009;15;150;10;NULL;NULL;5442AA;2;4_AOI;4_AOI_SIDEB;2025-05-12 00:00:00.000;4;1,9333;1,6833;1,5167
RV24.000012-010;15;150;10;NULL;NULL;5442AA;2;4_AOI;4_AOI_SMT;2025-06-06 00:00:00.000;1;0,95;0,6167;0,5833
RV24.000012-010;15;150;10;NULL;NULL;5442AA;APT-1600FD FP-MACHINE2;5_FPT;5_FPT_PREMIUM;2025-06-06 00:00:00.000;2;5,8833;4,55;4,6667
RV24.000012-010;15;150;10;NULL;NULL;5442AA;2;4_AOI;4_AOI_SIDEB;2025-06-06 00:00:00.000;4;1,8667;1,5333;0,5833
RV24.000012-011;15;150;10;NULL;NULL;5442AA;2;4_AOI;4_AOI_SMT;2025-07-15 00:00:00.000;1;1,15;0,6167;1,05
RV24.000012-011;15;150;10;NULL;NULL;5442AA;APT-1600FD FP-MACHINE;5_FPT;5_FPT_PREMIUM;2025-07-15 00:00:00.000;2;4,3833;3,05;3,0833
RV24.000012-011;15;150;10;NULL;NULL;5442AA;2;4_AOI;4_AOI_SIDEB;2025-07-15 00:00:00.000;3;2,3;1,6833;1,05
RV24.000012-012;15;150;10;NULL;NULL;5442AA;2;4_AOI;4_AOI_SMT;2025-08-07 00:00:00.000;1;0,9833;0,65;1,5333
RV24.000012-012;15;150;10;NULL;NULL;5442AA;APT-1600FD FP-MACHINE;5_FPT;5_FPT_PREMIUM;2025-08-07 00:00:00.000;2;4,05;3,05;3,0833
RV24.000012-012;15;150;10;NULL;NULL;5442AA;2;4_AOI;4_AOI_SIDEB;2025-08-07 00:00:00.000;3;2,05;1,5333;1,5333
RV24.000012-013;15;150;10;NULL;NULL;5442AA;APT-1600FD FP-MACHINE3;5_FPT;5_FPT_PREMIUM;2025-09-25 00:00:00.000;1;4,5;3,1667;3,1667
RV24.000012-013;15;150;10;NULL;NULL;5442AA;2;4_AOI;4_AOI_SMT;2025-09-25 00:00:00.000;2;0,85;0,85;1,4833
RV24.000012-013;15;150;10;NULL;NULL;5442AA;2;4_AOI;4_AOI_SIDEB;2025-09-25 00:00:00.000;3;1,85;1,5167;1,4833
RV24.000012-014;15;150;10;NULL;NULL;5442AA;APT-1600FD FP-MACHINE;5_FPT;5_FPT_PREMIUM;2025-10-16 00:00:00.000;1;3,7333;3,0667;3,0833
RV24.000012-014;15;150;10;NULL;NULL;5442AA;2;4_AOI;4_AOI_SMT;2025-10-16 00:00:00.000;2;1,0667;0,65;1,5
RV24.000012-014;15;150;10;NULL;NULL;5442AA;2;4_AOI;4_AOI_SIDEB;2025-10-16 00:00:00.000;4;1,9;1,7333;1,5
RV24.000012-014;15;150;10;NULL;NULL;5442AA;9;6_DEP;6_DEP;2025-10-16 00:00:00.000;5;2,0167;1,3833;1,2833
RV24.000012-015;15;150;10;NULL;NULL;5442AA;2;4_AOI;4_AOI_SMT;2025-11-10 00:00:00.000;1;1,1333;0,8;1,6
RV24.000012-015;15;150;10;NULL;NULL;5442AA;APT-1600FD FP-MACHINE3;5_FPT;5_FPT_PREMIUM;2025-11-10 00:00:00.000;2;3,95;3,2833;3,1667
RV24.000012-015;15;150;10;10;15;5442AA;3;3_SEL;3_SELA;2025-11-10 00:00:00.000;3;4,6167;3,4667;3,4667
RV24.000012-015;15;150;10;NULL;NULL;5442AA;2;4_AOI;4_AOI_SIDEB;2025-11-10 00:00:00.000;4;2,0833;1,75;1,6
RV24.000012-016;15;150;10;NULL;NULL;5442AA;2;4_AOI;4_AOI_SMT;2025-11-21 00:00:00.000;1;1,1667;0,6833;1
RV24.000012-016;15;150;10;NULL;NULL;5442AA;APT-1600FD FP-MACHINE;5_FPT;5_FPT_PREMIUM;2025-11-21 00:00:00.000;2;3,4167;3,0833;3,0833
RV24.000012-016;15;150;10;NULL;NULL;54421A;APT-1600FD FP-MACHINE;5_FPT;5_FPT_PREMIUM;2025-11-21 00:00:00.000;3;3,0167;3,0167;3,0833
RV24.000012-016;15;150;10;NULL;NULL;54421A;2;4_AOI;4_AOI_SIDEB;2025-11-21 00:00:00.000;6;1,7;1,7;1
RV24.000012-016;15;150;10;NULL;NULL;5442AA;2;4_AOI;4_AOI_SIDEB;2025-11-21 00:00:00.000;7;1,9167;1,5833;1
RV24.000012-017;15;150;10;NULL;NULL;5442AA;2;4_AOI;4_AOI_SMT;2026-01-22 00:00:00.000;1;1,15;0,8;1,4333
RV24.000012-017;15;150;10;NULL;NULL;5442AA;APT-1600FD FP-MACHINE;5_FPT;5_FPT_PREMIUM;2026-01-22 00:00:00.000;2;3,45;3,1167;3,1333
RV24.000012-017;14;144;10;10;18;5442AA;3;3_SEL;3_SELA;2026-01-22 00:00:00.000;3;6,5167;6,3833;5,85
RV24.000012-017;15;150;10;NULL;NULL;5442AA;2;4_AOI;4_AOI_SIDEB;2026-01-22 00:00:00.000;4;2,9;2,0167;1,4333
RV24.000012-018;30;300;10;NULL;NULL;54421A;2;4_AOI;4_AOI_SMT;2026-01-22 00:00:00.000;1;1,05;0,55;0,6
RV24.000012-018;15;150;10;NULL;NULL;54421A;APT-1600FD FP-MACHINE3;5_FPT;5_FPT_PREMIUM;2026-01-22 00:00:00.000;2;4,25;3,5833;3,5833
RV24.000012-018;29;295;10;10;30;54421A;3;3_SEL;3_SELA;2026-01-22 00:00:00.000;3;6,35;6,3333;6,1333
RV24.000012-018;30;300;10;NULL;NULL;54421A;2;4_AOI;4_AOI_SIDEB;2026-01-22 00:00:00.000;4;1,8833;1,55;0,6
RV24.000012-018;15;150;10;NULL;NULL;5442AA;8;1_SMT;1_SMTB;2026-01-22 00:00:00.000;5;1,6;0,9333;0,7167
RV24.000012-018;15;150;10;NULL;NULL;5442AA;8;1_SMT;1_SMTA;2026-01-22 00:00:00.000;6;1,4833;0,8167;0,7167
RV24.000012-018;30;300;10;NULL;NULL;5442AA;2;4_AOI;4_AOI_SMT;2026-01-22 00:00:00.000;7;1,0333;0,7;0,6
RV24.000012-018;15;150;10;NULL;NULL;5442AA;APT-1600FD FP-MACHINE2;5_FPT;5_FPT_PREMIUM;2026-01-22 00:00:00.000;8;3,75;3,4167;3,4167
RV24.000012-018;29;295;10;10;30;5442AA;3;3_SEL;3_SELA;2026-01-22 00:00:00.000;9;6,1333;6,1333;6,1333
RV24.000012-018;30;300;10;NULL;NULL;5442AA;2;4_AOI;4_AOI_SIDEB;2026-01-22 00:00:00.000;10;1,9167;1,5833;0,6
RV24.000012-018;15;150;10;NULL;NULL;5442AA;9;6_DEP;6_DEP;2026-01-22 00:00:00.000;11;2,2333;1,9;1,8833
RV24.000012-019;15;150;10;NULL;NULL;5442AA;8;1_SMT;1_SMTB;2026-03-26 00:00:00.000;1;1;0,6667;0,6333
RV24.000012-019;15;150;10;NULL;NULL;5442AA;8;1_SMT;1_SMTA;2026-03-26 00:00:00.000;2;2,2;1,2;0,6333
RV24.000012-019;15;150;10;NULL;NULL;5442AA;2;4_AOI;4_AOI_SMT;2026-03-26 00:00:00.000;3;0,9167;0,7;0,6333
RV24.000012-019;15;150;10;NULL;NULL;5442AA;APT-1600FD FP-MACHINE2;5_FPT;5_FPT_PREMIUM;2026-03-26 00:00:00.000;4;3,4667;3,1333;3,1667
RV24.000012-019;15;150;10;NULL;NULL;5442AA;11;4_AOI;4_AOI_SIDEB;2026-03-26 00:00:00.000;5;1,85;1,35;1,35
RV24.000012-019;15;150;10;NULL;NULL;5442AA;9;6_DEP;6_DEP;2026-03-26 00:00:00.000;6;1,9167;1,25;1,2333
RV24.000012-020;15;150;10;NULL;NULL;5442AA;8;1_SMT;1_SMTB;2026-05-04 00:00:00.000;1;1,4833;1,15;0,65
RV24.000012-020;15;150;10;NULL;NULL;5442AA;8;1_SMT;1_SMTA;2026-05-04 00:00:00.000;2;1,3833;0,7167;0,65
RV24.000012-020;15;150;10;NULL;NULL;5442AA;2;4_AOI;4_AOI_SMT;2026-05-04 00:00:00.000;3;1,0833;0,7667;1,6667
RV24.000012-020;15;150;10;NULL;NULL;5442AA;APT-1600FD FP-MACHINE3;5_FPT;5_FPT_PREMIUM;2026-05-04 00:00:00.000;4;3,4667;3,1333;3,1333
RV24.000012-020;15;150;10;NULL;NULL;5442AA;2;4_AOI;4_AOI_SIDEB;2026-05-04 00:00:00.000;6;2,0167;1,6833;1,6667
RV24.000012-020;15;150;10;NULL;NULL;5442AA;9;6_DEP;6_DEP;2026-05-04 00:00:00.000;7;1,75;1,4167;1,2667
RV24.000012-021;15;150;10;NULL;NULL;5442AA;2;4_AOI;4_AOI_SMT;2026-05-27 00:00:00.000;1;0,8833;0,55;0,55
RV24.000012-021;15;150;10;NULL;NULL;5442AA;8;1_SMT;1_SMTB;2026-05-27 00:00:00.000;2;1,1333;1,1333;0,6
RV24.000012-021;15;150;10;NULL;NULL;5442AA;8;1_SMT;1_SMTA;2026-05-27 00:00:00.000;3;1,4167;0,75;0,6
RV24.000012-021;15;150;10;NULL;NULL;5442AA;APT-1600FD FP-MACHINE2;5_FPT;5_FPT_PREMIUM;2026-05-27 00:00:00.000;4;3,5;3,1667;3,1
RV24.000012-021;14;140;10;NULL;NULL;5442AA;11;4_AOI;4_AOI_SIDEB;2026-05-27 00:00:00.000;5;1,6667;1,3;1,3167
RV24.000012-021;15;150;10;10;18;5442AA;3;3_SEL;3_SELA;2026-05-27 00:00:00.000;6;3,6667;2,6;2,6
RV24.000012-021;14;140;10;NULL;NULL;5442AA;9;6_DEP;6_DEP;2026-05-27 00:00:00.000;7;1,95;1,25;1,2667
RV24.000012-022;15;150;10;NULL;NULL;5442AA;11;4_AOI;4_AOI_SMT;2026-06-29 00:00:00.000;1;0,9667;0,6333;1,3333
RV24.000012-022;15;150;10;NULL;NULL;5442AA;APT-1600FD FP-MACHINE2;5_FPT;5_FPT_PREMIUM;2026-06-29 00:00:00.000;2;3,4667;3,1333;3,15
RV24.000012-022;15;150;10;NULL;NULL;5442AA;11;4_AOI;4_AOI_SIDEB;2026-06-29 00:00:00.000;3;1,6667;1,3333;1,3333
RV24.000012-022;15;150;10;NULL;NULL;5442AA;9;6_DEP;6_DEP;2026-06-29 00:00:00.000;4;1,8667;1,5333;1,2333
RV24.000012-024;15;150;10;NULL;NULL;5442AA;8;1_SMT;1_SMTB;2026-07-23 00:00:00.000;1;1,1167;0,7833;0,5833
RV24.000012-024;14;140;10;NULL;NULL;5442AA;8;1_SMT;1_SMTA;2026-07-23 00:00:00.000;2;1,1833;0,8167;0,5833
RV24.000012-024;15;150;10;NULL;NULL;5442AA;2;4_AOI;4_AOI_SMT;2026-07-23 00:00:00.000;3;0,9167;0,5833;0,5833
RV24.000012-024;15;150;10;NULL;NULL;5442AA;APT-1600FD FP-MACHINE;5_FPT;5_FPT_PREMIUM;2026-07-23 00:00:00.000;4;4,7;4,3667;4,4167
RV24.000012-024;15;150;10;NULL;NULL;5442AA;11;4_AOI;4_AOI_SIDEB;2026-07-23 00:00:00.000;5;1,6667;1,3333;1,3333
RV24.000012-024;15;150;10;NULL;NULL;5442AA;9;6_DEP;6_DEP;2026-07-23 00:00:00.000;6;1,3833;1,3833;1,2333
RV24.000013-002;71;71;1;2;37;07411A;3;3_SEL;3_SELA;2025-04-18 00:00:00.000;1;1,8833;1,3667;2,7
RV24.000013-002;71;71;1;NULL;NULL;07411A;APT-1600FD FP-MACHINE3;5_FPT;5_FPT_BASIC;2025-04-18 00:00:00.000;2;1,2667;0,5667;0,4167
RV24.000019-001;60;120;2;NULL;NULL;476Q1B;2;4_AOI;4_AOI_SIDEA;2024-11-13 00:00:00.000;1;0,95;0,8833;0,8333
RV24.000019-001;61;122;2;NULL;NULL;476Q1B;APT-1600FD FP-MACHINE2;5_FPT;5_FPT_BASIC;2024-11-13 00:00:00.000;2;1,1167;0,4667;0,3333
RV24.000020-002;39;195;5;NULL;NULL;115O1C;2;4_AOI;4_AOI_SIDEA;2024-10-11 00:00:00.000;1;1,3333;0,8333;0,8333
RV24.000020-002;39;195;5;NULL;NULL;115O1C;APT-1600FD FP-MACHINE2;5_FPT;5_FPT_BASIC;2024-10-11 00:00:00.000;2;1,4833;1,1;1
RV24.000020-003;40;200;5;NULL;NULL;115O1C;2;4_AOI;4_AOI_SIDEA;2025-01-17 00:00:00.000;1;1,35;0,9833;0,8167
RV24.000020-003;40;200;5;NULL;NULL;115O1C;APT-1600FD FP-MACHINE3;5_FPT;5_FPT_BASIC;2025-01-17 00:00:00.000;2;1,4833;1,2333;1,1667
RV24.000020-004;40;200;5;NULL;NULL;115O1C;2;4_AOI;4_AOI_SIDEA;2025-02-24 00:00:00.000;1;1,0167;0,8;0,8
RV24.000020-004;39;195;5;NULL;NULL;115O1C;APT-1600FD FP-MACHINE2;5_FPT;5_FPT_BASIC;2025-02-24 00:00:00.000;2;1,6167;1,1167;1,1
RV24.000020-005;40;200;5;NULL;NULL;115O1C;2;4_AOI;4_AOI_SIDEA;2025-07-01 00:00:00.000;1;1,1;0,8;0,8
RV24.000020-005;37;185;5;NULL;NULL;115O1C;APT-1600FD FP-MACHINE2;5_FPT;5_FPT_BASIC;2025-07-01 00:00:00.000;2;1,2;1,0667;1,0833
RV24.000038-001;10;200;20;NULL;NULL;53921A;2;4_AOI;4_AOI_SIDEB;2024-08-13 00:00:00.000;1;2,3667;1,1667;0,9667
RV24.000038-002;65;1300;20;NULL;NULL;53921A;2;4_AOI;4_AOI_SMT;2024-09-26 00:00:00.000;1;0,4833;0,4167;0,7333
RV24.000038-002;34;683;20;20;35;53921A;3;3_SEL;3_SELA;2024-09-26 00:00:00.000;2;4,5667;3,7333;3,65
RV24.000038-002;65;1300;20;NULL;NULL;53921A;2;4_AOI;4_AOI_SIDEB;2024-09-26 00:00:00.000;3;1,25;0,9667;0,7333
RV24.000038-002;65;1300;20;NULL;NULL;53921A;APT-1600FD FP-MACHINE3;5_FPT;5_FPT_BASIC;2024-09-26 00:00:00.000;4;1,5;1,1833;1
RV24.000042-001;15;90;6;NULL;NULL;364M1A;2;4_AOI;4_AOI_SIDEB;2024-08-23 00:00:00.000;1;2,3333;1,3333;1,2333
RV24.000042-002;14;84;6;NULL;NULL;364MAA;2;4_AOI;4_AOI_SIDEB;2024-08-23 00:00:00.000;1;1,7;1,35;1,2333
RV24.000042-002;12;72;6;NULL;NULL;364MAA;APT-1600FD FP-MACHINE2;5_FPT;5_FPT_BASIC;2024-08-23 00:00:00.000;3;3,5333;3,1167;3
RV24.000044-001;12;60;5;NULL;NULL;364O1A;2;4_AOI;4_AOI_SIDEB;2024-08-09 00:00:00.000;1;1,6667;1,0833;0,85
RV24.000044-001;11;55;5;NULL;NULL;364O1A;APT-1600FD FP-MACHINE2;5_FPT;5_FPT_BASIC;2024-08-09 00:00:00.000;3;1,9833;1,5167;1,1667
RV24.000046-001;13;65;5;NULL;NULL;015H1C;APT-1600FD FP-MACHINE2;5_FPT;5_FPT_PREMIUM;2024-09-24 00:00:00.000;1;3,7;2,55;2,1667
RV24.000046-001;11;55;5;NULL;NULL;015H1C;APT-1600FD FP-MACHINE2;5_FPT;5_FPT_BASIC;2024-09-24 00:00:00.000;2;2,7833;2,3167;2,1667
RV24.000048-002;250;250;1;NULL;NULL;54511B;2;4_AOI;4_AOI_SIDEA;2024-08-27 00:00:00.000;1;0,4333;0,3833;0,35
RV24.000048-002;164;164;1;NULL;NULL;54511B;APT-1600FD FP-MACHINE2;5_FPT;5_FPT_BASIC;2024-08-27 00:00:00.000;3;0,5833;0,4833;0,3333
RV24.000048-003;250;250;1;NULL;NULL;54511B;2;4_AOI;4_AOI_SIDEA;2024-08-27 00:00:00.000;1;0,45;0,3833;0,35
RV24.000048-003;249;249;1;NULL;NULL;54511B;APT-1600FD FP-MACHINE2;5_FPT;5_FPT_BASIC;2024-08-27 00:00:00.000;2;0,4667;0,4;0,3333
RV24.000048-005;250;250;1;NULL;NULL;54511B;2;4_AOI;4_AOI_SIDEA;2024-09-24 00:00:00.000;1;0,4;0,3833;0,4
RV24.000048-005;250;250;1;NULL;NULL;54511B;APT-1600FD FP-MACHINE2;5_FPT;5_FPT_BASIC;2024-09-24 00:00:00.000;2;0,4833;0,3833;0,3333
RV24.000050-006;287;287;1;NULL;NULL;607L1A;2;4_AOI;4_AOI_SIDEA;2024-07-22 00:00:00.000;1;1,9667;1,7667;1,4833
RV24.000050-006;275;275;1;NULL;NULL;607L1A;APT-1600FD FP-MACHINE2;5_FPT;5_FPT_PREMIUM;2024-07-22 00:00:00.000;2;3,5333;2,9667;2,5833
RV24.000055-001;30;300;10;NULL;NULL;53911A;APT-1600FD FP-MACHINE3;5_FPT;5_FPT_BASIC;2024-09-02 00:00:00.000;1;2,1333;1,3;1,3333
RV24.000059-001;50;100;2;8;40;040J1B;3;3_SEL;3_SELA;2025-02-11 00:00:00.000;1;1,6667;1,0833;2,7667
RV24.000059-001;50;100;2;NULL;NULL;040J1B;2;4_AOI;4_AOI_SIDEA;2025-02-11 00:00:00.000;2;1,4333;1,1833;1,15
RV24.000059-001;49;98;2;NULL;NULL;040J1B;APT-1600FD FP-MACHINE3;5_FPT;5_FPT_BASIC;2025-02-11 00:00:00.000;4;1,3667;0,8667;0,6667
RV24.000060-001;14;140;10;20;13;81011C;3;3_SEL;3_SELA;2025-01-22 00:00:00.000;1;6,1667;5,0833;6,35
RV24.000060-001;21;210;10;NULL;NULL;81011C;2;4_AOI;4_AOI_SIDEB;2025-01-22 00:00:00.000;2;1,5667;1,0833;0,8833
RV24.000060-001;21;210;10;NULL;NULL;81011C;APT-1600FD FP-MACHINE3;5_FPT;5_FPT_BASIC;2025-01-22 00:00:00.000;3;1,2667;1,0167;0,8833
RV24.000060-002;28;282;10;20;16;81011C;3;3_SEL;3_SELA;2025-01-22 00:00:00.000;1;4,65;3,3667;6,35
RV24.000060-002;29;290;10;NULL;NULL;81011C;2;4_AOI;4_AOI_SIDEB;2025-01-22 00:00:00.000;2;1,6667;1,05;0,8833
RV24.000060-002;29;290;10;NULL;NULL;81011C;APT-1600FD FP-MACHINE3;5_FPT;5_FPT_BASIC;2025-01-22 00:00:00.000;3;2,0333;1,1833;1
RV24.000060-003;25;250;10;20;13;81011C;3;3_SEL;3_SELA;2025-11-03 00:00:00.000;1;3,9833;3,2667;6,3167
RV24.000060-003;25;250;10;NULL;NULL;81011C;2;4_AOI;4_AOI_SIDEB;2025-11-03 00:00:00.000;2;1,25;0,8833;0,8667
RV24.000060-003;25;250;10;NULL;NULL;81011C;APT-1600FD FP-MACHINE2;5_FPT;5_FPT_BASIC;2025-11-03 00:00:00.000;3;3,4833;2,2833;1,7
RV24.000060-004;25;250;10;20;13;81011C;3;3_SEL;3_SELA;2025-11-03 00:00:00.000;1;2,45;2,1667;4,2
RV24.000060-004;25;250;10;NULL;NULL;81011C;2;4_AOI;4_AOI_SIDEB;2025-11-03 00:00:00.000;2;1,0333;1,0333;0,85
RV24.000060-004;25;250;10;NULL;NULL;81011C;APT-1600FD FP-MACHINE2;5_FPT;5_FPT_BASIC;2025-11-03 00:00:00.000;3;1,3333;1,1333;1,1333
RV24.000061-001;20;300;15;NULL;NULL;029U1A;2;4_AOI;4_AOI_SIDEA;2024-11-08 00:00:00.000;1;0,9833;0,4167;0,4
RV24.000062-001;35;70;2;NULL;NULL;89521A;2;4_AOI;4_AOI_SIDEA;2024-11-19 00:00:00.000;1;1,3333;1,0833;1
RV24.000062-001;35;70;2;NULL;NULL;89521A;APT-1600FD FP-MACHINE3;5_FPT;5_FPT_BASIC;2024-11-19 00:00:00.000;2;1,3333;0,75;0,6667
RV24.000062-002;35;70;2;NULL;NULL;89521A;2;4_AOI;4_AOI_SIDEA;2025-01-16 00:00:00.000;1;1,3333;1,1;1,0167
RV24.000062-002;35;70;2;NULL;NULL;89521A;APT-1600FD FP-MACHINE3;5_FPT;5_FPT_BASIC;2025-01-16 00:00:00.000;2;0,9167;0,6333;0,6667
RV24.000062-003;35;70;2;NULL;NULL;89521A;APT-1600FD FP-MACHINE;5_FPT;5_FPT_BASIC;2025-02-20 00:00:00.000;1;0,9667;0,8333;0,5833
RV24.000062-003;35;70;2;2;36;89521A;4;3_SEL;3_SELA;2025-02-20 00:00:00.000;2;3,2667;1,9833;1,9833
RV24.000062-003;35;70;2;NULL;NULL;89521A;2;4_AOI;4_AOI_SIDEA;2025-02-20 00:00:00.000;3;1,2167;1,0667;1
RV24.000062-004;35;70;2;2;39;89521A;4;3_SEL;3_SELA;2025-04-07 00:00:00.000;1;3,7167;2,2333;2,2333
RV24.000062-004;35;70;2;NULL;NULL;89521A;2;4_AOI;4_AOI_SIDEA;2025-04-07 00:00:00.000;2;1,15;1,05;1
RV24.000062-004;35;70;2;NULL;NULL;89521A;APT-1600FD FP-MACHINE3;5_FPT;5_FPT_BASIC;2025-04-07 00:00:00.000;3;0,9333;0,65;0,6667
RV24.000062-005;35;70;2;2;36;89521A;4;3_SEL;3_SELA;2025-04-30 00:00:00.000;1;3,25;2,4;2,4
RV24.000062-005;35;70;2;NULL;NULL;89521A;2;4_AOI;4_AOI_SIDEA;2025-04-30 00:00:00.000;2;1,2833;1;1
RV24.000062-005;35;70;2;NULL;NULL;89521A;APT-1600FD FP-MACHINE3;5_FPT;5_FPT_BASIC;2025-04-30 00:00:00.000;3;0,9667;0,6833;0,6667
RV24.000063-001;50;50;1;2;25;074H1A;4;3_SEL;3_SELA;2024-11-28 00:00:00.000;1;3,2667;1,8667;3,75
RV24.000063-001;50;50;1;NULL;NULL;074H1A;2;4_AOI;4_AOI_SIDEA;2024-11-28 00:00:00.000;2;1,55;1,3;1,2333
RV24.000063-001;50;50;1;NULL;NULL;074H1A;APT-1600FD FP-MACHINE2;5_FPT;5_FPT_BASIC;2024-11-28 00:00:00.000;3;0,4833;0,3833;0,3333
RV24.000063-002;50;50;1;2;25;074H1A;4;3_SEL;3_SELA;2024-11-29 00:00:00.000;1;2,75;1,8667;3,7333
RV24.000063-002;50;50;1;NULL;NULL;074H1A;2;4_AOI;4_AOI_SIDEA;2024-11-29 00:00:00.000;2;1,3333;1,2333;1,2333
RV24.000063-002;50;50;1;NULL;NULL;074H1A;APT-1600FD FP-MACHINE2;5_FPT;5_FPT_BASIC;2024-11-29 00:00:00.000;3;1,0333;0,5333;0,3333
RV24.000063-003;50;50;1;NULL;NULL;074H1A;2;4_AOI;4_AOI_SIDEA;2024-11-29 00:00:00.000;1;1,3667;1,2833;1,2333
RV24.000063-003;50;50;1;NULL;NULL;074H1A;APT-1600FD FP-MACHINE2;5_FPT;5_FPT_BASIC;2024-11-29 00:00:00.000;2;0,4;0,3;0,3333
RV24.000063-004;50;50;1;NULL;NULL;074H1A;2;4_AOI;4_AOI_SIDEA;2024-11-29 00:00:00.000;1;1,3167;1,3167;1,2333
RV24.000063-004;50;50;1;NULL;NULL;074H1A;APT-1600FD FP-MACHINE2;5_FPT;5_FPT_BASIC;2024-11-29 00:00:00.000;2;0,6667;0,3667;0,3333
RV24.000065-001;22;89;4;8;13;476M1B;3;3_SEL;3_SELA;2024-11-05 00:00:00.000;1;4,05;2,8833;4,9833
RV24.000065-001;31;124;4;NULL;NULL;476M1B;2;4_AOI;4_AOI_SIDEA;2024-11-05 00:00:00.000;2;1,4167;1,1;1,0833
RV24.000065-001;25;100;4;NULL;NULL;476M1B;APT-1600FD FP-MACHINE;5_FPT;5_FPT_BASIC;2024-11-05 00:00:00.000;3;0,0167;0,0167;0,0167
RV24.000065-002;25;100;4;NULL;NULL;476M1B;2;4_AOI;4_AOI_SIDEA;2024-11-06 00:00:00.000;1;1,4833;1,0833;1,0833
RV24.000065-002;25;100;4;NULL;NULL;476M1B;APT-1600FD FP-MACHINE2;5_FPT;5_FPT_BASIC;2024-11-06 00:00:00.000;2;1,4167;1,0167;0,3667
RV24.000066-001;54;1080;20;NULL;NULL;26921A;2;4_AOI;4_AOI_SIDEA;2024-10-31 00:00:00.000;2;1,25;0,9833;0,8333
RV24.000066-001;25;500;20;NULL;NULL;26921A;APT-1600FD FP-MACHINE;5_FPT;5_FPT_PREMIUM;2024-10-31 00:00:00.000;3;1,7333;1,3333;1,25
RV24.000066-002;56;1120;20;NULL;NULL;26921A;2;4_AOI;4_AOI_SIDEA;2024-11-04 00:00:00.000;2;1,15;0,9667;0,8333
RV24.000066-002;25;500;20;NULL;NULL;26921A;APT-1600FD FP-MACHINE;5_FPT;5_FPT_PREMIUM;2024-11-04 00:00:00.000;3;1,8;1,4;1,25
RV24.000067-001;22;44;2;4;11;074M1A;3;3_SEL;3_SELA;2025-02-05 00:00:00.000;1;1;0,6167;1,25
RV24.000067-001;25;50;2;NULL;NULL;074M1A;2;4_AOI;4_AOI_SIDEA;2025-02-05 00:00:00.000;2;1,7333;1,2333;0,85
RV24.000067-001;25;50;2;NULL;NULL;074M1A;APT-1600FD FP-MACHINE;5_FPT;5_FPT_BASIC;2025-02-05 00:00:00.000;3;0,6833;0,2833;0,2833
RV24.000067-002;25;50;2;NULL;NULL;074M1A;2;4_AOI;4_AOI_SIDEA;2025-08-01 00:00:00.000;1;1,05;0,85;0,8667
RV24.000067-002;25;50;2;NULL;NULL;074M1A;APT-1600FD FP-MACHINE;5_FPT;5_FPT_BASIC;2025-08-01 00:00:00.000;2;0,4833;0,2833;0,2833
RV24.000067-003;25;50;2;NULL;NULL;074M1A;2;4_AOI;4_AOI_SIDEA;2025-08-01 00:00:00.000;1;0,8667;0,8667;0,85
RV24.000067-003;25;50;2;NULL;NULL;074M1A;APT-1600FD FP-MACHINE;5_FPT;5_FPT_BASIC;2025-08-01 00:00:00.000;2;1,2667;0,4667;0,3333
RV24.000068-001;350;700;2;NULL;NULL;591X1F;2;4_AOI;4_AOI_SMT;2025-03-17 00:00:00.000;1;0,6833;0,5833;0,5667
RV24.000068-001;98;196;2;2;104;591X1F;3;3_SEL;3_SELA;2025-03-17 00:00:00.000;2;2,7667;2,0167;2,0167
RV24.000068-001;252;504;2;2;257;591X1F;4;3_SEL;3_SELA;2025-03-17 00:00:00.000;3;3,3;1,0667;1,0667
RV24.000068-001;349;698;2;2;355;591X1F;4;3_SEL;3_SELB;2025-03-17 00:00:00.000;4;1,3333;1,0667;1,0667
RV24.000068-001;350;700;2;NULL;NULL;591X1F;2;4_AOI;4_AOI_THT;2025-03-17 00:00:00.000;6;1,2833;1,1667;0,5667
RV24.000068-001;350;700;2;NULL;NULL;591X1F;APT-1600FD FP-MACHINE2;5_FPT;5_FPT_BASIC;2025-03-17 00:00:00.000;7;1,8;1,6;1,5833
RV24.000068-002;250;500;2;NULL;NULL;591X1F;2;4_AOI;4_AOI_SMT;2025-06-17 00:00:00.000;1;0,7333;0,65;0,6833
RV24.000068-002;250;500;2;NULL;NULL;591X1F;10;2_ODD;2_ODDA;2025-06-17 00:00:00.000;2;2,5333;1,8333;2,1667
RV24.000068-002;250;500;2;NULL;NULL;591X1F;2;4_AOI;4_AOI_THT;2025-06-17 00:00:00.000;3;1,3167;1,1333;0,6833
RV24.000068-002;250;500;2;NULL;NULL;591X1F;APT-1600FD FP-MACHINE;5_FPT;5_FPT_BASIC;2025-06-17 00:00:00.000;4;1,9333;1,6333;1,5833
RV24.000068-003;250;500;2;NULL;NULL;591X1F;2;4_AOI;4_AOI_SMT;2025-10-20 00:00:00.000;1;0,75;0,6;0,5667
RV24.000068-003;250;500;2;NULL;NULL;591X1F;10;2_ODD;2_ODDA;2025-10-20 00:00:00.000;2;0,8167;0,7;0,5667
RV24.000068-003;250;500;2;2;274;591X1F;3;3_SEL;3_SELA;2025-10-20 00:00:00.000;3;2,6333;1,95;1,95
RV24.000068-003;250;500;2;2;250;591X1F;3;3_SEL;3_SELB;2025-10-20 00:00:00.000;4;1,95;1,95;1,95
RV24.000068-003;250;500;2;NULL;NULL;591X1F;2;4_AOI;4_AOI_THT;2025-10-20 00:00:00.000;5;1,2667;1,1833;0,5667
RV24.000068-003;250;500;2;NULL;NULL;591X1F;APT-1600FD FP-MACHINE2;5_FPT;5_FPT_BASIC;2025-10-20 00:00:00.000;6;1,75;1,5833;1,5833
RV24.000068-004;148;296;2;NULL;NULL;591X1F;10;2_ODD;2_ODDA;2026-02-12 00:00:00.000;1;3,4167;2,8833;2,4
RV24.000068-004;250;500;2;NULL;NULL;591X1F;2;4_AOI;4_AOI_SMT;2026-02-12 00:00:00.000;2;0,6667;0,55;1,0833
RV24.000068-004;250;500;2;2;255;591X1F;4;3_SEL;3_SELA;2026-02-12 00:00:00.000;3;3,5833;2,15;2,15
RV24.000068-004;250;500;2;2;250;591X1F;4;3_SEL;3_SELB;2026-02-12 00:00:00.000;4;2,25;2,15;2,15
RV24.000068-004;250;500;2;NULL;NULL;591X1F;2;4_AOI;4_AOI_THT;2026-02-12 00:00:00.000;5;1,3167;1,1667;1,0833
RV24.000068-004;250;500;2;NULL;NULL;591X1F;APT-1600FD FP-MACHINE;5_FPT;5_FPT_BASIC;2026-02-12 00:00:00.000;6;1,7333;1,6167;1,5833
RV24.000069-001;500;500;1;4;132;6911AC;3;3_SEL;3_SELA;2025-03-28 00:00:00.000;1;0,9167;0,6667;2,7
RV24.000069-001;500;500;1;NULL;NULL;6911AC;2;4_AOI;4_AOI_SIDEA;2025-03-28 00:00:00.000;2;1;0,85;0,8667
RV24.000069-001;500;500;1;NULL;NULL;6911AC;APT-1600FD FP-MACHINE2;5_FPT;5_FPT_BASIC;2025-03-28 00:00:00.000;3;0,5833;0,4;0,3333
RV24.000069-002;498;498;1;NULL;NULL;6911AC;10;2_ODD;2_ODDA;2025-07-02 00:00:00.000;1;0,9667;0,6833;0,4667
RV24.000069-002;500;500;1;NULL;NULL;6911AC;2;4_AOI;4_AOI_SIDEA;2025-07-02 00:00:00.000;2;1,0333;0,95;0,8667
RV24.000069-002;500;500;1;NULL;NULL;6911AC;APT-1600FD FP-MACHINE2;5_FPT;5_FPT_BASIC;2025-07-02 00:00:00.000;3;0,6;0,4;0,3333
RV24.000069-002;25;100;4;NULL;NULL;628A1B;2;4_AOI;4_AOI_SIDEB;2025-07-02 00:00:00.000;4;1,1167;0,8667;0,8667
RV24.000069-002;25;100;4;NULL;NULL;628A1B;APT-1600FD FP-MACHINE3;5_FPT;5_FPT_BASIC;2025-07-02 00:00:00.000;5;2,4833;1,2833;1,25
RV24.000069-003;500;500;1;NULL;NULL;6911AC;10;2_ODD;2_ODDA;2025-10-31 00:00:00.000;1;0,9667;0,75;0,6
RV24.000069-003;500;500;1;2;256;6911AC;4;3_SEL;3_SELA;2025-10-31 00:00:00.000;2;1,2667;0,5333;1,0833
RV24.000069-003;410;410;1;NULL;NULL;6911AC;APT-1600FD FP-MACHINE2;5_FPT;5_FPT_BASIC;2025-10-31 00:00:00.000;3;0,55;0,4333;0,3333
RV24.000069-003;500;500;1;NULL;NULL;6911AC;2;4_AOI;4_AOI_SIDEA;2025-10-31 00:00:00.000;4;0,9833;0,9167;0,8833
"RV24.000069-003 ";90;90;1;NULL;NULL;6911AC;APT-1600FD FP-MACHINE3;5_FPT;5_FPT_BASIC;2025-10-31 00:00:00.000;5;0,6667;0,55;0,4167
RV24.000069-004;500;500;1;NULL;NULL;6911AC;8;1_SMT;1_SMTB;2026-03-02 00:00:00.000;1;0,8167;0,6833;0,5333
RV24.000069-004;500;500;1;NULL;NULL;6911AC;8;1_SMT;1_SMTA;2026-03-02 00:00:00.000;2;0,6;0,5;0,5333
RV24.000069-004;500;500;1;NULL;NULL;6911AC;10;2_ODD;2_ODDA;2026-03-02 00:00:00.000;3;0,9833;0,85;0,6167
RV24.000069-004;500;500;1;2;252;6911AC;4;3_SEL;3_SELA;2026-03-02 00:00:00.000;4;1,1167;0,6;1,2167
RV24.000069-004;484;484;1;NULL;NULL;6911AC;APT-1600FD FP-MACHINE;5_FPT;5_FPT_BASIC;2026-03-02 00:00:00.000;5;0,5833;0,4;0,4
RV24.000069-004;500;500;1;NULL;NULL;6911AC;2;4_AOI;4_AOI_SIDEA;2026-03-02 00:00:00.000;6;1;0,9167;0,8667
RV24.000071-002;10;100;10;10;10;015N1C;3;3_SEL;3_SELA;2025-01-20 00:00:00.000;1;3,2833;2,0833;2,0833
RV24.000071-002;10;100;10;NULL;NULL;015N1C;APT-1600FD FP-MACHINE;5_FPT;5_FPT_BASIC;2025-01-20 00:00:00.000;2;1,9667;1,4667;1,5
RV24.000071-002;10;100;10;NULL;NULL;015N1C;2;4_AOI;4_AOI_SIDEB;2025-01-20 00:00:00.000;3;1,8167;1,1;1,1
RV24.000071-003;9;97;10;10;11;015R1A;3;3_SEL;3_SELA;2025-01-31 00:00:00.000;1;4,3833;3,2833;3,2
RV24.000071-003;10;100;10;NULL;NULL;015R1A;2;4_AOI;4_AOI_SIDEB;2025-01-31 00:00:00.000;2;1,6;1,1667;0,95
RV24.000071-003;11;110;10;NULL;NULL;015R1A;APT-1600FD FP-MACHINE3;5_FPT;5_FPT_BASIC;2025-01-31 00:00:00.000;3;1,8;0,4333;0,45
RV24.000073-001;130;130;1;3;46;476S1A;3;3_SEL;3_SELA;2024-12-17 00:00:00.000;1;1,0333;0,85;2,4833
RV24.000073-001;214;214;1;NULL;NULL;476S1A;2;4_AOI;4_AOI_SIDEB;2024-12-17 00:00:00.000;2;1,1833;1,0333;1
RV24.000073-002;13;130;10;NULL;NULL;26931A;2;4_AOI;4_AOI_SIDEA;2024-12-12 00:00:00.000;1;1,5833;1,2;1,2167
RV24.000075-002;10;50;5;NULL;NULL;91011C;2;4_AOI;4_AOI_SIDEB;2025-06-17 00:00:00.000;2;1,6;0,9167;0,9
RV24.000075-002;10;50;5;NULL;NULL;91011C;APT-1600FD FP-MACHINE;5_FPT;5_FPT_BASIC;2025-06-17 00:00:00.000;3;2,0167;1,5167;1,0833
RV24.000075-003;10;50;5;NULL;NULL;91011C;2;4_AOI;4_AOI_SIDEB;2025-06-17 00:00:00.000;2;1,9167;1,0833;0,9
RV24.000075-003;10;50;5;NULL;NULL;91011C;APT-1600FD FP-MACHINE;5_FPT;5_FPT_BASIC;2025-06-17 00:00:00.000;3;0,85;0,85;0,75
RV24.000075-004;10;50;5;NULL;NULL;91011C;10;2_ODD;2_ODDA;2025-06-24 00:00:00.000;1;1,9;1,4;0,5833
RV24.000075-004;10;50;5;NULL;NULL;91011C;2;4_AOI;4_AOI_SIDEB;2025-06-24 00:00:00.000;3;1,4667;0,8833;0,8833
RV24.000075-004;10;50;5;NULL;NULL;91011C;APT-1600FD FP-MACHINE3;5_FPT;5_FPT_BASIC;2025-06-24 00:00:00.000;4;2,05;1,05;0,75
RV24.000076-010;667;10005;15;NULL;NULL;3976HH;2;4_AOI;4_AOI_SIDEB;2025-07-30 00:00:00.000;1;0,4833;0,45;0,3833
RV24.000076-010;579;8685;15;NULL;NULL;3976HH;APT-1600FD FP-MACHINE;5_FPT;5_FPT_PREMIUM;2025-07-30 00:00:00.000;2;0,95;0,8333;0,8333
RV24.000076-010;88;1320;15;NULL;NULL;3976HH;APT-1600FD FP-MACHINE2;5_FPT;5_FPT_PREMIUM;2025-07-30 00:00:00.000;3;0,9167;0,85;0,8333
RV24.000076-012;1165;17475;15;NULL;NULL;3976IH;2;4_AOI;4_AOI_SIDEB;2025-08-05 00:00:00.000;1;0,5333;0,4667;0,4
RV24.000076-012;1059;15885;15;NULL;NULL;3976IH;APT-1600FD FP-MACHINE;5_FPT;5_FPT_PREMIUM;2025-08-05 00:00:00.000;2;0,8167;0,75;0,75
RV24.000076-012;89;1335;15;NULL;NULL;3976IH;APT-1600FD FP-MACHINE2;5_FPT;5_FPT_PREMIUM;2025-08-05 00:00:00.000;3;1,05;0,7833;0,75
RV24.000076-012;22;330;15;NULL;NULL;3976IH;APT-1600FD FP-MACHINE3;5_FPT;5_FPT_PREMIUM;2025-08-05 00:00:00.000;4;2,2;1,0667;0,75
RV24.000076-013;829;12435;15;NULL;NULL;3976IH;2;4_AOI;4_AOI_SIDEB;2025-09-17 00:00:00.000;2;0,5;0,4167;0,4
RV24.000076-013;634;9510;15;NULL;NULL;3976IH;APT-1600FD FP-MACHINE3;5_FPT;5_FPT_PREMIUM;2025-09-17 00:00:00.000;3;0,8333;0,7667;0,75
RV24.000076-013;495;7425;15;NULL;NULL;3976IH;APT-1600FD FP-MACHINE2;5_FPT;5_FPT_PREMIUM;2025-09-17 00:00:00.000;4;0,8167;0,7667;0,75
RV24.000076-013;204;3060;15;NULL;NULL;3976IH;APT-1600FD FP-MACHINE;5_FPT;5_FPT_PREMIUM;2025-09-17 00:00:00.000;5;0,8667;0,75;0,75
RV24.000076-014;535;8025;15;NULL;NULL;3976HH;APT-1600FD FP-MACHINE;5_FPT;5_FPT_PREMIUM;2025-10-03 00:00:00.000;2;0,9667;0,8333;0,8333
RV24.000076-014;132;1980;15;NULL;NULL;3976HH;APT-1600FD FP-MACHINE3;5_FPT;5_FPT_PREMIUM;2025-10-03 00:00:00.000;3;1;0,85;0,8333
RV24.000076-015;220;3300;15;NULL;NULL;3976IH;APT-1600FD FP-MACHINE3;5_FPT;5_FPT_PREMIUM;2025-09-17 00:00:00.000;1;0,9167;0,7667;0,75
RV24.000076-015;447;6705;15;NULL;NULL;3976IH;APT-1600FD FP-MACHINE;5_FPT;5_FPT_PREMIUM;2025-09-17 00:00:00.000;2;0,8;0,75;0,75
RV24.000076-016;1334;20010;15;NULL;NULL;3976IH;2;4_AOI;4_AOI_SIDEB;2025-10-09 00:00:00.000;1;0,5167;0,4333;0,4
RV24.000076-016;627;9405;15;NULL;NULL;3976IH;APT-1600FD FP-MACHINE;5_FPT;5_FPT_PREMIUM;2025-10-09 00:00:00.000;3;0,8333;0,75;0,75
RV24.000076-016;710;10650;15;NULL;NULL;3976IH;APT-1600FD FP-MACHINE2;5_FPT;5_FPT_PREMIUM;2025-10-09 00:00:00.000;4;0,8333;0,7667;0,75
RV24.000076-017;1333;19995;15;NULL;NULL;3976IH;2;4_AOI;4_AOI_SIDEB;2025-11-05 00:00:00.000;2;0,5;0,4167;0,3833
RV24.000076-017;1154;17310;15;NULL;NULL;3976IH;APT-1600FD FP-MACHINE;5_FPT;5_FPT_PREMIUM;2025-11-05 00:00:00.000;3;0,8833;0,7833;0,75
RV24.000076-017;179;2685;15;NULL;NULL;3976IH;APT-1600FD FP-MACHINE2;5_FPT;5_FPT_PREMIUM;2025-11-05 00:00:00.000;4;0,85;0,7667;0,75
RV24.000076-018;667;10005;15;NULL;NULL;3976HH;2;4_AOI;4_AOI_SIDEB;2025-11-28 00:00:00.000;2;0,5833;0,4833;0,4333
RV24.000076-018;77;1155;15;NULL;NULL;3976HH;APT-1600FD FP-MACHINE;5_FPT;5_FPT_PREMIUM;2025-11-28 00:00:00.000;3;0,9667;0,8333;0,8333
RV24.000076-018;589;8835;15;NULL;NULL;3976HH;APT-1600FD FP-MACHINE2;5_FPT;5_FPT_PREMIUM;2025-11-28 00:00:00.000;4;0,8833;0,85;0,8333
RV24.000076-019;72;1080;15;NULL;NULL;3976IH;APT-1600FD FP-MACHINE;5_FPT;5_FPT_PREMIUM;2025-12-19 00:00:00.000;1;1,1667;0,9;0,75
RV24.000076-019;1334;20010;15;NULL;NULL;3976IH;2;4_AOI;4_AOI_SIDEB;2025-12-19 00:00:00.000;3;0,4833;0,4667;0,4333
RV24.000076-019;1262;18930;15;NULL;NULL;3976IH;APT-1600FD FP-MACHINE2;5_FPT;5_FPT_PREMIUM;2025-12-19 00:00:00.000;4;0,8;0,75;0,75
RV24.000076-020;1166;17490;15;NULL;NULL;3976HH;APT-1600FD FP-MACHINE;5_FPT;5_FPT_PREMIUM;2026-01-21 00:00:00.000;1;0,9833;0,85;0,8333
RV24.000076-020;1299;19491;15;90;227;3976HH;3;3_SEL;3_SELA;2026-01-21 00:00:00.000;2;0,7;0,6;3,5333
RV24.000076-020;1334;20010;15;NULL;NULL;3976HH;2;4_AOI;4_AOI_SIDEB;2026-01-21 00:00:00.000;3;0,5167;0,4333;0,3833
RV24.000076-020;168;2520;15;NULL;NULL;3976HH;APT-1600FD FP-MACHINE2;5_FPT;5_FPT_PREMIUM;2026-01-21 00:00:00.000;4;0,9167;0,8333;0,8333
RV24.000076-021;700;10500;15;NULL;NULL;3976HH;APT-1600FD FP-MACHINE;5_FPT;5_FPT_PREMIUM;2026-02-24 00:00:00.000;1;0,95;0,8833;0,85
RV24.000076-021;666;9990;15;NULL;NULL;3976HH;2;4_AOI;4_AOI_SIDEB;2026-02-24 00:00:00.000;3;0,5;0,4167;0,3833
RV24.000079-001;35;315;9;NULL;NULL;115S1C;2;4_AOI;4_AOI_SIDEB;2025-01-14 00:00:00.000;1;1,7333;1,35;0,95
RV24.000079-001;36;324;9;NULL;NULL;115S1C;APT-1600FD FP-MACHINE3;5_FPT;5_FPT_BASIC;2025-01-14 00:00:00.000;2;1,1167;0,7;0,75
RV24.000079-002;35;350;10;NULL;NULL;115S1C;2;4_AOI;4_AOI_SIDEB;2025-04-25 00:00:00.000;1;1,5833;1,1167;0,95
RV24.000079-002;35;350;10;NULL;NULL;115S1C;APT-1600FD FP-MACHINE3;5_FPT;5_FPT_BASIC;2025-04-25 00:00:00.000;2;1,2667;1,1333;0,8333
RV24.000079-003;30;300;10;NULL;NULL;115S1C;2;4_AOI;4_AOI_SIDEB;2025-06-03 00:00:00.000;1;1,4667;1,05;0,9333
RV24.000079-003;32;320;10;NULL;NULL;115S1C;APT-1600FD FP-MACHINE3;5_FPT;5_FPT_BASIC;2025-06-03 00:00:00.000;2;1,45;0,8167;0,75
RV24.000079-004;10;100;10;NULL;NULL;115SAC;2;4_AOI;4_AOI_SIDEB;2025-01-14 00:00:00.000;1;1,8167;0,9833;0,95
RV24.000079-004;10;100;10;NULL;NULL;115SAC;APT-1600FD FP-MACHINE3;5_FPT;5_FPT_BASIC;2025-01-14 00:00:00.000;2;1,4;0,9;0,75
RV24.000079-005;10;100;10;NULL;NULL;115SAC;2;4_AOI;4_AOI_SIDEB;2025-06-02 00:00:00.000;1;1,25;0,9833;0,95
RV24.000079-005;10;100;10;NULL;NULL;115SAC;APT-1600FD FP-MACHINE3;5_FPT;5_FPT_BASIC;2025-06-02 00:00:00.000;2;1,25;0,75;0,75
RV24.000082-002;24;72;3;6;13;794D1D;3;3_SEL;3_SELA;2025-03-24 00:00:00.000;1;1,4167;0,7667;1,5
RV24.000082-002;24;72;3;NULL;NULL;794D1D;2;4_AOI;4_AOI_SIDEB;2025-03-24 00:00:00.000;2;1,6333;1,4;1,3667
RV24.000082-002;24;72;3;NULL;NULL;794D1D;APT-1600FD FP-MACHINE3;5_FPT;5_FPT_BASIC;2025-03-24 00:00:00.000;3;2,7167;2,3;1,9167
RV24.000082-003;48;144;3;6;24;794CBD;3;3_SEL;3_SELA;2025-03-27 00:00:00.000;1;2,6;1,8;3,6
RV24.000082-003;48;144;3;NULL;NULL;794CBD;2;4_AOI;4_AOI_SIDEB;2025-03-27 00:00:00.000;2;1,6833;1,4667;1,3333
RV24.000082-003;48;144;3;NULL;NULL;794CBD;APT-1600FD FP-MACHINE3;5_FPT;5_FPT_BASIC;2025-03-27 00:00:00.000;3;2,8;2,1667;2,1
RV24.000082-004;24;72;3;6;12;794CKD;3;3_SEL;3_SELA;2025-03-27 00:00:00.000;1;2,0667;1,4;2,8167
RV24.000082-004;24;72;3;NULL;NULL;794CKD;2;4_AOI;4_AOI_SIDEB;2025-03-27 00:00:00.000;2;1,6167;1,3167;1,3167
RV24.000082-004;24;72;3;NULL;NULL;794CKD;APT-1600FD FP-MACHINE;5_FPT;5_FPT_BASIC;2025-03-27 00:00:00.000;3;2,0333;1,8167;1,8333
RV24.000082-005;72;72;1;2;81;794B15;3;3_SEL;3_SELA;2025-04-04 00:00:00.000;1;4,7;3,8333;3,8833
RV24.000082-005;72;72;1;NULL;NULL;794B15;2;4_AOI;4_AOI_SIDEA;2025-04-04 00:00:00.000;2;1,8;1,5333;1,5167
RV24.000082-005;72;72;1;NULL;NULL;794B15;APT-1600FD FP-MACHINE3;5_FPT;5_FPT_BASIC;2025-04-04 00:00:00.000;3;2,8333;2,4833;2,25
RV24.000083-003;36;108;3;6;18;794DBD;3;3_SEL;3_SELA;2025-03-21 00:00:00.000;1;1,7667;1,75;3,5
RV24.000083-003;36;108;3;NULL;NULL;794DBD;2;4_AOI;4_AOI_SIDEB;2025-03-21 00:00:00.000;2;1,65;1,3;1,3333
RV24.000083-003;36;108;3;NULL;NULL;794DBD;APT-1600FD FP-MACHINE3;5_FPT;5_FPT_BASIC;2025-03-21 00:00:00.000;3;2,1;1,8167;1,65
RV24.000083-004;35;105;3;NULL;NULL;794DBD;2;4_AOI;4_AOI_SIDEA;2025-09-15 00:00:00.000;1;1,4667;1,2667;1,2833
RV24.000083-004;35;105;3;NULL;NULL;794DBD;APT-1600FD FP-MACHINE3;5_FPT;5_FPT_BASIC;2025-09-15 00:00:00.000;2;2,0167;1,7333;1,6667
RV24.000083-005;24;72;3;6;22;794CBD;3;3_SEL;3_SELA;2025-03-21 00:00:00.000;1;2,9;2,0833;3,6
RV24.000083-005;35;105;3;NULL;NULL;794CBD;2;4_AOI;4_AOI_SIDEB;2025-03-21 00:00:00.000;2;1,7167;1,3167;1,3167
RV24.000083-005;35;105;3;NULL;NULL;794CBD;APT-1600FD FP-MACHINE;5_FPT;5_FPT_BASIC;2025-03-21 00:00:00.000;3;2,2167;1,9333;1,9167
RV24.000083-006;35;105;3;NULL;NULL;794CBD;APT-1600FD FP-MACHINE;5_FPT;5_FPT_BASIC;2025-09-17 00:00:00.000;1;2,4833;2,0667;2
RV24.000083-006;35;105;3;NULL;NULL;794CBD;2;4_AOI;4_AOI_SIDEB;2025-09-17 00:00:00.000;2;1,8;1,4;1,3167
RV24.000083-007;36;108;3;NULL;NULL;794CKD;2;4_AOI;4_AOI_SIDEB;2025-03-24 00:00:00.000;2;1,7;1,5833;1,2833
RV24.000083-007;36;108;3;NULL;NULL;794CKD;APT-1600FD FP-MACHINE2;5_FPT;5_FPT_BASIC;2025-03-24 00:00:00.000;3;2,05;1,9167;1,9167
RV24.000083-008;35;105;3;NULL;NULL;794CKD;2;4_AOI;4_AOI_SIDEB;2025-09-17 00:00:00.000;1;1,6167;1,3667;1,3
RV24.000083-008;35;105;3;NULL;NULL;794CKD;APT-1600FD FP-MACHINE;5_FPT;5_FPT_BASIC;2025-09-17 00:00:00.000;2;2;1,8667;1,8333
RV24.000083-009;106;106;1;2;56;794B7D;3;3_SEL;3_SELA;2025-03-31 00:00:00.000;1;2,4667;1,9833;3,85
RV24.000083-009;107;107;1;NULL;NULL;794B7D;2;4_AOI;4_AOI_SIDEA;2025-03-31 00:00:00.000;2;1,8167;1,6;1,5
RV24.000083-009;106;106;1;NULL;NULL;794B7D;APT-1600FD FP-MACHINE3;5_FPT;5_FPT_PREMIUM;2025-03-31 00:00:00.000;4;6,8333;6,1167;6
RV24.000083-010;105;105;1;NULL;NULL;794B7D;2;4_AOI;4_AOI_SIDEA;2025-09-19 00:00:00.000;1;1,7833;1,5167;1,4833
RV24.000083-010;105;105;1;NULL;NULL;794B7D;APT-1600FD FP-MACHINE3;5_FPT;5_FPT_BASIC;2025-09-19 00:00:00.000;2;3,3167;2,55;2,5
RV24.000085-007;22;66;3;NULL;NULL;794DBD;2;4_AOI;4_AOI_SIDEA;2025-09-16 00:00:00.000;1;1,6333;1,3;1,3
RV24.000085-007;22;66;3;NULL;NULL;794DBD;APT-1600FD FP-MACHINE3;5_FPT;5_FPT_BASIC;2025-09-16 00:00:00.000;2;2,0833;1,85;1,75
RV24.000085-008;22;66;3;NULL;NULL;794DBD;2;4_AOI;4_AOI_SIDEB;2026-01-20 00:00:00.000;2;1,9833;1,3;1,3
RV24.000085-008;22;66;3;NULL;NULL;794DBD;APT-1600FD FP-MACHINE3;5_FPT;5_FPT_BASIC;2026-01-20 00:00:00.000;3;1,9;1,6833;1,6667
RV24.000085-009;43;129;3;NULL;NULL;794DBD;8;1_SMT;1_SMTB;2026-03-18 00:00:00.000;1;0,85;0,5;0,4833
RV24.000085-009;43;129;3;NULL;NULL;794DBD;8;1_SMT;1_SMTA;2026-03-18 00:00:00.000;2;1,8333;1,4833;0,4833
RV24.000085-009;43;129;3;3;44;794DBD;4;3_SEL;3_SELA;2026-03-18 00:00:00.000;3;1,8;1,05;1,05
RV24.000085-009;43;129;3;NULL;NULL;794DBD;2;4_AOI;4_AOI_SIDEB;2026-03-18 00:00:00.000;4;1,5833;1,35;1,3
RV24.000085-009;43;129;3;NULL;NULL;794DBD;APT-1600FD FP-MACHINE3;5_FPT;5_FPT_BASIC;2026-03-18 00:00:00.000;5;1,9;1,6667;1,6667
RV24.000085-010;22;66;3;NULL;NULL;794DBD;8;1_SMT;1_SMTA;2026-07-21 00:00:00.000;1;1,45;1,2333;0,5
RV24.000085-010;22;66;3;NULL;NULL;794DBD;8;1_SMT;1_SMTB;2026-07-21 00:00:00.000;2;1,1167;0,8833;0,5
RV24.000085-010;22;66;3;NULL;NULL;794DBD;11;4_AOI;4_AOI_SIDEB;2026-07-21 00:00:00.000;3;1,45;1,2167;1,2
RV24.000085-010;22;66;3;NULL;NULL;794DBD;APT-1600FD FP-MACHINE3;5_FPT;5_FPT_BASIC;2026-07-21 00:00:00.000;4;1,9833;1,7667;1,6667
RV24.000085-013;22;66;3;NULL;NULL;794CGD;2;4_AOI;4_AOI_SIDEB;2025-10-01 00:00:00.000;1;1,7167;1,5167;1,3167
RV24.000085-013;22;66;3;6;11;794CGD;3;3_SEL;3_SELA;2025-10-01 00:00:00.000;2;2,1167;1,6333;3,2833
RV24.000085-013;22;66;3;NULL;NULL;794CGD;APT-1600FD FP-MACHINE;5_FPT;5_FPT_BASIC;2025-10-01 00:00:00.000;3;2,6667;1,9833;1,75
RV24.000085-013;20;60;3;NULL;NULL;794CGD;9;6_DEP;6_DEP;2025-10-01 00:00:00.000;4;1,1667;0,9167;0,9333
RV24.000085-014;22;66;3;6;13;794CGD;3;3_SEL;3_SELA;2026-02-02 00:00:00.000;1;2,15;1,6667;3,35
RV24.000085-014;22;66;3;NULL;NULL;794CGD;2;4_AOI;4_AOI_SIDEB;2026-02-02 00:00:00.000;2;1,9833;1,3;1,3
RV24.000085-014;22;66;3;NULL;NULL;794CGD;APT-1600FD FP-MACHINE2;5_FPT;5_FPT_BASIC;2026-02-02 00:00:00.000;3;2,6;1,9167;1,8333
RV24.000085-014;22;66;3;NULL;NULL;794CGD;9;6_DEP;6_DEP;2026-02-02 00:00:00.000;4;0,95;0,7333;0,65
RV24.000085-015;43;129;3;NULL;NULL;794CGD;8;1_SMT;1_SMTA;2026-03-12 00:00:00.000;1;1,6;1,0667;0,5833
RV24.000085-015;43;129;3;NULL;NULL;794CGD;8;1_SMT;1_SMTB;2026-03-12 00:00:00.000;2;1,35;0,9167;0,5833
RV24.000085-015;39;118;3;6;22;794CGD;3;3_SEL;3_SELA;2026-03-12 00:00:00.000;3;2,6;2,0167;3,6
RV24.000085-015;43;129;3;NULL;NULL;794CGD;2;4_AOI;4_AOI_SIDEB;2026-03-12 00:00:00.000;4;1,45;1,45;1,3
RV24.000085-015;43;129;3;NULL;NULL;794CGD;APT-1600FD FP-MACHINE3;5_FPT;5_FPT_BASIC;2026-03-12 00:00:00.000;5;2,3;2,0667;1,85
RV24.000085-015;43;129;3;NULL;NULL;794CGD;9;6_DEP;6_DEP;2026-03-12 00:00:00.000;6;0,95;0,8333;0,75
RV24.000085-016;22;66;3;NULL;NULL;794CGD;8;1_SMT;1_SMTA;2026-07-20 00:00:00.000;1;1,1167;0,8833;0,6833
RV24.000085-016;22;66;3;NULL;NULL;794CGD;8;1_SMT;1_SMTB;2026-07-20 00:00:00.000;2;1,1833;0,95;0,6833
RV24.000085-016;22;66;3;NULL;NULL;794CGD;2;4_AOI;4_AOI_SIDEB;2026-07-20 00:00:00.000;3;1,6167;1,4;1,3333
RV24.000085-016;22;66;3;NULL;NULL;794CGD;APT-1600FD FP-MACHINE3;5_FPT;5_FPT_BASIC;2026-07-20 00:00:00.000;4;2,3333;1,8833;1,9167
RV24.000085-019;21;65;3;6;15;794CID;3;3_SEL;3_SELA;2025-09-08 00:00:00.000;1;2,85;1,9333;3,3167
RV24.000085-019;22;66;3;NULL;NULL;794CID;2;4_AOI;4_AOI_SIDEB;2025-09-08 00:00:00.000;2;1,55;1,25;1,2333
RV24.000085-019;22;66;3;NULL;NULL;794CID;APT-1600FD FP-MACHINE2;5_FPT;5_FPT_BASIC;2025-09-08 00:00:00.000;3;2,2667;1,8;1,8333
RV24.000085-020;22;66;3;6;12;794CID;3;3_SEL;3_SELA;2026-01-21 00:00:00.000;1;2,1833;1,75;3,2333
RV24.000085-020;22;66;3;NULL;NULL;794CID;2;4_AOI;4_AOI_SIDEB;2026-01-21 00:00:00.000;2;1,9167;1,2333;1,25
RV24.000085-020;22;66;3;NULL;NULL;794CID;APT-1600FD FP-MACHINE2;5_FPT;5_FPT_BASIC;2026-01-21 00:00:00.000;3;2,5;2,05;1,7667
RV24.000085-020;22;66;3;NULL;NULL;794CID;9;6_DEP;6_DEP;2026-01-21 00:00:00.000;4;0,6667;0,6667;0,65
RV24.000085-021;43;129;3;NULL;NULL;794CID;8;1_SMT;1_SMTA;2026-03-12 00:00:00.000;1;1,7;1,1333;0,5833
RV24.000085-021;43;129;3;NULL;NULL;794CID;8;1_SMT;1_SMTB;2026-03-12 00:00:00.000;2;1,45;1;0,5833
RV24.000085-021;41;124;3;6;22;794CID;3;3_SEL;3_SELA;2026-03-12 00:00:00.000;3;2,1167;1,4333;2,7167
RV24.000085-021;43;129;3;NULL;NULL;794CID;2;4_AOI;4_AOI_SIDEB;2026-03-12 00:00:00.000;4;1,4333;1,3167;1,2333
RV24.000085-021;43;129;3;NULL;NULL;794CID;APT-1600FD FP-MACHINE3;5_FPT;5_FPT_BASIC;2026-03-12 00:00:00.000;5;2,3333;1,8667;1,8667
RV24.000085-021;43;129;3;NULL;NULL;794CID;9;6_DEP;6_DEP;2026-03-12 00:00:00.000;6;0,7667;0,65;0,65
RV24.000085-022;22;66;3;NULL;NULL;794CID;8;1_SMT;1_SMTA;2026-07-20 00:00:00.000;1;1,05;0,8167;0,6667
RV24.000085-022;22;66;3;NULL;NULL;794CID;8;1_SMT;1_SMTB;2026-07-20 00:00:00.000;2;1,1667;0,9333;0,6667
RV24.000085-022;22;66;3;NULL;NULL;794CID;11;4_AOI;4_AOI_SIDEB;2026-07-20 00:00:00.000;3;1,15;0,7167;0,55
RV24.000085-022;22;66;3;NULL;NULL;794CID;2;4_AOI;4_AOI_SIDEB;2026-07-20 00:00:00.000;4;1,5;1,2667;1,2667
RV24.000085-022;22;66;3;NULL;NULL;794CID;APT-1600FD FP-MACHINE3;5_FPT;5_FPT_BASIC;2026-07-20 00:00:00.000;5;3,0167;2,1;1,9167
RV24.000085-025;64;64;1;2;33;794B16;3;3_SEL;3_SELA;2025-09-24 00:00:00.000;1;2,3;1,6;3,0833
RV24.000085-025;65;65;1;NULL;NULL;794B16;2;4_AOI;4_AOI_SIDEA;2025-09-24 00:00:00.000;2;1,65;1,4833;1,5
RV24.000085-025;65;65;1;NULL;NULL;794B16;APT-1600FD FP-MACHINE3;5_FPT;5_FPT_BASIC;2025-09-24 00:00:00.000;3;3,2167;2,5167;2,2667
RV24.000085-026;66;66;1;NULL;NULL;794B16;2;4_AOI;4_AOI_SIDEA;2026-02-02 00:00:00.000;1;1,6667;1,45;1,45
RV24.000085-026;59;59;1;2;33;794B16;3;3_SEL;3_SELA;2026-02-02 00:00:00.000;2;2,7667;1,7667;3,1833
RV24.000085-026;66;66;1;NULL;NULL;794B16;APT-1600FD FP-MACHINE3;5_FPT;5_FPT_BASIC;2026-02-02 00:00:00.000;3;3,2667;2,6667;2,3333
RV24.000085-026;65;65;1;NULL;NULL;794B16;9;6_DEP;6_DEP;2026-02-02 00:00:00.000;4;1;0,7;0,5667
RV24.000085-027;129;129;1;NULL;NULL;794B16;8;1_SMT;1_SMTB;2026-03-20 00:00:00.000;1;1,5833;1,1333;0,85
RV24.000085-027;129;129;1;NULL;NULL;794B16;8;1_SMT;1_SMTA;2026-03-20 00:00:00.000;2;1,4;1,1;0,85
RV24.000085-027;103;103;1;2;66;794B16;3;3_SEL;3_SELA;2026-03-20 00:00:00.000;3;3,2333;2,5167;4,0167
RV24.000085-027;129;129;1;NULL;NULL;794B16;2;4_AOI;4_AOI_SIDEA;2026-03-20 00:00:00.000;4;1,75;1,6;1,4667
RV24.000085-027;129;129;1;NULL;NULL;794B16;APT-1600FD FP-MACHINE3;5_FPT;5_FPT_BASIC;2026-03-20 00:00:00.000;5;2,6333;2,35;2,3167
RV24.000085-027;129;129;1;NULL;NULL;794B16;9;6_DEP;6_DEP;2026-03-20 00:00:00.000;6;0,7;0,6167;0,55
RV24.000085-028;66;66;1;NULL;NULL;794B16;8;1_SMT;1_SMTB;2026-07-27 00:00:00.000;1;1,4167;1,0333;0,85
RV24.000085-028;66;66;1;NULL;NULL;794B16;8;1_SMT;1_SMTA;2026-07-27 00:00:00.000;2;1,2;0,8833;0,85
RV24.000085-028;66;66;1;NULL;NULL;794B16;11;4_AOI;4_AOI_SIDEA;2026-07-27 00:00:00.000;3;1,6667;1,3667;1,3167
RV24.000085-028;66;66;1;NULL;NULL;794B16;APT-1600FD FP-MACHINE3;5_FPT;5_FPT_BASIC;2026-07-27 00:00:00.000;4;3,8833;3,1167;2,7667
RV24.000086-002;37;113;3;6;19;794DBD;3;3_SEL;3_SELA;2025-03-28 00:00:00.000;1;0,8167;0,7;1,4
RV24.000086-002;38;114;3;NULL;NULL;794DBD;2;4_AOI;4_AOI_SIDEB;2025-03-28 00:00:00.000;2;1,9;1,5167;1,3667
RV24.000086-002;38;114;3;NULL;NULL;794DBD;APT-1600FD FP-MACHINE3;5_FPT;5_FPT_BASIC;2025-03-28 00:00:00.000;3;2,3667;1,8333;1,7167
RV24.000086-003;37;111;3;6;19;794CBD;3;3_SEL;3_SELA;2025-04-01 00:00:00.000;1;2,3;1,8333;3,6
RV24.000086-003;38;114;3;NULL;NULL;794CBD;2;4_AOI;4_AOI_SIDEB;2025-04-01 00:00:00.000;2;1,8;1,5167;1,3333
RV24.000086-003;38;114;3;NULL;NULL;794CBD;APT-1600FD FP-MACHINE3;5_FPT;5_FPT_BASIC;2025-04-01 00:00:00.000;3;3;2,6167;2,1667
RV24.000086-004;38;114;3;6;19;794CKD;3;3_SEL;3_SELA;2025-04-01 00:00:00.000;1;1,7;1,4;2,8167
RV24.000086-004;38;114;3;NULL;NULL;794CKD;2;4_AOI;4_AOI_SIDEB;2025-04-01 00:00:00.000;2;1,5667;1,45;1,3
RV24.000086-004;38;114;3;NULL;NULL;794CKD;APT-1600FD FP-MACHINE2;5_FPT;5_FPT_BASIC;2025-04-01 00:00:00.000;3;2,4;2,0167;1,9167
RV24.000086-005;114;114;1;2;57;794B10;3;3_SEL;3_SELA;2025-04-01 00:00:00.000;1;2,3833;1,9167;3,85
RV24.000086-005;114;114;1;NULL;NULL;794B10;2;4_AOI;4_AOI_SIDEA;2025-04-01 00:00:00.000;2;1,7667;1,5333;1,4667
RV24.000086-005;114;114;1;NULL;NULL;794B10;APT-1600FD FP-MACHINE3;5_FPT;5_FPT_BASIC;2025-04-01 00:00:00.000;3;3,1167;2,5;2,25
RV24.000087-003;26;78;3;NULL;NULL;794DBD;2;4_AOI;4_AOI_SIDEB;2025-05-20 00:00:00.000;2;1,55;1,35;1,35
RV24.000087-003;26;78;3;NULL;NULL;794DBD;APT-1600FD FP-MACHINE3;5_FPT;5_FPT_BASIC;2025-05-20 00:00:00.000;3;2,55;1,7833;1,6833
RV24.000087-005;26;78;3;NULL;NULL;794CBD;2;4_AOI;4_AOI_SIDEB;2025-05-21 00:00:00.000;2;1,8333;1,3667;1,3167
RV24.000087-005;26;78;3;NULL;NULL;794CBD;APT-1600FD FP-MACHINE3;5_FPT;5_FPT_BASIC;2025-05-21 00:00:00.000;3;2,3667;2,1667;2,1667
RV24.000087-007;26;78;3;NULL;NULL;794CKD;2;4_AOI;4_AOI_SIDEB;2025-05-20 00:00:00.000;2;1,5;1,3;1,3
RV24.000087-007;26;78;3;NULL;NULL;794CKD;APT-1600FD FP-MACHINE3;5_FPT;5_FPT_BASIC;2025-05-20 00:00:00.000;3;2,7;2,1333;2
RV24.000087-009;77;77;1;2;41;794B10;3;3_SEL;3_SELA;2025-05-20 00:00:00.000;1;2,55;1,8167;3,4333
RV24.000087-009;78;78;1;NULL;NULL;794B10;2;4_AOI;4_AOI_SIDEA;2025-05-20 00:00:00.000;2;1,8333;1,45;1,4667
RV24.000087-009;78;78;1;NULL;NULL;794B10;APT-1600FD FP-MACHINE3;5_FPT;5_FPT_BASIC;2025-05-20 00:00:00.000;3;3,05;2,4833;2,2667
RV24.000088-002;7;46;6;6;16;364N1B;3;3_SEL;3_SELA;2025-02-03 00:00:00.000;1;6,3333;5,25;3,6833
RV24.000089-005;10;100;10;NULL;NULL;449S1A;2;4_AOI;4_AOI_SIDEB;2025-05-08 00:00:00.000;2;1,2667;1,2667;0,9667
RV24.000089-006;6;64;10;10;12;449S1A;3;3_SEL;3_SELA;2025-05-08 00:00:00.000;1;8,6;5,7;4,7
RV24.000089-006;10;100;10;NULL;NULL;449S1A;2;4_AOI;4_AOI_SIDEB;2025-05-08 00:00:00.000;2;2,25;1,7167;0,9833
RV24.000089-007;10;100;10;NULL;NULL;449S1A;2;4_AOI;4_AOI_SIDEB;2025-10-23 00:00:00.000;1;1,5833;1,0833;0,9833
RV24.000089-008;10;100;10;NULL;NULL;449S1A;2;4_AOI;4_AOI_SIDEB;2025-10-23 00:00:00.000;1;1,4833;0,9833;0,9833
RV24.000090-001;25;125;5;5;26;24141A;3;3_SEL;3_SELA;2025-01-23 00:00:00.000;1;4,8333;3,6833;3,6833
RV24.000090-001;25;125;5;NULL;NULL;24141A;2;4_AOI;4_AOI_SIDEB;2025-01-23 00:00:00.000;2;2,1167;1,6667;1,6
RV24.000090-001;25;125;5;NULL;NULL;24141A;APT-1600FD FP-MACHINE2;5_FPT;5_FPT_BASIC;2025-01-23 00:00:00.000;3;3,9667;2,9667;2,9167
RV24.000090-002;24;124;5;5;26;24141A;3;3_SEL;3_SELA;2025-05-06 00:00:00.000;1;6,2;4,5833;4,55
RV24.000090-002;25;125;5;NULL;NULL;24141A;2;4_AOI;4_AOI_SIDEB;2025-05-06 00:00:00.000;2;2,5167;1,7167;1,6167
RV24.000090-002;24;120;5;NULL;NULL;24141A;APT-1600FD FP-MACHINE;5_FPT;5_FPT_BASIC;2025-05-06 00:00:00.000;3;6,1333;4,2667;5,1833
RV24.000091-001;48;145;3;3;63;24161A;3;3_SEL;3_SELA;2025-01-23 00:00:00.000;1;2,6;2,1167;2,0667
RV24.000091-001;50;150;3;NULL;NULL;24161A;2;4_AOI;4_AOI_SIDEB;2025-01-23 00:00:00.000;2;1,5833;1,2833;1,1667
RV24.000091-001;50;150;3;NULL;NULL;24161A;APT-1600FD FP-MACHINE2;5_FPT;5_FPT_BASIC;2025-01-23 00:00:00.000;3;2,2667;1,6667;1,5833
RV24.000091-002;30;90;3;3;31;24161A;4;3_SEL;3_SELA;2025-05-05 00:00:00.000;1;2,95;1,8;1,8
RV24.000091-002;30;90;3;NULL;NULL;24161A;2;4_AOI;4_AOI_SIDEB;2025-05-05 00:00:00.000;2;1,6;1,15;1,15
RV24.000091-002;30;90;3;NULL;NULL;24161A;APT-1600FD FP-MACHINE2;5_FPT;5_FPT_BASIC;2025-05-05 00:00:00.000;3;1,8667;1,7;1,5833
RV24.000092-001;30;300;10;NULL;NULL;24151A;2;4_AOI;4_AOI_SIDEB;2025-01-07 00:00:00.000;3;1,8833;1,55;1,4333
RV24.000092-001;30;300;10;NULL;NULL;24151A;APT-1600FD FP-MACHINE3;5_FPT;5_FPT_BASIC;2025-01-07 00:00:00.000;4;3,5167;2,6833;2,6833
RV24.000092-002;30;300;10;NULL;NULL;24151A;2;4_AOI;4_AOI_SIDEB;2025-04-16 00:00:00.000;1;2,0667;1,8333;1,5333
RV24.000092-002;29;297;10;10;30;24151A;3;3_SEL;3_SELA;2025-04-16 00:00:00.000;2;1,6667;1,25;1,25
RV24.000092-002;30;300;10;NULL;NULL;24151A;APT-1600FD FP-MACHINE3;5_FPT;5_FPT_BASIC;2025-04-16 00:00:00.000;3;3,0167;2,85;2,75
RV24.000093-001;10;50;5;5;10;04041A;3;3_SEL;3_SELA;2025-01-27 00:00:00.000;1;3,2;2,7;2,7
RV24.000093-001;10;50;5;NULL;NULL;04041A;2;4_AOI;4_AOI_SIDEA;2025-01-27 00:00:00.000;2;1,7167;1,7167;1,3
RV24.000096-001;17;102;6;NULL;NULL;029V1B;2;4_AOI;4_AOI_SIDEA;2025-03-06 00:00:00.000;1;1,1;0,6667;0,4
RV24.000096-002;17;102;6;NULL;NULL;029V1B;2;4_AOI;4_AOI_SIDEA;2025-03-06 00:00:00.000;1;0,6667;0,3833;0,3833
RV24.000096-003;18;108;6;NULL;NULL;029V1B;2;4_AOI;4_AOI_SIDEA;2025-03-06 00:00:00.000;1;0,6167;0,6167;0,3667
RV25.000002-002;45;90;2;NULL;NULL;266E1B;2;4_AOI;4_AOI_SIDEB;2025-04-01 00:00:00.000;2;1,7;1,4833;1,3167
RV25.000002-002;45;90;2;NULL;NULL;266E1B;APT-1600FD FP-MACHINE;5_FPT;5_FPT_PREMIUM;2025-04-01 00:00:00.000;3;5,8333;4,9333;4,75
RV25.000002-003;100;200;2;NULL;NULL;266E1B;2;4_AOI;4_AOI_SIDEB;2025-07-14 00:00:00.000;2;1,6833;1,45;1,3
RV25.000002-003;72;144;2;NULL;NULL;266E1B;APT-1600FD FP-MACHINE2;5_FPT;5_FPT_PREMIUM;2025-07-14 00:00:00.000;3;6,35;5,3;5,3333
RV25.000002-003;27;54;2;NULL;NULL;266E1B;APT-1600FD FP-MACHINE3;5_FPT;5_FPT_PREMIUM;2025-07-14 00:00:00.000;4;7,0333;5,3667;5,3833
RV25.000002-004;96;192;2;NULL;NULL;266E1B;10;2_ODD;2_ODDA;2026-01-27 00:00:00.000;1;2,6167;1,95;1,7333
RV25.000002-004;97;194;2;4;53;266E1B;3;3_SEL;3_SELA;2026-01-27 00:00:00.000;2;2,35;1,7167;3,2167
RV25.000002-004;97;194;2;NULL;NULL;266E1B;2;4_AOI;4_AOI_SIDEB;2026-01-27 00:00:00.000;3;1,5;1,3333;1,2833
RV25.000002-004;97;194;2;NULL;NULL;266E1B;APT-1600FD FP-MACHINE2;5_FPT;5_FPT_PREMIUM;2026-01-27 00:00:00.000;4;6,0167;5,3333;5,0167
RV25.000002-004;97;194;2;NULL;NULL;266E1B;9;6_DEP;6_DEP;2026-01-27 00:00:00.000;5;1,1;0,7333;0,5333
RV25.000002-005;102;204;2;NULL;NULL;266E1B;8;1_SMT;1_SMTA;2026-04-20 00:00:00.000;2;1,5;1,0833;0,6
RV25.000002-005;102;204;2;NULL;NULL;266E1B;2;4_AOI;4_AOI_SIDEB;2026-04-20 00:00:00.000;3;1,65;1,45;1,4167
RV25.000002-005;22;44;2;4;11;266E1B;3;3_SEL;3_SELA;2026-04-20 00:00:00.000;4;2,1333;1,6;3,2167
RV25.000002-005;81;162;2;NULL;NULL;266E1B;APT-1600FD FP-MACHINE;5_FPT;5_FPT_PREMIUM;2026-04-20 00:00:00.000;6;6,0167;5,2833;5,0667
RV25.000002-005;42;84;2;NULL;NULL;266E1B;9;6_DEP;6_DEP;2026-04-20 00:00:00.000;7;1,2;0,6;0,5333
RV25.000002-006;152;304;2;NULL;NULL;266E1B;8;1_SMT;1_SMTA;2026-06-19 00:00:00.000;1;1,2;0,8667;0,4167
RV25.000002-006;151;302;2;NULL;NULL;266E1B;10;2_ODD;2_ODDA;2026-06-19 00:00:00.000;2;2;1,4333;1,0167
RV25.000002-006;152;304;2;4;81;266E1B;3;3_SEL;3_SELA;2026-06-19 00:00:00.000;3;2,65;2,1167;4,25
RV25.000002-006;152;304;2;NULL;NULL;266E1B;2;4_AOI;4_AOI_SIDEB;2026-06-19 00:00:00.000;4;1,4333;1,3333;1,3
RV25.000002-006;60;120;2;NULL;NULL;266E1B;APT-1600FD FP-MACHINE2;5_FPT;5_FPT_PREMIUM;2026-06-19 00:00:00.000;5;5,95;5,3667;5,1667
RV25.000002-006;147;294;2;NULL;NULL;266E1B;9;6_DEP;6_DEP;2026-06-19 00:00:00.000;6;0,8167;0,55;0,5167
RV25.000002-006;62;124;2;NULL;NULL;266E1B;APT-1600FD FP-MACHINE3;5_FPT;5_FPT_PREMIUM;2026-06-19 00:00:00.000;7;5,9833;5,4167;5,4167
RV25.000002-006;30;60;2;NULL;NULL;266E1B;APT-1600FD FP-MACHINE;5_FPT;5_FPT_PREMIUM;2026-06-19 00:00:00.000;8;5,9167;5,4167;5,2667
RV25.000003-002;245;245;1;NULL;NULL;54511D;APT-1600FD FP-MACHINE2;5_FPT;5_FPT_BASIC;2025-03-25 00:00:00.000;1;0,5667;0,45;0,3333
RV25.000003-002;245;245;1;NULL;NULL;54511D;2;4_AOI;4_AOI_SIDEA;2025-03-25 00:00:00.000;2;0,45;0,4;0,3833
RV25.000003-003;250;250;1;NULL;NULL;54511D;2;4_AOI;4_AOI_SIDEA;2025-03-25 00:00:00.000;1;0,4833;0,4333;0,3833
RV25.000003-003;250;250;1;NULL;NULL;54511D;APT-1600FD FP-MACHINE2;5_FPT;5_FPT_BASIC;2025-03-25 00:00:00.000;2;0,7333;0,4167;0,3333
RV25.000003-004;250;250;1;NULL;NULL;54511D;2;4_AOI;4_AOI_SIDEA;2025-05-05 00:00:00.000;1;0,5;0,4;0,3833
RV25.000003-004;250;250;1;NULL;NULL;54511D;APT-1600FD FP-MACHINE2;5_FPT;5_FPT_BASIC;2025-05-05 00:00:00.000;2;0,6;0,4;0,3333
RV25.000003-005;251;251;1;NULL;NULL;54511D;2;4_AOI;4_AOI_SIDEA;2025-04-16 00:00:00.000;1;0,4333;0,3667;0,35
RV25.000003-005;250;250;1;NULL;NULL;54511D;APT-1600FD FP-MACHINE2;5_FPT;5_FPT_BASIC;2025-04-16 00:00:00.000;2;0,5167;0,3667;0,3333
RV25.000003-007;251;251;1;NULL;NULL;54511E;2;4_AOI;4_AOI_SIDEA;2025-09-25 00:00:00.000;1;0,5167;0,4167;0,4
RV25.000003-007;250;250;1;NULL;NULL;54511E;APT-1600FD FP-MACHINE3;5_FPT;5_FPT_BASIC;2025-09-25 00:00:00.000;2;0,4333;0,4;0,3333
RV25.000003-008;245;245;1;NULL;NULL;54511E;2;4_AOI;4_AOI_SIDEA;2025-09-25 00:00:00.000;1;0,4333;0,3833;0,4
RV25.000003-008;64;64;1;NULL;NULL;54511E;APT-1600FD FP-MACHINE3;5_FPT;5_FPT_BASIC;2025-09-25 00:00:00.000;2;0,7833;0,4667;0,3333
RV25.000003-008;180;180;1;NULL;NULL;54511E;APT-1600FD FP-MACHINE2;5_FPT;5_FPT_BASIC;2025-09-25 00:00:00.000;3;0,45;0,3667;0,3333
RV25.000006-002;301;602;2;NULL;NULL;04511G;10;2_ODD;2_ODDA;2025-07-21 00:00:00.000;1;2,65;2,1667;1,7333
RV25.000006-002;301;602;2;NULL;NULL;04511G;2;4_AOI;4_AOI_SIDEB;2025-07-21 00:00:00.000;2;1,5333;1,35;1,3
RV25.000006-002;301;602;2;NULL;NULL;04511G;APT-1600FD FP-MACHINE;5_FPT;5_FPT_BASIC;2025-07-21 00:00:00.000;3;1,9333;1,5;1,4167
RV25.000006-003;219;438;2;NULL;NULL;04511G;8;1_SMT;1_SMTA;2026-04-23 00:00:00.000;1;1,4167;1,15;0,75
RV25.000006-003;305;610;2;NULL;NULL;04511G;10;2_ODD;2_ODDA;2026-04-23 00:00:00.000;2;2,6;2,3833;2
RV25.000006-003;242;485;2;2;244;04511G;3;3_SEL;3_SELA;2026-04-23 00:00:00.000;3;2,2833;1,9833;1,9833
RV25.000006-003;61;122;2;2;63;04511G;4;3_SEL;3_SELA;2026-04-23 00:00:00.000;4;4,2167;2,8667;2,8667
RV25.000006-003;246;492;2;NULL;NULL;04511G;2;4_AOI;4_AOI_SIDEB;2026-04-23 00:00:00.000;5;1,7167;1,5167;1,45
RV25.000006-003;59;118;2;NULL;NULL;04511G;11;4_AOI;4_AOI_SIDEB;2026-04-23 00:00:00.000;6;1,6167;1,2833;1,2333
RV25.000006-003;285;570;2;NULL;NULL;04511G;APT-1600FD FP-MACHINE3;5_FPT;5_FPT_BASIC;2026-04-23 00:00:00.000;7;1,85;1,5167;1,5
RV25.000006-006;301;602;2;NULL;NULL;0451AG;10;2_ODD;2_ODDA;2025-08-26 00:00:00.000;1;2,4167;2,1;1,85
RV25.000006-006;301;602;2;NULL;NULL;0451AG;2;4_AOI;4_AOI_SIDEB;2025-08-26 00:00:00.000;2;1,5167;1,45;1,35
RV25.000006-006;299;598;2;NULL;NULL;0451AG;APT-1600FD FP-MACHINE2;5_FPT;5_FPT_BASIC;2025-08-26 00:00:00.000;3;1,6667;1,4833;1,4167
RV25.000006-008;252;504;2;NULL;NULL;0451BG;10;2_ODD;2_ODDA;2025-07-24 00:00:00.000;1;2,6167;2,25;1,7667
RV25.000006-008;301;602;2;NULL;NULL;0451BG;2;4_AOI;4_AOI_SIDEB;2025-07-24 00:00:00.000;2;1,5667;1,4333;1,3833
RV25.000006-008;298;596;2;NULL;NULL;0451BG;APT-1600FD FP-MACHINE;5_FPT;5_FPT_BASIC;2025-07-24 00:00:00.000;3;1,8833;1,4667;1,4167
RV25.000006-009;306;612;2;NULL;NULL;0451BG;10;2_ODD;2_ODDA;2025-09-10 00:00:00.000;1;1,5167;1,25;0,9833
RV25.000006-009;136;273;2;2;138;0451BG;3;3_SEL;3_SELA;2025-09-10 00:00:00.000;2;2,6333;2,2833;2,2667
RV25.000006-009;306;612;2;NULL;NULL;0451BG;2;4_AOI;4_AOI_SIDEB;2025-09-10 00:00:00.000;3;1,6333;1,45;1,3833
RV25.000006-009;237;474;2;NULL;NULL;0451BG;APT-1600FD FP-MACHINE2;5_FPT;5_FPT_BASIC;2025-09-10 00:00:00.000;4;2,2333;1,5333;1,5
RV25.000006-009;69;138;2;NULL;NULL;0451BG;APT-1600FD FP-MACHINE;5_FPT;5_FPT_BASIC;2025-09-10 00:00:00.000;5;2,1333;1,6167;1,5
RV25.000006-010;218;436;2;NULL;NULL;0451BG;8;1_SMT;1_SMTA;2026-03-31 00:00:00.000;1;1,5667;1,1;0,8
RV25.000006-010;218;436;2;NULL;NULL;0451BG;10;2_ODD;2_ODDA;2026-03-31 00:00:00.000;2;1,9333;1,7;1,4667
RV25.000006-010;218;436;2;NULL;NULL;0451BG;2;4_AOI;4_AOI_SIDEB;2026-03-31 00:00:00.000;3;1,7333;1,55;1,5167
RV25.000006-010;218;436;2;NULL;NULL;0451BG;APT-1600FD FP-MACHINE3;5_FPT;5_FPT_BASIC;2026-03-31 00:00:00.000;4;1,8833;1,6;1,5
RV25.000009-001;150;600;4;NULL;NULL;14741D;10;2_ODD;2_ODDA;2025-05-02 00:00:00.000;1;1,0333;0,7333;0,6167
RV25.000009-001;150;600;4;12;52;14741D;3;3_SEL;3_SELA;2025-05-02 00:00:00.000;2;1,4167;1,2333;3,65
RV25.000009-001;150;600;4;NULL;NULL;14741D;2;4_AOI;4_AOI_SIDEB;2025-05-02 00:00:00.000;3;1,2;1,0167;1,0167
RV25.000009-001;91;364;4;NULL;NULL;14741D;APT-1600FD FP-MACHINE2;5_FPT;5_FPT_BASIC;2025-05-02 00:00:00.000;4;2,1;1,7167;1,6667
RV25.000009-001;60;240;4;NULL;NULL;14741D;APT-1600FD FP-MACHINE3;5_FPT;5_FPT_BASIC;2025-05-02 00:00:00.000;5;2,7;1,7833;1,6667
RV25.000009-002;112;448;4;NULL;NULL;14741D;10;2_ODD;2_ODDA;2025-05-26 00:00:00.000;1;1,1;0,7;0,5833
RV25.000009-002;114;456;4;NULL;NULL;14741D;2;4_AOI;4_AOI_SIDEB;2025-05-26 00:00:00.000;2;1,3333;1,0667;1,0167
RV25.000009-002;113;452;4;12;38;14741D;3;3_SEL;3_SELA;2025-05-26 00:00:00.000;3;1,4833;1,2333;3,7333
RV25.000009-002;113;452;4;NULL;NULL;14741D;APT-1600FD FP-MACHINE3;5_FPT;5_FPT_BASIC;2025-05-26 00:00:00.000;4;2,2833;1,7667;1,6833
RV25.000009-003;112;448;4;NULL;NULL;14741D;10;2_ODD;2_ODDA;2025-10-01 00:00:00.000;1;1,05;0,7333;0,5833
RV25.000009-003;112;448;4;12;39;14741D;3;3_SEL;3_SELA;2025-10-01 00:00:00.000;2;1,4167;1,3;3,7667
RV25.000009-003;112;448;4;NULL;NULL;14741D;2;4_AOI;4_AOI_SIDEB;2025-10-01 00:00:00.000;3;1,2167;1,05;1,0333
RV25.000009-003;111;444;4;NULL;NULL;14741D;APT-1600FD FP-MACHINE;5_FPT;5_FPT_BASIC;2025-10-01 00:00:00.000;4;2;1,7167;1,6667
RV25.000010-001;15;300;20;NULL;NULL;26921A;2;4_AOI;4_AOI_SIDEA;2025-07-02 00:00:00.000;1;0,9;0,9;0,8333
RV25.000010-001;15;300;20;NULL;NULL;26921A;APT-1600FD FP-MACHINE2;5_FPT;5_FPT_PREMIUM;2025-07-02 00:00:00.000;2;1,9167;1,25;1,25
RV25.000010-002;15;300;20;NULL;NULL;26921A;APT-1600FD FP-MACHINE2;5_FPT;5_FPT_PREMIUM;2025-07-03 00:00:00.000;1;1,95;1,2833;1,3
RV25.000010-002;15;300;20;NULL;NULL;26921A;2;4_AOI;4_AOI_SIDEA;2025-07-03 00:00:00.000;2;1,2667;0,9667;0,8333
RV25.000010-003;14;280;20;NULL;NULL;26921A;2;4_AOI;4_AOI_SIDEA;2025-07-02 00:00:00.000;2;1,3667;1,0667;0,8333
RV25.000010-003;14;280;20;NULL;NULL;26921A;APT-1600FD FP-MACHINE2;5_FPT;5_FPT_PREMIUM;2025-07-02 00:00:00.000;3;1,9333;1,5833;1,25
RV25.000010-004;15;300;20;NULL;NULL;26921A;2;4_AOI;4_AOI_SIDEA;2025-07-29 00:00:00.000;1;1,0667;1,0667;0,8333
RV25.000010-004;15;300;20;NULL;NULL;26921A;APT-1600FD FP-MACHINE3;5_FPT;5_FPT_PREMIUM;2025-07-29 00:00:00.000;2;2,0167;1,35;1,25
RV25.000010-005;15;300;20;NULL;NULL;26921A;2;4_AOI;4_AOI_SIDEA;2025-07-29 00:00:00.000;1;1,4333;0,85;0,8333
RV25.000010-005;15;300;20;NULL;NULL;26921A;APT-1600FD FP-MACHINE3;5_FPT;5_FPT_PREMIUM;2025-07-29 00:00:00.000;2;2,05;1,3833;1,25
RV25.000010-006;18;360;20;NULL;NULL;26921A;2;4_AOI;4_AOI_SIDEA;2025-07-29 00:00:00.000;1;1,05;1,05;0,8333
RV25.000010-006;18;360;20;NULL;NULL;26921A;APT-1600FD FP-MACHINE3;5_FPT;5_FPT_PREMIUM;2025-07-29 00:00:00.000;2;2,0667;1,7833;1,25
RV25.000012-005;13;26;2;2;13;040N1A;4;3_SEL;3_SELA;2026-02-09 00:00:00.000;1;4,8833;3,2167;3,2167
RV25.000019-002;245;490;2;NULL;NULL;448I1B;10;2_ODD;2_ODDA;2025-11-25 00:00:00.000;1;2,9833;2,3;1,8167
RV25.000019-002;244;488;2;2;247;448I1B;3;3_SEL;3_SELA;2025-11-25 00:00:00.000;2;3,3333;2,9167;2,9167
RV25.000019-002;245;490;2;NULL;NULL;448I1B;2;4_AOI;4_AOI_SIDEA;2025-11-25 00:00:00.000;3;1,4667;1,2833;1,2167
RV25.000019-002;245;490;2;NULL;NULL;448I1B;APT-1600FD FP-MACHINE2;5_FPT;5_FPT_BASIC;2025-11-25 00:00:00.000;4;1,6;1,2333;1,1
RV25.000021-001;20;100;5;NULL;NULL;12531A;2;4_AOI;4_AOI_SIDEA;2025-06-24 00:00:00.000;2;1,15;0,8333;0,7667
RV25.000021-001;19;95;5;NULL;NULL;12531A;APT-1600FD FP-MACHINE3;5_FPT;5_FPT_BASIC;2025-06-24 00:00:00.000;3;1,4333;1,1667;1,0833
RV25.000021-002;20;100;5;NULL;NULL;12531A;2;4_AOI;4_AOI_SIDEA;2025-09-26 00:00:00.000;1;1,1;0,85;0,7833
RV25.000021-002;20;100;5;NULL;NULL;12531A;APT-1600FD FP-MACHINE3;5_FPT;5_FPT_BASIC;2025-09-26 00:00:00.000;3;1,6833;1,1833;1,0833
RV25.000022-001;25;250;10;NULL;NULL;12591B;2;4_AOI;4_AOI_SIDEA;2025-08-21 00:00:00.000;1;1,15;0,8667;0,8833
RV25.000022-001;25;250;10;NULL;NULL;12591B;APT-1600FD FP-MACHINE;5_FPT;5_FPT_BASIC;2025-08-21 00:00:00.000;2;1,45;0,65;0,6667
RV25.000022-002;19;190;10;NULL;NULL;12591B;2;4_AOI;4_AOI_SIDEA;2025-12-18 00:00:00.000;1;1,5;1,3333;1
RV25.000022-002;19;190;10;NULL;NULL;12591B;9;6_DEP;6_DEP;2025-12-18 00:00:00.000;2;2,9333;2,1333;1,7667
RV25.000022-002;19;190;10;NULL;NULL;12591B;APT-1600FD FP-MACHINE;5_FPT;5_FPT_BASIC;2025-12-18 00:00:00.000;3;1,4667;0,6667;0,6667
RV25.000022-003;31;310;10;NULL;NULL;12591B;2;4_AOI;4_AOI_SIDEA;2026-03-05 00:00:00.000;1;1,1667;1;0,8833
RV25.000022-003;31;310;10;NULL;NULL;12591B;APT-1600FD FP-MACHINE2;5_FPT;5_FPT_BASIC;2026-03-05 00:00:00.000;2;0,8667;0,7;0,6667
RV25.000022-003;31;310;10;NULL;NULL;12591B;9;6_DEP;6_DEP;2026-03-05 00:00:00.000;3;1,3667;1,2167;1,1167
RV25.000022-004;24;240;10;NULL;NULL;12591B;2;4_AOI;4_AOI_SIDEA;2026-04-30 00:00:00.000;1;1,3167;1;1
RV25.000022-004;22;220;10;NULL;NULL;12591B;9;6_DEP;6_DEP;2026-04-30 00:00:00.000;2;1,35;1,1167;1,1167
RV25.000022-004;24;240;10;NULL;NULL;12591B;APT-1600FD FP-MACHINE3;5_FPT;5_FPT_BASIC;2026-04-30 00:00:00.000;3;1,1;0,6833;0,75
RV25.000023-001;20;40;2;8;15;040J1B;3;3_SEL;3_SELA;2025-10-17 00:00:00.000;1;2,0167;1,0833;2,7667
RV25.000023-004;18;37;2;8;15;040J1B;3;3_SEL;3_SELA;2026-01-26 00:00:00.000;1;2,5;1,9833;4,4833
RV25.000025-001;13;26;2;4;12;040D1A;3;3_SEL;3_SELA;2025-09-04 00:00:00.000;1;4,15;3,05;6,1
RV25.000031-001;24;48;2;4;18;074L1A;3;3_SEL;3_SELA;2025-11-19 00:00:00.000;1;2,6;1,8167;3,2667
RV25.000031-001;25;50;2;NULL;NULL;074L1A;APT-1600FD FP-MACHINE3;5_FPT;5_FPT_BASIC;2025-11-19 00:00:00.000;2;2;1,4;0,7167
RV25.000031-001;25;50;2;NULL;NULL;074L1A;2;4_AOI;4_AOI_SIDEB;2025-11-19 00:00:00.000;3;1,9333;1,45;1,2167
RV25.000031-002;25;50;2;4;13;074L1A;4;3_SEL;3_SELA;2026-04-15 00:00:00.000;1;4,4;3,6667;7,0667
RV25.000031-002;25;50;2;NULL;NULL;074L1A;11;4_AOI;4_AOI_SIDEB;2026-04-15 00:00:00.000;2;1,4167;1,1167;1
RV25.000031-002;25;50;2;NULL;NULL;074L1A;APT-1600FD FP-MACHINE3;5_FPT;5_FPT_BASIC;2026-04-15 00:00:00.000;3;1,4167;1,2167;0,6667
RV25.000038-001;10;50;5;NULL;NULL;04041A;2;4_AOI;4_AOI_SIDEA;2025-07-30 00:00:00.000;1;1,7667;1,5167;1,3
RV25.000038-002;10;50;5;NULL;NULL;04041A;2;4_AOI;4_AOI_SIDEA;2025-07-30 00:00:00.000;1;1,6333;1,3833;1,3
RV25.000039-001;210;4200;20;NULL;NULL;128U1A;2;4_AOI;4_AOI_SIDEA;2025-12-12 00:00:00.000;1;0,6;0,5;0,5333
RV25.000039-001;210;4200;20;NULL;NULL;128U1A;APT-1600FD FP-MACHINE;5_FPT;5_FPT_PREMIUM;2025-12-12 00:00:00.000;2;0,8833;0,8;0,6667
RV25.000039-002;190;3800;20;NULL;NULL;128U1A;11;4_AOI;4_AOI_SIDEA;2026-04-10 00:00:00.000;1;0,6667;0,5667;0,5333
RV25.000039-002;101;2020;20;NULL;NULL;128U1A;2;4_AOI;4_AOI_SIDEA;2026-04-10 00:00:00.000;2;0,8667;0,8333;0,5333
RV25.000039-002;290;5800;20;NULL;NULL;128U1A;APT-1600FD FP-MACHINE;5_FPT;5_FPT_PREMIUM;2026-04-10 00:00:00.000;3;0,8667;0,7833;0,6667
RV25.000040-001;250;1000;4;NULL;NULL;142E1A;10;2_ODD;2_ODDA;2026-03-19 00:00:00.000;1;6,1333;5,55;5,3167
RV25.000040-001;250;1000;4;NULL;NULL;142E1A;2;4_AOI;4_AOI_SIDEA;2026-03-19 00:00:00.000;3;1,4167;1,3167;1,2667
RV25.000042-001;50;200;4;NULL;NULL;607J1A;2;4_AOI;4_AOI_SIDEA;2025-06-13 00:00:00.000;1;1,35;1,1167;1,0833
RV25.000042-001;24;96;4;NULL;NULL;607J1A;APT-1600FD FP-MACHINE3;5_FPT;5_FPT_PREMIUM;2025-06-13 00:00:00.000;2;2,9167;2,3;2,0833
RV25.000042-001;26;104;4;NULL;NULL;607J1A;APT-1600FD FP-MACHINE2;5_FPT;5_FPT_PREMIUM;2025-06-13 00:00:00.000;3;2,6167;2,0333;2,0167
RV25.000044-025;39;78;2;4;26;56921B;3;3_SEL;3_SELA;2026-04-07 00:00:00.000;1;2,3333;1,4167;2,2
RV25.000044-025;50;100;2;NULL;NULL;56921B;2;4_AOI;4_AOI_SIDEB;2026-04-07 00:00:00.000;2;1,4333;1,2;1,0833
RV25.000044-025;50;100;2;NULL;NULL;56921B;APT-1600FD FP-MACHINE2;5_FPT;5_FPT_PREMIUM;2026-04-07 00:00:00.000;3;2,25;1,55;1,3333
RV25.000044-026;60;120;2;NULL;NULL;56921B;7;1_SMT;1_SMTA;2026-06-19 00:00:00.000;1;1,6333;0,8;0,5833
RV25.000044-026;60;120;2;NULL;NULL;56921B;10;2_ODD;2_ODDA;2026-06-19 00:00:00.000;2;1,8333;1,5;0,9333
RV25.000044-026;60;120;2;NULL;NULL;56921B;2;4_AOI;4_AOI_SIDEB;2026-06-19 00:00:00.000;3;1,2167;1;0,95
RV25.000044-026;60;120;2;NULL;NULL;56921B;APT-1600FD FP-MACHINE;5_FPT;5_FPT_PREMIUM;2026-06-19 00:00:00.000;4;1,5833;1,4167;1,3333
RV25.000044-026;60;120;2;NULL;NULL;56921B;9;6_DEP;6_DEP;2026-06-19 00:00:00.000;5;0,5167;0,4333;0,4333
RV25.000044-027;60;120;2;NULL;NULL;56921B;8;1_SMT;1_SMTA;2026-08-12 00:00:00.000;1;1,4;1,15;0,85
RV25.000044-027;60;120;2;NULL;NULL;56921B;2;4_AOI;4_AOI_SIDEB;2026-08-12 00:00:00.000;2;1,3167;0,9833;0,9833
RV25.000044-027;60;120;2;NULL;NULL;56921B;APT-1600FD FP-MACHINE3;5_FPT;5_FPT_PREMIUM;2026-08-12 00:00:00.000;3;1,5667;1,3167;1,3333
RV25.000044-027;60;120;2;NULL;NULL;56921B;9;6_DEP;6_DEP;2026-08-12 00:00:00.000;4;0,5167;0,4333;0,4333
RV25.000044-032;48;96;2;NULL;NULL;56931B;8;1_SMT;1_SMTA;2026-04-08 00:00:00.000;1;2,2;1,6667;1,4333
RV25.000044-032;34;68;2;4;25;56931B;3;3_SEL;3_SELA;2026-04-08 00:00:00.000;2;1,15;0,9167;1,25
RV25.000044-032;50;100;2;NULL;NULL;56931B;2;4_AOI;4_AOI_SIDEB;2026-04-08 00:00:00.000;3;1,35;1,1667;1,1333
RV25.000044-032;60;120;2;NULL;NULL;56931B;APT-1600FD FP-MACHINE2;5_FPT;5_FPT_PREMIUM;2026-04-08 00:00:00.000;4;4,45;2,7833;2,75
RV25.000044-033;60;120;2;NULL;NULL;56931B;7;1_SMT;1_SMTA;2026-06-17 00:00:00.000;1;2,15;1,3167;1,1
RV25.000044-033;60;120;2;NULL;NULL;56931B;10;2_ODD;2_ODDA;2026-06-17 00:00:00.000;2;0,95;0,5333;0,3167
RV25.000044-033;60;120;2;NULL;NULL;56931B;2;4_AOI;4_AOI_SIDEB;2026-06-17 00:00:00.000;3;1,1667;1,0167;1
RV25.000044-033;60;120;2;4;31;56931B;3;3_SEL;3_SELA;2026-06-17 00:00:00.000;4;0,9167;0,6833;1,3333
RV25.000044-033;73;146;2;NULL;NULL;56931B;APT-1600FD FP-MACHINE3;5_FPT;5_FPT_PREMIUM;2026-06-17 00:00:00.000;5;3,1333;2,65;2,75
RV25.000044-033;60;120;2;NULL;NULL;56931B;9;6_DEP;6_DEP;2026-06-17 00:00:00.000;6;1,25;0,6;0,45
RV25.000044-034;60;120;2;NULL;NULL;56931B;8;1_SMT;1_SMTA;2026-08-12 00:00:00.000;1;1,4;1,0667;0,7167
RV25.000044-034;60;120;2;NULL;NULL;56931B;2;4_AOI;4_AOI_SIDEB;2026-08-12 00:00:00.000;2;1,2667;1,0167;1,0167
RV25.000044-034;60;120;2;NULL;NULL;56931B;APT-1600FD FP-MACHINE3;5_FPT;5_FPT_PREMIUM;2026-08-12 00:00:00.000;3;2,9667;2,7167;2,6667
RV25.000044-034;60;120;2;NULL;NULL;56931B;9;6_DEP;6_DEP;2026-08-12 00:00:00.000;4;0,7333;0,65;0,6333
RV25.000046-001;13;78;6;NULL;NULL;029V1B;2;4_AOI;4_AOI_SIDEA;2025-07-15 00:00:00.000;1;1,65;0,8833;0,4
RV25.000046-002;13;78;6;NULL;NULL;029V1B;2;4_AOI;4_AOI_SIDEA;2025-07-15 00:00:00.000;1;2,1667;0,7333;0,4
RV25.000046-003;13;78;6;NULL;NULL;029V1B;2;4_AOI;4_AOI_SIDEA;2025-07-15 00:00:00.000;1;0,75;0,75;0,3667
RV25.000047-002;94;188;2;4;49;55621A;3;3_SEL;3_SELA;2025-09-29 00:00:00.000;1;1,2333;1,05;2,0667
RV25.000047-002;95;190;2;NULL;NULL;55621A;2;4_AOI;4_AOI_SIDEB;2025-09-29 00:00:00.000;2;1,0167;0,9333;0,8833
RV25.000047-002;94;188;2;NULL;NULL;55621A;APT-1600FD FP-MACHINE3;5_FPT;5_FPT_BASIC;2025-09-29 00:00:00.000;3;1,4833;1;0,75
RV25.000047-003;56;112;2;NULL;NULL;55621A;APT-1600FD FP-MACHINE2;5_FPT;5_FPT_BASIC;2026-01-23 00:00:00.000;1;1,6333;0,9167;0,75
RV25.000047-003;56;113;2;4;29;55621A;3;3_SEL;3_SELA;2026-01-23 00:00:00.000;2;1,3;1,05;2,0667
RV25.000047-003;57;114;2;NULL;NULL;55621A;2;4_AOI;4_AOI_SIDEB;2026-01-23 00:00:00.000;3;1,1333;0,9;0,8667
RV25.000047-003;42;84;2;NULL;NULL;55621A;9;6_DEP;6_DEP;2026-01-23 00:00:00.000;4;1;0,7667;0,7167
RV25.000047-004;38;76;2;NULL;NULL;55621A;2;4_AOI;4_AOI_SIDEA;2026-02-11 00:00:00.000;1;0,9167;0,7833;0,8667
RV25.000047-004;398;796;2;4;254;55621A;3;3_SEL;3_SELA;2026-02-11 00:00:00.000;2;2,1833;1,4667;2,4
RV25.000047-004;451;902;2;NULL;NULL;55621A;2;4_AOI;4_AOI_SIDEB;2026-02-11 00:00:00.000;3;1,05;0,9167;0,8667
RV25.000047-004;135;270;2;NULL;NULL;55621A;APT-1600FD FP-MACHINE;5_FPT;5_FPT_BASIC;2026-02-11 00:00:00.000;4;1,2167;0,7667;0,7
RV25.000047-004;446;892;2;NULL;NULL;55621A;9;6_DEP;6_DEP;2026-02-11 00:00:00.000;5;0,8167;0,6667;0,5167
RV25.000047-004;315;630;2;NULL;NULL;55621A;APT-1600FD FP-MACHINE3;5_FPT;5_FPT_BASIC;2026-02-11 00:00:00.000;6;0,95;0,7833;0,75
RV25.000048-001;10;50;5;NULL;NULL;015H1C;2;4_AOI;4_AOI_SIDEB;2025-08-01 00:00:00.000;1;1,6167;1,1333;1,05
RV25.000048-001;10;50;5;NULL;NULL;015H1C;APT-1600FD FP-MACHINE2;5_FPT;5_FPT_BASIC;2025-08-01 00:00:00.000;2;2,5167;1,5167;1,5167
RV25.000048-002;10;50;5;NULL;NULL;015H1C;APT-1600FD FP-MACHINE2;5_FPT;5_FPT_BASIC;2025-11-19 00:00:00.000;2;2,5333;1,5333;1,5167
RV25.000048-002;10;50;5;NULL;NULL;015H1C;2;4_AOI;4_AOI_SIDEB;2025-11-19 00:00:00.000;3;1,65;1,15;1,15
RV25.000049-001;35;70;2;4;18;89521A;3;3_SEL;3_SELA;2025-09-05 00:00:00.000;1;2,2167;1,8333;3,6167
RV25.000049-001;35;70;2;NULL;NULL;89521A;2;4_AOI;4_AOI_SIDEA;2025-09-05 00:00:00.000;2;1,4167;1;1
RV25.000049-001;35;70;2;NULL;NULL;89521A;APT-1600FD FP-MACHINE2;5_FPT;5_FPT_BASIC;2025-09-05 00:00:00.000;3;0,9;0,6167;0,5833
RV25.000049-002;25;50;2;4;13;89521A;3;3_SEL;3_SELA;2025-09-05 00:00:00.000;1;2,1667;1,8667;3,6167
RV25.000049-002;25;50;2;NULL;NULL;89521A;2;4_AOI;4_AOI_SIDEA;2025-09-05 00:00:00.000;2;1,3333;1,1333;1
RV25.000049-002;25;50;2;NULL;NULL;89521A;APT-1600FD FP-MACHINE2;5_FPT;5_FPT_BASIC;2025-09-05 00:00:00.000;3;1,1333;0,7333;0,6167
RV25.000049-003;35;70;2;4;18;89521A;3;3_SEL;3_SELA;2025-09-05 00:00:00.000;1;2,55;1,8;3,6167
RV25.000049-003;35;70;2;NULL;NULL;89521A;2;4_AOI;4_AOI_SIDEA;2025-09-05 00:00:00.000;2;1,45;1,1833;1
RV25.000049-003;35;70;2;NULL;NULL;89521A;APT-1600FD FP-MACHINE2;5_FPT;5_FPT_BASIC;2025-09-05 00:00:00.000;3;0,9;0,6;0,5833
RV25.000049-004;35;70;2;NULL;NULL;89521A;2;4_AOI;4_AOI_SIDEA;2025-10-13 00:00:00.000;1;1,4333;1;1
RV25.000049-004;35;70;2;4;18;89521A;3;3_SEL;3_SELA;2025-10-13 00:00:00.000;2;2,3;1,8667;3,6167
RV25.000049-004;35;70;2;NULL;NULL;89521A;APT-1600FD FP-MACHINE3;5_FPT;5_FPT_BASIC;2025-10-13 00:00:00.000;3;0,7833;0,6333;0,6667
RV25.000049-004;35;70;2;NULL;NULL;89521A;9;6_DEP;6_DEP;2025-10-13 00:00:00.000;4;0,8;0,5167;0,4667
RV25.000049-005;25;50;2;4;13;89521A;3;3_SEL;3_SELA;2026-02-12 00:00:00.000;1;2,8833;1,9;3,6167
RV25.000049-005;25;50;2;NULL;NULL;89521A;2;4_AOI;4_AOI_SIDEA;2026-02-12 00:00:00.000;2;1,5333;1,1167;1,0167
RV25.000049-005;25;50;2;NULL;NULL;89521A;APT-1600FD FP-MACHINE;5_FPT;5_FPT_BASIC;2026-02-12 00:00:00.000;3;1,05;0,65;0,6667
RV25.000049-005;25;50;2;NULL;NULL;89521A;9;6_DEP;6_DEP;2026-02-12 00:00:00.000;4;1,1;0,5;0,4833
RV25.000050-006;750;3000;4;NULL;NULL;56811B;10;2_ODD;2_ODDA;2025-12-03 00:00:00.000;1;1,1;0,9833;1
RV25.000050-006;747;2988;4;12;254;56811B;3;3_SEL;3_SELB;2025-12-03 00:00:00.000;2;0,8833;0,8667;2,6167
RV25.000050-006;751;3004;4;NULL;NULL;56811B;2;4_AOI;4_AOI_SIDEB;2025-12-03 00:00:00.000;3;1,1833;1,1333;1,0333
RV25.000050-006;749;2998;4;12;262;56811B;3;3_SEL;3_SELA;2025-12-03 00:00:00.000;4;1,0667;0,8667;2,6167
RV25.000050-006;443;1772;4;NULL;NULL;56811B;APT-1600FD FP-MACHINE;5_FPT;5_FPT_BASIC;2025-12-03 00:00:00.000;5;3,2333;3,1333;3,0833
RV25.000050-006;748;2992;4;NULL;NULL;56811B;9;6_DEP;6_DEP;2025-12-03 00:00:00.000;6;0,8667;0,7333;0,65
RV25.000050-006;307;1228;4;NULL;NULL;56811B;APT-1600FD FP-MACHINE2;5_FPT;5_FPT_BASIC;2025-12-03 00:00:00.000;7;3,1833;3,1;3,0833
RV25.000050-007;750;3000;4;NULL;NULL;56811B;10;2_ODD;2_ODDA;2026-02-10 00:00:00.000;1;1,0667;0,95;1,1333
RV25.000050-007;750;3000;4;12;251;56811B;3;3_SEL;3_SELB;2026-02-10 00:00:00.000;2;0,85;0,85;2,5833
RV25.000050-007;738;2952;4;12;248;56811B;3;3_SEL;3_SELA;2026-02-10 00:00:00.000;3;1;0,85;2,5833
RV25.000050-007;750;3000;4;NULL;NULL;56811B;2;4_AOI;4_AOI_SIDEB;2026-02-10 00:00:00.000;4;1,05;0,95;0,9
RV25.000050-007;347;1388;4;NULL;NULL;56811B;APT-1600FD FP-MACHINE;5_FPT;5_FPT_BASIC;2026-02-10 00:00:00.000;6;3,5167;3,4667;3,4333
RV25.000050-007;219;876;4;NULL;NULL;56811B;APT-1600FD FP-MACHINE2;5_FPT;5_FPT_BASIC;2026-02-10 00:00:00.000;7;3,1167;3,0167;3
RV25.000050-007;183;732;4;NULL;NULL;56811B;APT-1600FD FP-MACHINE3;5_FPT;5_FPT_BASIC;2026-02-10 00:00:00.000;8;3,1667;3,0333;3
RV25.000050-007;748;2992;4;NULL;NULL;56811B;9;6_DEP;6_DEP;2026-02-10 00:00:00.000;9;0,8333;0,7167;0,6333
RV25.000050-008;1254;5016;4;NULL;NULL;56811B;8;1_SMT;1_SMTA;2026-04-03 00:00:00.000;1;0,5667;0,5;0,3833
RV25.000050-008;1255;5020;4;NULL;NULL;56811B;10;2_ODD;2_ODDA;2026-04-03 00:00:00.000;2;1,0333;0,9333;0,9833
RV25.000050-008;1036;4144;4;8;521;56811B;4;3_SEL;3_SELB;2026-04-03 00:00:00.000;3;0,7167;0,5667;1,1333
RV25.000050-008;443;1772;4;NULL;NULL;56811B;2;4_AOI;4_AOI_SIDEB;2026-04-03 00:00:00.000;4;1,2167;1,0833;1,0333
RV25.000050-008;630;2520;4;12;211;56811B;3;3_SEL;3_SELA;2026-04-03 00:00:00.000;5;1,1167;0,8667;2,6333
RV25.000050-008;816;3264;4;NULL;NULL;56811B;11;4_AOI;4_AOI_SIDEB;2026-04-03 00:00:00.000;6;1,15;0,9333;0,8333
RV25.000050-008;880;3520;4;NULL;NULL;56811B;APT-1600FD FP-MACHINE;5_FPT;5_FPT_BASIC;2026-04-03 00:00:00.000;7;3,4667;3,35;3,3333
RV25.000050-008;173;692;4;NULL;NULL;56811B;APT-1600FD FP-MACHINE3;5_FPT;5_FPT_BASIC;2026-04-03 00:00:00.000;8;3,2167;3;3
RV25.000050-008;1219;4876;4;NULL;NULL;56811B;9;6_DEP;6_DEP;2026-04-03 00:00:00.000;9;0,8167;0,7333;0,65
RV25.000050-008;201;804;4;NULL;NULL;56811B;APT-1600FD FP-MACHINE2;5_FPT;5_FPT_BASIC;2026-04-03 00:00:00.000;10;3,3333;3,1667;3,0833
RV25.000050-008;622;2488;4;8;314;56811B;4;3_SEL;3_SELA;2026-04-03 00:00:00.000;11;1,9167;0,5667;1,1333
RV25.000052-001;25;100;4;NULL;NULL;62811A;2;4_AOI;4_AOI_SMT;2025-09-30 00:00:00.000;1;0,9167;0,7167;1,45
RV25.000052-001;25;100;4;NULL;NULL;62811A;10;2_ODD;2_ODDA;2025-09-30 00:00:00.000;2;5,6;5,2;4,9
RV25.000052-001;25;100;4;8;15;62811A;3;3_SEL;3_SELA;2025-09-30 00:00:00.000;3;3,1667;2,5333;5,0667
RV25.000052-001;25;100;4;NULL;NULL;62811A;2;4_AOI;4_AOI_SIDEB;2025-09-30 00:00:00.000;4;1,6667;1,4667;1,45
RV25.000052-001;25;100;4;NULL;NULL;62811A;APT-1600FD FP-MACHINE;5_FPT;5_FPT_BASIC;2025-09-30 00:00:00.000;5;3,0333;2,0333;1,8333
RV25.000052-002;25;100;4;NULL;NULL;62811A;2;4_AOI;4_AOI_SMT;2025-09-30 00:00:00.000;1;0,8833;0,75;0,65
RV25.000052-002;25;100;4;NULL;NULL;62811A;10;2_ODD;2_ODDA;2025-09-30 00:00:00.000;2;5,45;4,85;4,3667
RV25.000052-002;25;100;4;8;14;62811A;3;3_SEL;3_SELA;2025-09-30 00:00:00.000;3;3,0167;2,65;5,0667
RV25.000052-002;25;100;4;NULL;NULL;62811A;2;4_AOI;4_AOI_SIDEB;2025-09-30 00:00:00.000;4;1,5667;1,5667;0,65
RV25.000052-002;25;100;4;NULL;NULL;62811A;APT-1600FD FP-MACHINE;5_FPT;5_FPT_BASIC;2025-09-30 00:00:00.000;5;2,8167;2,0167;1,8333
RV25.000052-003;25;100;4;NULL;NULL;62811A;2;4_AOI;4_AOI_SMT;2025-11-21 00:00:00.000;1;1;0,6667;1,5667
RV25.000052-003;25;100;4;NULL;NULL;62811A;10;2_ODD;2_ODDA;2025-11-21 00:00:00.000;2;6,7333;6,1333;5,7833
RV25.000052-003;25;100;4;8;13;62811A;3;3_SEL;3_SELA;2025-11-21 00:00:00.000;3;3,7667;2,6167;5,0667
RV25.000052-003;25;100;4;NULL;NULL;62811A;2;4_AOI;4_AOI_SIDEB;2025-11-21 00:00:00.000;4;2,4833;1,85;1,5667
RV25.000052-003;25;100;4;NULL;NULL;62811A;APT-1600FD FP-MACHINE3;5_FPT;5_FPT_BASIC;2025-11-21 00:00:00.000;5;3,1833;2,1833;2,0667
RV25.000052-003;25;100;4;NULL;NULL;62811A;9;6_DEP;6_DEP;2025-11-21 00:00:00.000;6;0,9833;0,7833;0,6667
RV25.000052-004;25;100;4;NULL;NULL;62811A;2;4_AOI;4_AOI_SMT;2025-11-21 00:00:00.000;1;0,8;0,6;1,4833
RV25.000052-004;25;100;4;NULL;NULL;62811A;10;2_ODD;2_ODDA;2025-11-21 00:00:00.000;2;6,3667;4,9667;5
RV25.000052-004;25;100;4;8;13;62811A;3;3_SEL;3_SELA;2025-11-21 00:00:00.000;3;3,4667;2,5167;5,05
RV25.000052-004;25;100;4;NULL;NULL;62811A;2;4_AOI;4_AOI_SIDEB;2025-11-21 00:00:00.000;4;1,95;1,75;1,4833
RV25.000052-004;25;100;4;NULL;NULL;62811A;APT-1600FD FP-MACHINE3;5_FPT;5_FPT_BASIC;2025-11-21 00:00:00.000;5;4,1167;2,1167;2
RV25.000052-004;25;100;4;NULL;NULL;62811A;9;6_DEP;6_DEP;2025-11-21 00:00:00.000;6;1,1333;0,9333;0,8333
RV25.000052-005;25;100;4;NULL;NULL;62811A;8;1_SMT;1_SMTA;2026-02-27 00:00:00.000;1;2,3333;0,85;0,8667
RV25.000052-005;25;100;4;NULL;NULL;62811A;10;2_ODD;2_ODDA;2026-02-27 00:00:00.000;2;6,7;5,9;6,1
RV25.000052-005;25;100;4;NULL;NULL;62811A;2;4_AOI;4_AOI_SMT;2026-02-27 00:00:00.000;3;0,7833;0,5833;1,4333
RV25.000052-005;25;100;4;8;13;62811A;3;3_SEL;3_SELA;2026-02-27 00:00:00.000;4;3,4;2,6167;5,0167
RV25.000052-005;25;100;4;NULL;NULL;62811A;2;4_AOI;4_AOI_SIDEB;2026-02-27 00:00:00.000;5;2,1833;1,5833;1,4333
RV25.000052-005;25;100;4;NULL;NULL;62811A;9;6_DEP;6_DEP;2026-02-27 00:00:00.000;6;1,2333;1,05;0,9667
RV25.000052-005;25;100;4;NULL;NULL;62811A;APT-1600FD FP-MACHINE3;5_FPT;5_FPT_BASIC;2026-02-27 00:00:00.000;7;2,4333;1,8333;1,8333
RV25.000052-006;25;100;4;NULL;NULL;62811A;8;1_SMT;1_SMTA;2026-03-16 00:00:00.000;1;1,8;1;0,8167
RV25.000052-006;25;100;4;NULL;NULL;62811A;2;4_AOI;4_AOI_SMT;2026-03-16 00:00:00.000;2;0,7167;0,5;0,5
RV25.000052-006;25;100;4;NULL;NULL;62811A;10;2_ODD;2_ODDA;2026-03-16 00:00:00.000;3;6,5167;5,5167;4,9333
RV25.000052-006;25;100;4;NULL;NULL;62811A;APT-1600FD FP-MACHINE2;5_FPT;5_FPT_BASIC;2026-03-16 00:00:00.000;4;3,9;2,5;1,9667
RV25.000052-006;25;100;4;NULL;NULL;62811A;2;4_AOI;4_AOI_SIDEB;2026-03-16 00:00:00.000;5;1,7333;1,5333;0,5
RV25.000052-006;25;100;4;NULL;NULL;62811A;9;6_DEP;6_DEP;2026-03-16 00:00:00.000;6;1,1;0,9;0,6833
RV25.000052-007;25;100;4;NULL;NULL;62811A;8;1_SMT;1_SMTA;2026-03-16 00:00:00.000;1;1,05;0,65;0,6333
RV25.000052-007;25;100;4;NULL;NULL;62811A;2;4_AOI;4_AOI_SMT;2026-03-16 00:00:00.000;2;0,6833;0,6833;1,4833
RV25.000052-007;25;100;4;NULL;NULL;62811A;10;2_ODD;2_ODDA;2026-03-16 00:00:00.000;3;5,8;5,2;4,9333
RV25.000052-007;25;100;4;4;25;62811A;4;3_SEL;3_SELA;2026-03-16 00:00:00.000;4;11,1;10,25;10,25
RV25.000052-007;25;100;4;NULL;NULL;62811A;2;4_AOI;4_AOI_SIDEB;2026-03-16 00:00:00.000;5;1,7667;1,5667;1,4833
RV25.000052-007;25;100;4;NULL;NULL;62811A;APT-1600FD FP-MACHINE2;5_FPT;5_FPT_BASIC;2026-03-16 00:00:00.000;6;2,6833;2,2833;1,8333
RV25.000052-007;25;100;4;NULL;NULL;62811A;9;6_DEP;6_DEP;2026-03-16 00:00:00.000;7;1,35;0,95;0,95
RV25.000052-008;25;100;4;NULL;NULL;62811A;8;1_SMT;1_SMTA;2026-03-16 00:00:00.000;1;1,1;0,7;0,7667
RV25.000052-008;25;100;4;NULL;NULL;62811A;2;4_AOI;4_AOI_SMT;2026-03-16 00:00:00.000;2;0,7333;0,5333;1,5
RV25.000052-008;25;100;4;NULL;NULL;62811A;10;2_ODD;2_ODDA;2026-03-16 00:00:00.000;3;5,9167;5,1167;5,0833
RV25.000052-008;25;100;4;4;25;62811A;4;3_SEL;3_SELA;2026-03-16 00:00:00.000;4;8,7167;6,1333;6,1333
RV25.000052-008;25;100;4;NULL;NULL;62811A;2;4_AOI;4_AOI_SIDEB;2026-03-16 00:00:00.000;6;1,95;1,55;1,5
RV25.000052-008;25;100;4;NULL;NULL;62811A;APT-1600FD FP-MACHINE2;5_FPT;5_FPT_BASIC;2026-03-16 00:00:00.000;7;2,6333;2,2333;1,8333
RV25.000052-008;25;100;4;NULL;NULL;62811A;9;6_DEP;6_DEP;2026-03-16 00:00:00.000;8;1,1333;1,1333;0,95
RV25.000052-009;25;100;4;NULL;NULL;62811A;8;1_SMT;1_SMTA;2026-08-11 00:00:00.000;1;1,3833;0,7833;0,5167
RV25.000052-009;25;100;4;NULL;NULL;62811A;11;4_AOI;4_AOI_SMT;2026-08-11 00:00:00.000;2;0,7833;0,7833;0,5333
RV25.000052-009;25;100;4;NULL;NULL;62811A;10;2_ODD;2_ODDA;2026-08-11 00:00:00.000;3;5,1833;4,3833;4,35
RV25.000052-009;25;100;4;NULL;NULL;62811A;2;4_AOI;4_AOI_SIDEB;2026-08-11 00:00:00.000;4;1,85;1,4667;1,4667
RV25.000052-009;25;100;4;NULL;NULL;62811A;APT-1600FD FP-MACHINE2;5_FPT;5_FPT_BASIC;2026-08-11 00:00:00.000;5;2,9833;2,1833;1,9167
RV25.000052-009;25;100;4;NULL;NULL;62811A;9;6_DEP;6_DEP;2026-08-11 00:00:00.000;6;1,05;0,65;0,6333
RV25.000052-010;28;112;4;NULL;NULL;62811A;8;1_SMT;1_SMTA;2026-08-11 00:00:00.000;1;1,7;0,6667;0,5667
RV25.000052-010;28;112;4;NULL;NULL;62811A;11;4_AOI;4_AOI_SMT;2026-08-11 00:00:00.000;2;0,8333;0,5667;0,5333
RV25.000052-010;28;112;4;NULL;NULL;62811A;10;2_ODD;2_ODDA;2026-08-11 00:00:00.000;3;5;4,2833;4,1167
RV25.000052-010;28;112;4;NULL;NULL;62811A;2;4_AOI;4_AOI_SIDEB;2026-08-11 00:00:00.000;4;1,7167;1,55;1,4667
RV25.000052-010;28;112;4;NULL;NULL;62811A;APT-1600FD FP-MACHINE2;5_FPT;5_FPT_BASIC;2026-08-11 00:00:00.000;5;2,3167;2,1333;1,8333
RV25.000052-010;16;64;4;NULL;NULL;62811A;9;6_DEP;6_DEP;2026-08-11 00:00:00.000;6;1,1667;0,8667;0,6333
RV25.000053-011;73;292;4;NULL;NULL;62851B;8;1_SMT;1_SMTA;2026-03-09 00:00:00.000;1;1,1833;0,7833;0,4
RV25.000053-011;73;292;4;NULL;NULL;62851B;2;4_AOI;4_AOI_SMT;2026-03-09 00:00:00.000;2;0,55;0,4167;0,4167
RV25.000053-011;72;288;4;NULL;NULL;62851B;10;2_ODD;2_ODDA;2026-03-09 00:00:00.000;3;2,35;2,0667;1,6833
RV25.000053-011;73;292;4;4;76;62851B;4;3_SEL;3_SELA;2026-03-09 00:00:00.000;4;6,7;5,6833;5,6833
RV25.000053-011;73;292;4;NULL;NULL;62851B;2;4_AOI;4_AOI_SIDEB;2026-03-09 00:00:00.000;5;1,6333;1,3;0,4167
RV25.000053-011;82;328;4;NULL;NULL;62851B;APT-1600FD FP-MACHINE3;5_FPT;5_FPT_BASIC;2026-03-09 00:00:00.000;6;2,3333;1,3667;1,25
RV25.000053-011;28;112;4;NULL;NULL;62851B;9;6_DEP;6_DEP;2026-03-09 00:00:00.000;7;1,5333;1,2333;1,1
RV25.000053-012;60;240;4;NULL;NULL;62851B;8;1_SMT;1_SMTA;2026-04-24 00:00:00.000;1;0,8167;0,65;0,5667
RV25.000053-012;60;240;4;NULL;NULL;62851B;11;4_AOI;4_AOI_SMT;2026-04-24 00:00:00.000;2;0,4833;0,4833;0,4333
RV25.000053-012;60;240;4;NULL;NULL;62851B;10;2_ODD;2_ODDA;2026-04-24 00:00:00.000;3;2,25;1,9167;1,4667
RV25.000053-012;54;217;4;8;30;62851B;3;3_SEL;3_SELA;2026-04-24 00:00:00.000;5;3,3833;2,4333;4,4333
RV25.000053-012;60;240;4;NULL;NULL;62851B;2;4_AOI;4_AOI_SIDEB;2026-04-24 00:00:00.000;6;1,9833;1,4833;1,4167
RV25.000053-012;60;240;4;NULL;NULL;62851B;APT-1600FD FP-MACHINE2;5_FPT;5_FPT_BASIC;2026-04-24 00:00:00.000;7;1,4;1,3167;1,3167
RV25.000053-012;38;152;4;NULL;NULL;62851B;9;6_DEP;6_DEP;2026-04-24 00:00:00.000;8;1,2;0,95;0,7667
RV25.000053-013;35;140;4;NULL;NULL;62851B;8;1_SMT;1_SMTA;2026-06-18 00:00:00.000;1;1,1333;0,5667;0,4333
RV25.000053-013;35;140;4;NULL;NULL;62851B;2;4_AOI;4_AOI_SMT;2026-06-18 00:00:00.000;2;0,85;0,7333;0,8833
RV25.000053-013;35;140;4;NULL;NULL;62851B;10;2_ODD;2_ODDA;2026-06-18 00:00:00.000;3;2,2;1,7667;1,4833
RV25.000053-013;35;140;4;NULL;NULL;62851B;APT-1600FD FP-MACHINE3;5_FPT;5_FPT_BASIC;2026-06-18 00:00:00.000;4;2,0167;1,45;1,3333
RV25.000053-013;34;139;4;8;18;62851B;3;3_SEL;3_SELA;2026-06-18 00:00:00.000;5;2,85;2,2667;4,3667
RV25.000053-013;35;140;4;NULL;NULL;62851B;2;4_AOI;4_AOI_SIDEB;2026-06-18 00:00:00.000;6;1,4;1,2667;0,8833
RV25.000053-013;34;136;4;NULL;NULL;62851B;9;6_DEP;6_DEP;2026-06-18 00:00:00.000;7;1,0333;0,75;0,7333
RV25.000053-014;60;240;4;NULL;NULL;62851B;8;1_SMT;1_SMTA;2026-08-11 00:00:00.000;1;1,0667;0,8167;0,5167
RV25.000053-014;60;240;4;NULL;NULL;62851B;11;4_AOI;4_AOI_SMT;2026-08-11 00:00:00.000;2;0,5;0,4333;0,4167
RV25.000053-014;60;240;4;NULL;NULL;62851B;10;2_ODD;2_ODDA;2026-08-11 00:00:00.000;3;2,4833;1,9;1,5167
RV25.000053-018;25;100;4;NULL;NULL;62851B;8;1_SMT;1_SMTA;2026-06-26 00:00:00.000;1;1,2833;0,6833;0,45
RV25.000053-018;25;100;4;NULL;NULL;62851B;2;4_AOI;4_AOI_SMT;2026-06-26 00:00:00.000;2;0,75;0,5833;1,3
RV25.000053-018;25;100;4;NULL;NULL;62851B;10;2_ODD;2_ODDA;2026-06-26 00:00:00.000;3;2,35;1,95;1,5167
RV25.000053-018;23;92;4;8;12;62851B;3;3_SEL;3_SELA;2026-06-26 00:00:00.000;4;3,95;2,5167;4,85
RV25.000053-018;25;100;4;NULL;NULL;62851B;2;4_AOI;4_AOI_SIDEB;2026-06-26 00:00:00.000;5;2,5333;1,9333;1,3
RV25.000053-018;25;100;4;NULL;NULL;62851B;APT-1600FD FP-MACHINE3;5_FPT;5_FPT_BASIC;2026-06-26 00:00:00.000;6;1,5833;1,3833;1,3333
RV25.000053-018;25;100;4;NULL;NULL;62851B;9;6_DEP;6_DEP;2026-06-26 00:00:00.000;7;1,7;0,9;0,7667
RV25.000056-001;10;50;5;NULL;NULL;128P1A;2;4_AOI;4_AOI_SMT;2025-09-29 00:00:00.000;1;1,05;0,55;1,2833
RV25.000056-001;10;50;5;NULL;NULL;128P1A;2;4_AOI;4_AOI_SIDEB;2025-09-29 00:00:00.000;2;1,8;1,3;1,2833
RV25.000056-001;10;50;5;NULL;NULL;128P1A;APT-1600FD FP-MACHINE;5_FPT;5_FPT_BASIC;2025-09-29 00:00:00.000;3;2,7167;1,2167;1,25
RV25.000056-002;20;100;5;NULL;NULL;128P1A;2;4_AOI;4_AOI_SMT;2025-10-17 00:00:00.000;1;0,7333;0,4833;0,45
RV25.000056-002;19;95;5;10;11;128P1A;3;3_SEL;3_SELA;2025-10-17 00:00:00.000;2;5,3;3,4833;6,05
RV25.000056-002;20;100;5;NULL;NULL;128P1A;2;4_AOI;4_AOI_SIDEB;2025-10-17 00:00:00.000;3;1,4333;1,4333;0,45
RV25.000056-002;20;100;5;NULL;NULL;128P1A;APT-1600FD FP-MACHINE2;5_FPT;5_FPT_BASIC;2025-10-17 00:00:00.000;4;2,0667;1,5667;1,25
RV25.000056-002;20;100;5;NULL;NULL;128P1A;9;6_DEP;6_DEP;2025-10-17 00:00:00.000;5;1,65;1,4;1,3833
RV25.000056-004;20;100;5;NULL;NULL;128P1A;2;4_AOI;4_AOI_SMT;2026-02-25 00:00:00.000;1;0,9;0,65;1,2667
RV25.000056-004;20;100;5;5;31;128P1A;4;3_SEL;3_SELA;2026-02-25 00:00:00.000;2;13,2833;9,8333;9,8333
RV25.000056-004;20;100;5;NULL;NULL;128P1A;2;4_AOI;4_AOI_SIDEB;2026-02-25 00:00:00.000;3;1,7833;1,5667;1,2667
RV25.000056-004;21;105;5;NULL;NULL;128P1A;APT-1600FD FP-MACHINE3;5_FPT;5_FPT_BASIC;2026-02-25 00:00:00.000;4;2,85;1,1833;1,25
RV25.000056-004;20;100;5;NULL;NULL;128P1A;9;6_DEP;6_DEP;2026-02-25 00:00:00.000;5;1,8333;1,3333;1,3833
RV25.000058-001;24;480;20;NULL;NULL;56851A;2;4_AOI;4_AOI_SIDEB;2026-01-26 00:00:00.000;1;1,6333;1,1833;1,15
RV25.000058-001;24;480;20;NULL;NULL;56851A;10;2_ODD;2_ODDA;2026-01-26 00:00:00.000;2;1,4;1,1833;1,1
RV25.000058-001;24;480;20;NULL;NULL;56851A;APT-1600FD FP-MACHINE2;5_FPT;5_FPT_BASIC;2026-01-26 00:00:00.000;3;4,8833;4,25;3,9167
RV25.000058-001;24;480;20;NULL;NULL;56851A;9;6_DEP;6_DEP;2026-01-26 00:00:00.000;4;3,1333;2,7333;2,7
RV25.000058-003;23;460;20;NULL;NULL;5685AA;10;2_ODD;2_ODDA;2026-01-29 00:00:00.000;1;1,5167;1,3;1,1167
RV25.000058-003;24;480;20;NULL;NULL;5685AA;2;4_AOI;4_AOI_SIDEB;2026-01-29 00:00:00.000;2;1,8;1,55;1,15
RV25.000058-003;24;480;20;NULL;NULL;5685AA;APT-1600FD FP-MACHINE3;5_FPT;5_FPT_BASIC;2026-01-29 00:00:00.000;3;4,2167;3,8;3,4167
RV25.000058-003;24;480;20;NULL;NULL;5685AA;9;6_DEP;6_DEP;2026-01-29 00:00:00.000;4;2,7;2,2833;2,1667
RV25.000059-001;249;996;4;8;125;56871A;4;3_SEL;3_SELA;2026-02-19 00:00:00.000;1;0,65;0,3667;0,7333
RV25.000059-001;248;993;4;8;130;56871A;4;3_SEL;3_SELB;2026-02-19 00:00:00.000;2;0,5333;0,3667;0,7333
RV25.000059-001;249;996;4;NULL;NULL;56871A;2;4_AOI;4_AOI_SIDEB;2026-02-19 00:00:00.000;3;1;0,8667;0,8667
RV25.000059-001;248;992;4;NULL;NULL;56871A;APT-1600FD FP-MACHINE3;5_FPT;5_FPT_BASIC;2026-02-19 00:00:00.000;4;0,8;0,7167;0,6667
RV25.000059-001;231;924;4;NULL;NULL;56871A;9;6_DEP;6_DEP;2026-02-19 00:00:00.000;6;1;0,7333;0,6333
RV25.000059-002;250;1000;4;NULL;NULL;56871A;8;1_SMT;1_SMTA;2026-07-07 00:00:00.000;1;0,7167;0,6;0,4
RV25.000059-002;30;122;4;4;35;56871A;3;3_SEL;3_SELA;2026-07-07 00:00:00.000;2;2,05;1,4167;1,25
RV25.000059-002;250;1000;4;NULL;NULL;56871A;11;4_AOI;4_AOI_SIDEB;2026-07-07 00:00:00.000;3;0,9667;0,8167;0,8
RV25.000059-002;250;1000;4;NULL;NULL;56871A;APT-1600FD FP-MACHINE;5_FPT;5_FPT_BASIC;2026-07-07 00:00:00.000;4;0,8167;0,75;0,6667
RV25.000059-002;228;912;4;NULL;NULL;56871A;9;6_DEP;6_DEP;2026-07-07 00:00:00.000;5;0,7167;0,65;0,6167
RV25.000060-001;201;1005;5;10;110;56861A;4;3_SEL;3_SELA;2025-12-11 00:00:00.000;1;0,8333;0,6;1,1833
RV25.000060-001;201;1005;5;NULL;NULL;56861A;2;4_AOI;4_AOI_SIDEB;2025-12-11 00:00:00.000;2;1,4;1,1667;1,0333
RV25.000060-001;201;1005;5;NULL;NULL;56861A;APT-1600FD FP-MACHINE;5_FPT;5_FPT_BASIC;2025-12-11 00:00:00.000;3;0,7167;0,6167;0,5833
RV25.000060-001;154;770;5;NULL;NULL;56861A;9;6_DEP;6_DEP;2025-12-11 00:00:00.000;4;1,1333;0,8667;0,7833
RV25.000060-002;200;1000;5;NULL;NULL;56861A;8;1_SMT;1_SMTA;2026-03-04 00:00:00.000;1;0,65;0,5167;0,3833
RV25.000060-002;200;1000;5;10;108;56861A;4;3_SEL;3_SELA;2026-03-04 00:00:00.000;2;0,7333;0,5667;1,15
RV25.000060-002;200;1000;5;NULL;NULL;56861A;2;4_AOI;4_AOI_SIDEB;2026-03-04 00:00:00.000;3;0,95;0,9333;0,9
RV25.000060-002;200;1000;5;NULL;NULL;56861A;APT-1600FD FP-MACHINE;5_FPT;5_FPT_BASIC;2026-03-04 00:00:00.000;4;0,6167;0,5667;0,5833
RV25.000060-002;200;1000;5;NULL;NULL;56861A;9;6_DEP;6_DEP;2026-03-04 00:00:00.000;5;1,1667;1,0833;1,1167
RV25.000061-001;47;940;20;NULL;NULL;56831B;2;4_AOI;4_AOI_SIDEA;2026-01-23 00:00:00.000;1;0,6667;0,55;0,4
RV25.000061-001;47;940;20;NULL;NULL;56831B;APT-1600FD FP-MACHINE2;5_FPT;5_FPT_BASIC;2026-01-23 00:00:00.000;2;1,1333;0,9167;0,9167
RV25.000061-001;47;940;20;NULL;NULL;56831B;9;6_DEP;6_DEP;2026-01-23 00:00:00.000;3;2,4833;2,2833;2,15
RV25.000061-002;50;1000;20;NULL;NULL;56831B;11;4_AOI;4_AOI_SIDEA;2026-08-18 00:00:00.000;1;0,7667;0,5;0,4333
RV25.000061-002;50;1000;20;NULL;NULL;56831B;8;1_SMT;1_SMTA;2026-08-18 00:00:00.000;2;1,4333;0,9333;0,7667
RV25.000061-002;50;1000;20;NULL;NULL;56831B;APT-1600FD FP-MACHINE3;5_FPT;5_FPT_BASIC;2026-08-18 00:00:00.000;3;1,1;1;0,9167
RV25.000061-002;49;980;20;NULL;NULL;56831B;9;6_DEP;6_DEP;2026-08-18 00:00:00.000;4;2,3333;2,15;2,1167
RV25.000062-001;399;1995;5;NULL;NULL;56881A;8;1_SMT;1_SMTA;2026-06-26 00:00:00.000;1;0,9833;0,8167;0,65
RV25.000062-001;400;2000;5;10;206;56881A;3;3_SEL;3_SELA;2026-06-26 00:00:00.000;2;0,9667;0,8167;1,65
RV25.000062-001;400;2000;5;NULL;NULL;56881A;2;4_AOI;4_AOI_SIDEB;2026-06-26 00:00:00.000;3;0,8833;0,85;0,85
RV25.000062-001;400;2000;5;NULL;NULL;56881A;APT-1600FD FP-MACHINE3;5_FPT;5_FPT_BASIC;2026-06-26 00:00:00.000;4;1,3;1,05;0,9167
RV25.000062-001;396;1980;5;NULL;NULL;56881A;9;6_DEP;6_DEP;2026-06-26 00:00:00.000;5;0,9;0,8333;0,7333
RV25.000063-001;335;3350;10;NULL;NULL;56841B;7;1_SMT;1_SMTA;2026-02-25 00:00:00.000;1;1,4833;1,0333;0,6167
RV25.000063-001;334;3343;10;20;178;56841B;3;3_SEL;3_SELA;2026-02-25 00:00:00.000;2;3,0167;2,6667;5,3
RV25.000063-001;335;3350;10;NULL;NULL;56841B;2;4_AOI;4_AOI_SIDEB;2026-02-25 00:00:00.000;3;1,2333;1,1;1,05
RV25.000063-001;335;3350;10;NULL;NULL;56841B;APT-1600FD FP-MACHINE3;5_FPT;5_FPT_PREMIUM;2026-02-25 00:00:00.000;4;3,9667;3,7833;3,8
RV25.000063-001;331;3310;10;NULL;NULL;56841B;9;6_DEP;6_DEP;2026-02-25 00:00:00.000;5;1,6;1,5;1,75
RV25.000063-002;219;2190;10;NULL;NULL;56841B;7;1_SMT;1_SMTA;2026-06-30 00:00:00.000;1;0,8667;0,7333;0,5667
RV25.000063-002;334;3340;10;20;184;56841B;3;3_SEL;3_SELA;2026-06-30 00:00:00.000;2;1,5833;1,4;2,8167
RV25.000063-002;334;3340;10;NULL;NULL;56841B;2;4_AOI;4_AOI_SIDEB;2026-06-30 00:00:00.000;3;1,1833;1,0833;1,05
RV25.000063-002;334;3340;10;NULL;NULL;56841B;APT-1600FD FP-MACHINE3;5_FPT;5_FPT_BASIC;2026-06-30 00:00:00.000;4;2,5667;2,5167;2,5
RV25.000063-002;333;3330;10;NULL;NULL;56841B;9;6_DEP;6_DEP;2026-06-30 00:00:00.000;5;1,2667;1,1667;1,15
RV25.000063-003;338;3380;10;NULL;NULL;56841B;8;1_SMT;1_SMTA;2026-08-05 00:00:00.000;1;0,9333;0,75;0,6667
RV25.000063-003;340;3400;10;NULL;NULL;56841B;2;4_AOI;4_AOI_SIDEB;2026-08-05 00:00:00.000;2;1,2167;1,0833;1,0833
RV25.000063-003;339;3390;10;NULL;NULL;56841B;APT-1600FD FP-MACHINE3;5_FPT;5_FPT_BASIC;2026-08-05 00:00:00.000;3;2,5;2,3833;2,3667
RV25.000063-003;311;3110;10;NULL;NULL;56841B;9;6_DEP;6_DEP;2026-08-05 00:00:00.000;4;1,35;1,1833;1,15
RV25.000064-001;360;1801;5;10;182;56821A;4;3_SEL;3_SELA;2026-02-18 00:00:00.000;1;0,6167;0,3667;0,7333
RV25.000064-001;123;616;5;15;47;56821A;3;3_SEL;3_SELA;2026-02-18 00:00:00.000;2;0,7333;0,4667;1,25
RV25.000064-001;500;2500;5;NULL;NULL;56821A;2;4_AOI;4_AOI_SIDEB;2026-02-18 00:00:00.000;3;0,8667;0,8167;0,8
RV25.000064-001;498;2490;5;NULL;NULL;56821A;APT-1600FD FP-MACHINE;5_FPT;5_FPT_BASIC;2026-02-18 00:00:00.000;5;0,5833;0,5333;0,5
RV25.000064-001;500;2500;5;NULL;NULL;56821A;9;6_DEP;6_DEP;2026-02-18 00:00:00.000;6;0,7833;0,7333;0,7167
RV25.000064-002;525;2625;5;NULL;NULL;56821A;7;1_SMT;1_SMTA;2026-06-11 00:00:00.000;1;0,5167;0,4833;0,3667
RV25.000064-002;294;1470;5;NULL;NULL;56821A;11;4_AOI;4_AOI_SIDEB;2026-06-11 00:00:00.000;2;0,85;0,7667;0,7333
RV25.000064-002;86;430;5;NULL;NULL;56821A;APT-1600FD FP-MACHINE2;5_FPT;5_FPT_BASIC;2026-06-11 00:00:00.000;4;0,5833;0,5167;0,5
RV25.000064-002;439;2195;5;NULL;NULL;56821A;APT-1600FD FP-MACHINE3;5_FPT;5_FPT_BASIC;2026-06-11 00:00:00.000;5;0,6667;0,55;0,5
RV25.000064-002;231;1155;5;NULL;NULL;56821A;2;4_AOI;4_AOI_SIDEB;2026-06-11 00:00:00.000;6;0,85;0,8;0,7667
RV25.000064-002;17;85;5;NULL;NULL;56821A;9;6_DEP;6_DEP;2026-06-11 00:00:00.000;7;1,3;0,7167;0,7167
RV25.000064-003;501;2505;5;NULL;NULL;56821A;8;1_SMT;1_SMTA;2026-07-09 00:00:00.000;1;0,5667;0,4833;0,3833
RV25.000064-003;501;2505;5;NULL;NULL;56821A;11;4_AOI;4_AOI_SIDEB;2026-07-09 00:00:00.000;2;0,9333;0,8;0,7667
RV25.000064-003;354;1770;5;NULL;NULL;56821A;APT-1600FD FP-MACHINE3;5_FPT;5_FPT_BASIC;2026-07-09 00:00:00.000;3;0,6333;0,5667;0,5833
RV25.000064-003;496;2480;5;NULL;NULL;56821A;9;6_DEP;6_DEP;2026-07-09 00:00:00.000;4;0,75;0,7333;0,7167
RV25.000064-003;147;735;5;NULL;NULL;56821A;APT-1600FD FP-MACHINE2;5_FPT;5_FPT_BASIC;2026-07-09 00:00:00.000;5;0,6333;0,5667;0,5
RV25.000066-004;39;119;3;6;20;794D1D;3;3_SEL;3_SELA;2025-10-14 00:00:00.000;1;1,15;0,7333;1,4833
RV25.000066-004;40;120;3;NULL;NULL;794D1D;2;4_AOI;4_AOI_SIDEB;2025-10-14 00:00:00.000;2;1,4833;1,3667;1,3
RV25.000066-004;41;123;3;NULL;NULL;794D1D;APT-1600FD FP-MACHINE3;5_FPT;5_FPT_BASIC;2025-10-14 00:00:00.000;3;2,6667;2,05;1,9167
RV25.000066-005;24;72;3;NULL;NULL;794D1D;APT-1600FD FP-MACHINE3;5_FPT;5_FPT_BASIC;2026-01-15 00:00:00.000;1;2,7167;2,0833;1,9167
RV25.000066-005;22;68;3;6;12;794D1D;3;3_SEL;3_SELA;2026-01-15 00:00:00.000;2;1,1167;0,7667;1,4833
RV25.000066-005;24;72;3;NULL;NULL;794D1D;2;4_AOI;4_AOI_SIDEB;2026-01-15 00:00:00.000;3;1,7833;1,7833;1,4333
RV25.000066-007;120;120;1;2;61;794BKD;3;3_SEL;3_SELA;2025-10-29 00:00:00.000;1;2,1167;1,6;3,1667
RV25.000066-007;120;120;1;NULL;NULL;794BKD;2;4_AOI;4_AOI_SIDEA;2025-10-29 00:00:00.000;2;1,7;1,5;1,45
RV25.000066-007;120;120;1;NULL;NULL;794BKD;APT-1600FD FP-MACHINE3;5_FPT;5_FPT_PREMIUM;2025-10-29 00:00:00.000;3;5,35;4,6;4,1833
RV25.000066-007;120;120;1;NULL;NULL;794BKD;9;6_DEP;6_DEP;2025-10-29 00:00:00.000;4;1,3333;1,1167;0,9667
RV25.000066-008;72;72;1;NULL;NULL;794BKD;2;4_AOI;4_AOI_SIDEA;2026-01-20 00:00:00.000;1;1,8;1,4667;1,45
RV25.000066-008;72;72;1;2;39;794BKD;3;3_SEL;3_SELA;2026-01-20 00:00:00.000;2;2,0333;1,5833;3,1667
RV25.000066-008;72;72;1;NULL;NULL;794BKD;APT-1600FD FP-MACHINE3;5_FPT;5_FPT_BASIC;2026-01-20 00:00:00.000;3;3,35;2,6667;2,1833
RV25.000066-008;72;72;1;NULL;NULL;794BKD;9;6_DEP;6_DEP;2026-01-20 00:00:00.000;4;0,95;0,75;0,55
RV25.000066-010;40;120;3;NULL;NULL;794CGD;2;4_AOI;4_AOI_SIDEB;2025-10-14 00:00:00.000;1;1,5;1,5;1,3
RV25.000066-010;40;120;3;6;22;794CGD;3;3_SEL;3_SELA;2025-10-14 00:00:00.000;2;2,1833;1,6833;3,3
RV25.000066-010;40;120;3;NULL;NULL;794CGD;APT-1600FD FP-MACHINE2;5_FPT;5_FPT_BASIC;2025-10-14 00:00:00.000;3;1,9167;1,7833;1,7667
RV25.000066-010;40;120;3;NULL;NULL;794CGD;9;6_DEP;6_DEP;2025-10-14 00:00:00.000;4;0,9333;0,8;0,8167
RV25.000066-011;24;72;3;6;12;794CGD;3;3_SEL;3_SELA;2026-01-20 00:00:00.000;1;2,1833;1,65;3,3
RV25.000066-011;24;72;3;NULL;NULL;794CGD;2;4_AOI;4_AOI_SIDEB;2026-01-20 00:00:00.000;2;1,5;1,2833;1,3
RV25.000066-011;24;72;3;NULL;NULL;794CGD;APT-1600FD FP-MACHINE2;5_FPT;5_FPT_BASIC;2026-01-20 00:00:00.000;3;2,3333;2,1167;1,8333
RV25.000066-011;24;72;3;NULL;NULL;794CGD;9;6_DEP;6_DEP;2026-01-20 00:00:00.000;4;0,8833;0,6833;0,65
RV25.000066-013;40;120;3;NULL;NULL;794CID;2;4_AOI;4_AOI_SIDEB;2025-10-14 00:00:00.000;1;1,5667;1,2833;1,2333
RV25.000066-013;40;120;3;6;20;794CID;3;3_SEL;3_SELA;2025-10-14 00:00:00.000;2;2,15;1,6167;3,25
RV25.000066-013;22;66;3;NULL;NULL;794CID;APT-1600FD FP-MACHINE;5_FPT;5_FPT_BASIC;2025-10-14 00:00:00.000;3;2,2333;2,0167;1,75
RV25.000066-013;18;54;3;NULL;NULL;794CID;APT-1600FD FP-MACHINE2;5_FPT;5_FPT_BASIC;2025-10-14 00:00:00.000;4;2,3667;2,0833;1,8333
RV25.000066-013;40;120;3;NULL;NULL;794CID;9;6_DEP;6_DEP;2025-10-14 00:00:00.000;5;1,7;1,2167;0,7667
RV25.000066-014;24;72;3;6;14;794CID;3;3_SEL;3_SELA;2026-01-20 00:00:00.000;1;2,5833;1,7833;3,3333
RV25.000066-014;24;72;3;NULL;NULL;794CID;APT-1600FD FP-MACHINE2;5_FPT;5_FPT_BASIC;2026-01-20 00:00:00.000;2;2,65;2,0333;1,8333
RV25.000066-014;24;72;3;NULL;NULL;794CID;2;4_AOI;4_AOI_SIDEB;2026-01-20 00:00:00.000;3;1,6167;1,2167;1,2333
RV25.000066-014;24;72;3;NULL;NULL;794CID;9;6_DEP;6_DEP;2026-01-20 00:00:00.000;4;1,3;0,8833;0,65
RV25.000068-001;50;50;1;NULL;NULL;074H1A;2;4_AOI;4_AOI_SIDEA;2026-01-13 00:00:00.000;2;1,5833;1,4667;1,3667
RV25.000068-001;50;50;1;NULL;NULL;074H1A;APT-1600FD FP-MACHINE2;5_FPT;5_FPT_BASIC;2026-01-13 00:00:00.000;3;0,45;0,35;0,3333
RV25.000068-002;50;50;1;NULL;NULL;074H1A;8;1_SMT;1_SMTA;2026-03-19 00:00:00.000;1;0,25;0,25;0,25
RV25.000068-002;50;50;1;4;13;074H1A;3;3_SEL;3_SELA;2026-03-19 00:00:00.000;2;2,1667;1,85;7,1667
RV25.000068-002;50;50;1;NULL;NULL;074H1A;APT-1600FD FP-MACHINE3;5_FPT;5_FPT_BASIC;2026-03-19 00:00:00.000;3;0,7333;0,4333;0,3333
RV25.000068-002;50;50;1;NULL;NULL;074H1A;2;4_AOI;4_AOI_SIDEA;2026-03-19 00:00:00.000;4;1,55;1,25;1,2333
RV25.000068-003;50;50;1;NULL;NULL;074H1A;8;1_SMT;1_SMTA;2026-03-19 00:00:00.000;1;0,6833;0,4833;0,25
RV25.000068-003;50;50;1;4;13;074H1A;3;3_SEL;3_SELA;2026-03-19 00:00:00.000;2;2,2833;1,8167;7,1
RV25.000068-003;50;50;1;NULL;NULL;074H1A;2;4_AOI;4_AOI_SIDEA;2026-03-19 00:00:00.000;3;1,5667;1,2667;1,2167
RV25.000068-003;50;50;1;NULL;NULL;074H1A;APT-1600FD FP-MACHINE3;5_FPT;5_FPT_BASIC;2026-03-19 00:00:00.000;4;0,7333;0,5333;0,3333
RV25.000068-004;50;50;1;NULL;NULL;074H1A;8;1_SMT;1_SMTA;2026-03-20 00:00:00.000;1;0,3833;0,3833;0,25
RV25.000068-004;50;50;1;4;13;074H1A;3;3_SEL;3_SELA;2026-03-20 00:00:00.000;2;2,45;1,9;7,3333
RV25.000068-004;50;50;1;NULL;NULL;074H1A;APT-1600FD FP-MACHINE;5_FPT;5_FPT_BASIC;2026-03-20 00:00:00.000;3;0,8167;0,3167;0,3333
RV25.000068-004;50;50;1;NULL;NULL;074H1A;2;4_AOI;4_AOI_SIDEA;2026-03-20 00:00:00.000;4;1,5833;1,2833;1,2167
RV25.000069-001;34;1020;30;NULL;NULL;128AAB;2;4_AOI;4_AOI_SIDEA;2025-09-19 00:00:00.000;1;0,7667;0,55;0,5167
RV25.000069-001;34;1020;30;NULL;NULL;128AAB;APT-1600FD FP-MACHINE;5_FPT;5_FPT_PREMIUM;2025-09-19 00:00:00.000;2;1,4333;1,2833;1,3333
RV25.000069-002;33;990;30;NULL;NULL;128AAB;2;4_AOI;4_AOI_SIDEA;2025-09-19 00:00:00.000;1;0,65;0,5167;0,5167
RV25.000069-002;33;990;30;NULL;NULL;128AAB;APT-1600FD FP-MACHINE;5_FPT;5_FPT_PREMIUM;2025-09-19 00:00:00.000;2;1,4333;1,2833;1,3333
RV25.000072-020;1334;20010;15;NULL;NULL;3976HH;2;4_AOI;4_AOI_SIDEB;2026-03-09 00:00:00.000;2;0,45;0,4167;0,3833
RV25.000072-020;1335;20025;15;NULL;NULL;3976HH;APT-1600FD FP-MACHINE;5_FPT;5_FPT_PREMIUM;2026-03-09 00:00:00.000;3;0,9;0,85;0,8333
RV25.000072-021;667;10005;15;NULL;NULL;3976IH;APT-1600FD FP-MACHINE2;5_FPT;5_FPT_PREMIUM;2026-02-24 00:00:00.000;2;0,8833;0,7667;0,75
RV25.000072-022;1271;19065;15;NULL;NULL;3976HH;2;4_AOI;4_AOI_SIDEB;2026-03-20 00:00:00.000;2;0,55;0,4667;0,4333
RV25.000072-022;1156;17340;15;NULL;NULL;3976HH;APT-1600FD FP-MACHINE;5_FPT;5_FPT_PREMIUM;2026-03-20 00:00:00.000;3;0,9167;0,8333;0,8333
RV25.000072-022;63;945;15;NULL;NULL;3976HH;11;4_AOI;4_AOI_SIDEB;2026-03-20 00:00:00.000;5;0,65;0,4333;0,4167
RV25.000072-022;178;2670;15;NULL;NULL;3976HH;APT-1600FD FP-MACHINE2;5_FPT;5_FPT_PREMIUM;2026-03-20 00:00:00.000;6;0,9333;0,85;0,8333
RV25.000072-023;965;14475;15;NULL;NULL;3976HH;APT-1600FD FP-MACHINE2;5_FPT;5_FPT_PREMIUM;2026-04-27 00:00:00.000;1;0,9;0,85;0,8333
RV25.000072-023;1334;20010;15;NULL;NULL;3976HH;11;4_AOI;4_AOI_SIDEB;2026-04-27 00:00:00.000;3;0,75;0,6833;0,6167
RV25.000072-023;372;5580;15;NULL;NULL;3976HH;APT-1600FD FP-MACHINE;5_FPT;5_FPT_PREMIUM;2026-04-27 00:00:00.000;4;0,8833;0,8333;0,8333
RV25.000072-024;336;5040;15;NULL;NULL;3976HH;2;4_AOI;4_AOI_SIDEB;2026-05-15 00:00:00.000;2;0,6833;0,65;0,6333
RV25.000072-024;1282;19230;15;NULL;NULL;3976HH;APT-1600FD FP-MACHINE;5_FPT;5_FPT_PREMIUM;2026-05-15 00:00:00.000;3;0,9;0,8333;0,8333
RV25.000072-024;998;14970;15;NULL;NULL;3976HH;11;4_AOI;4_AOI_SIDEB;2026-05-15 00:00:00.000;4;0,7667;0,65;0,6167
RV25.000072-024;52;780;15;NULL;NULL;3976HH;APT-1600FD FP-MACHINE2;5_FPT;5_FPT_PREMIUM;2026-05-15 00:00:00.000;5;1,0167;1,0167;0,8333
RV25.000072-025;1193;17895;15;NULL;NULL;3976HH;11;4_AOI;4_AOI_SIDEB;2026-05-27 00:00:00.000;1;0,6667;0,6;0,6
RV25.000072-025;574;8610;15;NULL;NULL;3976HH;APT-1600FD FP-MACHINE2;5_FPT;5_FPT_PREMIUM;2026-05-27 00:00:00.000;3;0,9667;0,85;0,8333
RV25.000072-025;736;11040;15;NULL;NULL;3976HH;APT-1600FD FP-MACHINE3;5_FPT;5_FPT_PREMIUM;2026-05-27 00:00:00.000;4;0,95;0,85;0,8333
RV25.000072-025;143;2145;15;NULL;NULL;3976HH;2;4_AOI;4_AOI_SIDEB;2026-05-27 00:00:00.000;5;0,4833;0,4167;0,3833
RV25.000072-025;24;360;15;NULL;NULL;3976HH;APT-1600FD FP-MACHINE;5_FPT;5_FPT_PREMIUM;2026-05-27 00:00:00.000;6;1,3333;0,9167;0,8333
RV25.000072-025;143;2145;15;NULL;NULL;3976HH;8;1_SMT;1_SMTB;2026-05-27 00:00:00.000;7;0,8;0,5833;0,5333
RV25.000072-025;143;2145;15;NULL;NULL;3976HH;10;2_ODD;2_ODDA;2026-05-27 00:00:00.000;8;2,5833;2,2;1,65
RV25.000072-026;1327;19905;15;NULL;NULL;3976HH;7;1_SMT;1_SMTB;2026-06-24 00:00:00.000;1;0,6;0,5333;0,4833
RV25.000072-026;1328;19920;15;NULL;NULL;3976HH;7;1_SMT;1_SMTA;2026-06-24 00:00:00.000;2;0,5667;0,4833;0,4833
RV25.000072-026;1007;15105;15;NULL;NULL;3976HH;11;4_AOI;4_AOI_SIDEB;2026-06-24 00:00:00.000;3;0,7;0,65;0,6167
RV25.000072-026;690;10350;15;NULL;NULL;3976HH;APT-1600FD FP-MACHINE2;5_FPT;5_FPT_PREMIUM;2026-06-24 00:00:00.000;5;0,9333;0,85;0,8333
RV25.000072-026;352;5280;15;NULL;NULL;3976HH;2;4_AOI;4_AOI_SIDEB;2026-06-24 00:00:00.000;6;0,6;0,5833;0,5667
RV25.000072-026;316;4740;15;NULL;NULL;3976HH;APT-1600FD FP-MACHINE;5_FPT;5_FPT_PREMIUM;2026-06-24 00:00:00.000;7;0,9;0,85;0,8333
RV25.000072-026;184;2760;15;NULL;NULL;3976HH;APT-1600FD FP-MACHINE3;5_FPT;5_FPT_PREMIUM;2026-06-24 00:00:00.000;8;0,9667;0,8333;0,8333
RV25.000072-027;1331;19965;15;NULL;NULL;3976HH;7;1_SMT;1_SMTB;2026-07-28 00:00:00.000;1;0,5667;0,5333;0,4833
RV25.000072-027;1333;19995;15;NULL;NULL;3976HH;7;1_SMT;1_SMTA;2026-07-28 00:00:00.000;2;0,45;0,4167;0,4833
RV25.000072-027;1087;16305;15;NULL;NULL;3976HH;11;4_AOI;4_AOI_SIDEB;2026-07-28 00:00:00.000;3;0,7333;0,6333;0,6167
RV25.000072-027;1335;20025;15;NULL;NULL;3976HH;APT-1600FD FP-MACHINE2;5_FPT;5_FPT_PREMIUM;2026-07-28 00:00:00.000;4;0,9;0,8333;0,8333
RV25.000072-027;247;3705;15;NULL;NULL;3976HH;2;4_AOI;4_AOI_SIDEB;2026-07-28 00:00:00.000;5;0,6833;0,6;0,5833
RV25.000074-002;146;2920;20;NULL;NULL;61711A;2;4_AOI;4_AOI_SIDEA;2025-11-10 00:00:00.000;1;0,7667;0,6167;0,5833
RV25.000074-002;146;2920;20;NULL;NULL;61711A;APT-1600FD FP-MACHINE3;5_FPT;5_FPT_BASIC;2025-11-10 00:00:00.000;2;1,3333;1,1833;1,1667
RV25.000074-002;143;2860;20;NULL;NULL;61711A;9;6_DEP;6_DEP;2025-11-10 00:00:00.000;3;2,3333;2,2167;2,2
RV25.000075-001;20;100;5;5;20;24141A;3;3_SEL;3_SELA;2025-12-10 00:00:00.000;1;5,55;4,45;4,45
RV25.000075-001;20;100;5;NULL;NULL;24141A;APT-1600FD FP-MACHINE3;5_FPT;5_FPT_BASIC;2025-12-10 00:00:00.000;2;3,4;2,65;2,5833
RV25.000075-001;20;100;5;NULL;NULL;24141A;2;4_AOI;4_AOI_SIDEB;2025-12-10 00:00:00.000;3;1,9833;1,7333;1,7333
RV25.000075-001;20;100;5;NULL;NULL;24141A;9;6_DEP;6_DEP;2025-12-10 00:00:00.000;4;1,55;1,0667;0,8833
RV25.000075-002;49;248;5;5;51;24141A;3;3_SEL;3_SELA;2026-01-15 00:00:00.000;1;4,7667;3,9833;3,95
RV25.000075-002;50;250;5;NULL;NULL;24141A;2;4_AOI;4_AOI_SIDEB;2026-01-15 00:00:00.000;2;2,1667;1,8167;1,7333
RV25.000075-002;50;250;5;NULL;NULL;24141A;APT-1600FD FP-MACHINE2;5_FPT;5_FPT_BASIC;2026-01-15 00:00:00.000;3;3,0833;2,6833;2,5833
RV25.000075-002;50;250;5;NULL;NULL;24141A;9;6_DEP;6_DEP;2026-01-15 00:00:00.000;4;1,05;0,95;0,8833
RV25.000076-001;65;195;3;3;69;24161A;3;3_SEL;3_SELA;2025-11-24 00:00:00.000;1;3,55;2;2
RV25.000076-001;65;195;3;NULL;NULL;24161A;2;4_AOI;4_AOI_SIDEB;2025-11-24 00:00:00.000;2;1,5;1,3333;1,3
RV25.000076-001;65;195;3;NULL;NULL;24161A;APT-1600FD FP-MACHINE2;5_FPT;5_FPT_BASIC;2025-11-24 00:00:00.000;3;2,4667;1,85;1,6333
RV25.000076-001;64;192;3;NULL;NULL;24161A;9;6_DEP;6_DEP;2025-11-24 00:00:00.000;4;1,0833;0,95;0,65
RV25.000076-002;67;201;3;3;75;24161A;4;3_SEL;3_SELA;2025-12-12 00:00:00.000;1;3,0333;2,2167;2,2167
RV25.000076-002;67;201;3;NULL;NULL;24161A;2;4_AOI;4_AOI_SIDEB;2025-12-12 00:00:00.000;2;1,35;1,15;1,3
RV25.000076-002;67;201;3;NULL;NULL;24161A;APT-1600FD FP-MACHINE;5_FPT;5_FPT_BASIC;2025-12-12 00:00:00.000;3;2,3833;1,7833;1,5833
RV25.000076-002;65;195;3;NULL;NULL;24161A;9;6_DEP;6_DEP;2025-12-12 00:00:00.000;4;1,25;1,1;0,9167
RV25.000077-002;46;230;5;NULL;NULL;24171A;2;4_AOI;4_AOI_SMT;2025-12-10 00:00:00.000;1;0,9333;0,7167;0,6167
RV25.000077-002;45;229;5;5;48;24171A;3;3_SEL;3_SELA;2025-12-10 00:00:00.000;2;3,1;2,5667;2,4667
RV25.000077-002;37;185;5;NULL;NULL;24171A;APT-1600FD FP-MACHINE;5_FPT;5_FPT_BASIC;2025-12-10 00:00:00.000;3;2,25;1,5667;1,4167
RV25.000077-002;34;170;5;NULL;NULL;24171A;2;4_AOI;4_AOI_SIDEB;2025-12-10 00:00:00.000;4;1,9333;1,3333;0,6167
RV25.000077-002;37;185;5;NULL;NULL;24171A;9;6_DEP;6_DEP;2025-12-10 00:00:00.000;5;2,2667;1,7333;1,4667
RV25.000077-003;40;200;5;NULL;NULL;24171A;8;1_SMT;1_SMTA;2026-04-23 00:00:00.000;1;2,1667;1,55;1,3833
RV25.000077-003;40;200;5;NULL;NULL;24171A;11;4_AOI;4_AOI_SMT;2026-04-23 00:00:00.000;2;0,7667;0,5667;0,5667
RV25.000077-003;40;200;5;NULL;NULL;24171A;10;2_ODD;2_ODDA;2026-04-23 00:00:00.000;3;2,65;2,2667;1,6667
RV25.000077-003;27;135;5;5;27;24171A;3;3_SEL;3_SELA;2026-04-23 00:00:00.000;4;4,2833;3,7833;3,7833
RV25.000077-003;40;200;5;NULL;NULL;24171A;2;4_AOI;4_AOI_SIDEB;2026-04-23 00:00:00.000;5;1,55;1,4167;1,3833
RV25.000077-003;40;200;5;NULL;NULL;24171A;APT-1600FD FP-MACHINE3;5_FPT;5_FPT_BASIC;2026-04-23 00:00:00.000;6;2,1;1,85;1,5833
RV25.000077-003;39;195;5;NULL;NULL;24171A;9;6_DEP;6_DEP;2026-04-23 00:00:00.000;7;1,0333;0,9;0,8833
RV25.000077-004;12;60;5;NULL;NULL;24171A;APT-1600FD FP-MACHINE;5_FPT;5_FPT_BASIC;2025-12-10 00:00:00.000;1;1,85;1,4333;1,4167
RV25.000077-004;12;60;5;NULL;NULL;24171A;2;4_AOI;4_AOI_SMT;2025-12-10 00:00:00.000;3;1,0833;0,6667;0,6333
RV25.000077-004;11;55;5;5;11;24171A;3;3_SEL;3_SELA;2025-12-10 00:00:00.000;4;3,85;2,5333;2,5333
RV25.000079-001;10;50;5;NULL;NULL;074F1A;11;4_AOI;4_AOI_SIDEA;2026-04-03 00:00:00.000;2;1,2167;1,2167;0,8
RV25.000079-002;10;50;5;NULL;NULL;074F1A;11;4_AOI;4_AOI_SIDEA;2026-04-03 00:00:00.000;1;1,3;0,8;0,8167
RV25.000079-002;10;50;5;NULL;NULL;074F1A;APT-1600FD FP-MACHINE;5_FPT;5_FPT_BASIC;2026-04-03 00:00:00.000;2;1,5167;1,0167;0,3333
RV25.000079-002;10;50;5;NULL;NULL;074F1A;9;6_DEP;6_DEP;2026-04-03 00:00:00.000;3;1,55;1,1333;0,8167
RV25.000080-001;10;200;20;NULL;NULL;24131B;2;4_AOI;4_AOI_SIDEA;2025-12-05 00:00:00.000;1;1,2167;0,6333;0,6333
RV25.000080-001;10;200;20;NULL;NULL;24131B;APT-1600FD FP-MACHINE2;5_FPT;5_FPT_BASIC;2025-12-05 00:00:00.000;2;4,5833;4,0833;4,0833
RV25.000080-002;10;200;20;NULL;NULL;24131B;2;4_AOI;4_AOI_SIDEA;2026-01-12 00:00:00.000;1;1,15;0,65;0,65
RV25.000080-002;10;200;20;NULL;NULL;24131B;APT-1600FD FP-MACHINE;5_FPT;5_FPT_BASIC;2026-01-12 00:00:00.000;2;4,8667;3,8667;3,85
RV25.000080-002;10;200;20;NULL;NULL;24131B;9;6_DEP;6_DEP;2026-01-12 00:00:00.000;3;3,3;2,3;2,3333
RV25.000081-002;45;225;5;NULL;NULL;24151B;8;1_SMT;1_SMTA;2026-03-27 00:00:00.000;1;1,2;0,9667;0,65
RV25.000081-002;45;225;5;NULL;NULL;24151B;2;4_AOI;4_AOI_SIDEB;2026-03-27 00:00:00.000;2;1,4667;1,1833;1,1333
RV25.000081-002;44;220;5;NULL;NULL;24151B;APT-1600FD FP-MACHINE2;5_FPT;5_FPT_BASIC;2026-03-27 00:00:00.000;3;1,8667;1,5333;1,3333
RV25.000081-002;45;225;5;NULL;NULL;24151B;9;6_DEP;6_DEP;2026-03-27 00:00:00.000;5;1,0167;0,8;0,7333
RV25.000081-003;50;250;5;NULL;NULL;24151B;8;1_SMT;1_SMTA;2026-04-16 00:00:00.000;1;1,0167;0,8167;0,65
RV25.000081-003;50;250;5;NULL;NULL;24151B;11;4_AOI;4_AOI_SIDEB;2026-04-16 00:00:00.000;2;1,4333;1,0667;0,9167
RV25.000081-003;48;244;5;10;28;24151B;4;3_SEL;3_SELA;2026-04-16 00:00:00.000;3;4,0667;3,2;5,8
RV25.000081-003;50;250;5;NULL;NULL;24151B;APT-1600FD FP-MACHINE2;5_FPT;5_FPT_BASIC;2026-04-16 00:00:00.000;4;1,5;1,3;1,3333
RV25.000081-003;45;225;5;NULL;NULL;24151B;9;6_DEP;6_DEP;2026-04-16 00:00:00.000;5;1,1333;1,0333;0,7333
RV25.000087-001;357;3213;9;NULL;NULL;56891A;8;1_SMT;1_SMTB;2026-08-03 00:00:00.000;1;0,6667;0,5833;0,5333
RV25.000087-001;357;3213;9;NULL;NULL;56891A;10;2_ODD;2_ODDA;2026-08-03 00:00:00.000;2;2,4833;2,2333;1,8667
RV25.000087-001;130;1170;9;NULL;NULL;56891A;2;4_AOI;4_AOI_SIDEB;2026-08-03 00:00:00.000;3;1,0167;0,8667;0,8667
RV25.000087-001;370;3330;9;NULL;NULL;56891A;11;4_AOI;4_AOI_SIDEB;2026-08-03 00:00:00.000;4;1,1;0,85;0,8167
RV25.000087-001;427;3843;9;NULL;NULL;56891A;APT-1600FD FP-MACHINE2;5_FPT;5_FPT_BASIC;2026-08-03 00:00:00.000;5;5,6333;5,3667;5,3333
RV25.000087-001;73;657;9;NULL;NULL;56891A;APT-1600FD FP-MACHINE3;5_FPT;5_FPT_BASIC;2026-08-03 00:00:00.000;6;5,7833;5,3;5,25
RV25.000088-001;210;420;2;NULL;NULL;54621A;8;1_SMT;1_SMTB;2026-06-02 00:00:00.000;1;0,7;0,5667;0,4167
RV25.000088-001;207;414;2;NULL;NULL;54621A;8;1_SMT;1_SMTA;2026-06-02 00:00:00.000;2;0,8167;0,6333;0,4167
RV25.000088-001;203;406;2;NULL;NULL;54621A;10;2_ODD;2_ODDA;2026-06-02 00:00:00.000;3;1,9;1,65;1,15
RV25.000088-001;161;322;2;8;49;54621A;3;3_SEL;3_SELA;2026-06-02 00:00:00.000;4;1,6667;1,4;5,65
RV25.000088-001;210;420;2;NULL;NULL;54621A;11;4_AOI;4_AOI_SIDEB;2026-06-02 00:00:00.000;5;0,9667;0,8667;0,7667
RV25.000088-001;49;98;2;4;32;54621A;4;3_SEL;3_SELA;2026-06-02 00:00:00.000;6;2,3833;1,15;2,2833
RV25.000088-001;198;396;2;NULL;NULL;54621A;APT-1600FD FP-MACHINE2;5_FPT;5_FPT_BASIC;2026-06-02 00:00:00.000;7;1,9833;1,7667;1,75
RV25.000088-001;185;370;2;NULL;NULL;54621A;9;6_DEP;6_DEP;2026-06-02 00:00:00.000;8;0,5667;0,4667;0,4333
RV25.000092-001;9;46;5;5;11;04041A;3;3_SEL;3_SELA;2026-05-19 00:00:00.000;1;5,0333;3,8;3,55
RV25.000092-001;10;50;5;NULL;NULL;04041A;11;4_AOI;4_AOI_SIDEB;2026-05-19 00:00:00.000;2;2,45;1,45;1,2333
RV25.000092-002;10;50;5;5;10;04041A;3;3_SEL;3_SELA;2026-05-20 00:00:00.000;1;4,1667;2,5333;2,5333
RV25.000092-002;10;50;5;NULL;NULL;04041A;11;4_AOI;4_AOI_SIDEB;2026-05-20 00:00:00.000;2;2,5;1,25;1,25
RV25.000093-001;40;200;5;NULL;NULL;115O1C;2;4_AOI;4_AOI_SIDEA;2026-02-03 00:00:00.000;1;1,0833;0,8167;0,8
RV25.000093-001;40;200;5;NULL;NULL;115O1C;APT-1600FD FP-MACHINE;5_FPT;5_FPT_BASIC;2026-02-03 00:00:00.000;2;1,1833;1,05;1,0833
RV25.000093-001;40;200;5;NULL;NULL;115O1C;9;6_DEP;6_DEP;2026-02-03 00:00:00.000;3;1,0333;0,8;0,7167
RV25.000093-002;40;200;5;NULL;NULL;115O1C;8;1_SMT;1_SMTB;2026-03-16 00:00:00.000;1;1,0167;0,4;0,4667
RV25.000093-002;40;200;5;NULL;NULL;115O1C;8;1_SMT;1_SMTA;2026-03-16 00:00:00.000;2;2;1,15;0,4667
RV25.000093-002;40;200;5;NULL;NULL;115O1C;2;4_AOI;4_AOI_SIDEA;2026-03-16 00:00:00.000;3;1,05;0,8833;0,8
RV25.000093-002;40;200;5;NULL;NULL;115O1C;APT-1600FD FP-MACHINE2;5_FPT;5_FPT_BASIC;2026-03-16 00:00:00.000;4;1,2;1,0833;1,0833
RV25.000093-002;39;195;5;NULL;NULL;115O1C;9;6_DEP;6_DEP;2026-03-16 00:00:00.000;5;1,1;0,9833;0,7167
RV25.000093-003;40;200;5;NULL;NULL;115O1C;8;1_SMT;1_SMTB;2026-05-08 00:00:00.000;1;0,7167;0,4667;0,3667
RV25.000093-003;40;200;5;NULL;NULL;115O1C;8;1_SMT;1_SMTA;2026-05-08 00:00:00.000;2;0,9167;0,55;0,3667
RV25.000093-003;40;200;5;NULL;NULL;115O1C;2;4_AOI;4_AOI_SIDEA;2026-05-08 00:00:00.000;3;1,15;0,9333;0,9333
RV25.000093-003;40;200;5;NULL;NULL;115O1C;APT-1600FD FP-MACHINE2;5_FPT;5_FPT_BASIC;2026-05-08 00:00:00.000;4;1,3167;1,2;1,0833
RV25.000093-003;40;200;5;NULL;NULL;115O1C;9;6_DEP;6_DEP;2026-05-08 00:00:00.000;5;0,85;0,7167;0,7
RV25.000093-004;40;200;5;NULL;NULL;115O1C;8;1_SMT;1_SMTA;2026-06-08 00:00:00.000;1;1,35;0,85;0,6667
RV25.000093-004;40;200;5;NULL;NULL;115O1C;11;4_AOI;4_AOI_SIDEA;2026-06-08 00:00:00.000;2;0,8833;0,7333;0,6833
RV25.000093-004;40;200;5;NULL;NULL;115O1C;APT-1600FD FP-MACHINE3;5_FPT;5_FPT_BASIC;2026-06-08 00:00:00.000;3;1,25;1,1333;1,0833
RV25.000093-004;40;200;5;NULL;NULL;115O1C;9;6_DEP;6_DEP;2026-06-08 00:00:00.000;4;0,9667;0,7167;0,7
RV25.000093-005;40;200;5;NULL;NULL;115O1C;8;1_SMT;1_SMTA;2026-07-02 00:00:00.000;1;1,2333;0,9833;0,7333
RV25.000093-005;40;200;5;NULL;NULL;115O1C;2;4_AOI;4_AOI_SIDEA;2026-07-02 00:00:00.000;2;1,0333;0,8167;0,8
RV25.000093-005;40;200;5;NULL;NULL;115O1C;APT-1600FD FP-MACHINE3;5_FPT;5_FPT_BASIC;2026-07-02 00:00:00.000;3;1,3667;1,2333;1,0833
RV25.000093-005;40;200;5;NULL;NULL;115O1C;9;6_DEP;6_DEP;2026-07-02 00:00:00.000;4;0,85;0,7333;0,7
RV25.000094-029;40;160;4;NULL;NULL;628A1D;2;4_AOI;4_AOI_SIDEB;2026-01-12 00:00:00.000;1;1,3167;1,0333;1
RV25.000094-029;40;160;4;NULL;NULL;628A1D;APT-1600FD FP-MACHINE2;5_FPT;5_FPT_PREMIUM;2026-01-12 00:00:00.000;2;3,1667;2,1667;1,9333
RV25.000094-029;38;152;4;NULL;NULL;628A1D;9;6_DEP;6_DEP;2026-01-12 00:00:00.000;3;1,5167;1,1167;1,1
RV25.000094-030;25;100;4;NULL;NULL;628A1D;2;4_AOI;4_AOI_SIDEB;2026-01-29 00:00:00.000;1;1,2167;0,8833;0,8667
RV25.000094-030;25;100;4;NULL;NULL;628A1D;APT-1600FD FP-MACHINE2;5_FPT;5_FPT_BASIC;2026-01-29 00:00:00.000;2;3,2833;2,6833;2,6667
RV25.000094-031;13;52;4;NULL;NULL;628A1D;2;4_AOI;4_AOI_SIDEB;2026-01-29 00:00:00.000;1;1,25;0,8667;0,8667
RV25.000094-031;13;52;4;NULL;NULL;628A1D;APT-1600FD FP-MACHINE2;5_FPT;5_FPT_BASIC;2026-01-29 00:00:00.000;2;1,7667;1,3833;1,25
RV25.000094-031;13;52;4;NULL;NULL;628A1D;9;6_DEP;6_DEP;2026-01-29 00:00:00.000;3;1,1333;0,75;0,7333
RV25.000094-032;13;52;4;NULL;NULL;628A1D;2;4_AOI;4_AOI_SIDEB;2026-01-29 00:00:00.000;1;1,4333;0,8833;0,8833
RV25.000094-032;13;52;4;NULL;NULL;628A1D;APT-1600FD FP-MACHINE2;5_FPT;5_FPT_BASIC;2026-01-29 00:00:00.000;2;2;1,6167;1,25
RV25.000094-032;13;52;4;NULL;NULL;628A1D;9;6_DEP;6_DEP;2026-01-29 00:00:00.000;3;1,6833;0,9667;0,7333
RV25.000094-033;13;52;4;NULL;NULL;628A1D;2;4_AOI;4_AOI_SIDEB;2026-01-29 00:00:00.000;1;1,25;0,8667;0,8667
RV25.000094-033;13;52;4;NULL;NULL;628A1D;APT-1600FD FP-MACHINE2;5_FPT;5_FPT_BASIC;2026-01-29 00:00:00.000;2;1,5833;1,2;1,2167
RV25.000094-033;13;52;4;NULL;NULL;628A1D;9;6_DEP;6_DEP;2026-01-29 00:00:00.000;3;1,1333;0,75;0,7333
RV25.000094-034;50;200;4;NULL;NULL;628A1D;2;4_AOI;4_AOI_SIDEB;2026-01-30 00:00:00.000;1;1,0667;0,8667;0,8667
RV25.000094-034;50;200;4;NULL;NULL;628A1D;APT-1600FD FP-MACHINE2;5_FPT;5_FPT_BASIC;2026-01-30 00:00:00.000;2;1,8;1,4;1,25
RV25.000094-034;50;200;4;NULL;NULL;628A1D;9;6_DEP;6_DEP;2026-01-30 00:00:00.000;3;0,9667;0,8667;0,7333
RV25.000094-035;13;52;4;NULL;NULL;628A1D;2;4_AOI;4_AOI_SIDEB;2026-02-03 00:00:00.000;1;1;1;0,8667
RV25.000094-035;13;52;4;NULL;NULL;628A1D;APT-1600FD FP-MACHINE2;5_FPT;5_FPT_BASIC;2026-02-03 00:00:00.000;2;2;1,2333;1,1833
RV25.000094-035;13;52;4;NULL;NULL;628A1D;9;6_DEP;6_DEP;2026-02-03 00:00:00.000;3;1,55;0,7833;0,7333
RV25.000094-036;13;52;4;NULL;NULL;628A1D;2;4_AOI;4_AOI_SIDEB;2026-02-03 00:00:00.000;1;1,2;1,0167;0,8667
RV25.000094-036;13;52;4;NULL;NULL;628A1D;APT-1600FD FP-MACHINE2;5_FPT;5_FPT_BASIC;2026-02-03 00:00:00.000;2;1,95;1,1833;1,1667
RV25.000094-036;13;52;4;NULL;NULL;628A1D;9;6_DEP;6_DEP;2026-02-03 00:00:00.000;3;1,15;1,15;0,7333
RV25.000094-037;50;200;4;NULL;NULL;628A1D;2;4_AOI;4_AOI_SIDEB;2026-02-03 00:00:00.000;1;1,0167;1,0167;0,8667
RV25.000094-037;50;200;4;NULL;NULL;628A1D;APT-1600FD FP-MACHINE2;5_FPT;5_FPT_BASIC;2026-02-03 00:00:00.000;2;1,5167;1,2167;1,25
RV25.000094-037;50;200;4;NULL;NULL;628A1D;9;6_DEP;6_DEP;2026-02-03 00:00:00.000;3;1,1667;0,7667;0,7333
RV25.000094-038;50;200;4;NULL;NULL;628A1D;2;4_AOI;4_AOI_SIDEB;2026-02-09 00:00:00.000;1;0,9667;0,8667;0,8667
RV25.000094-038;47;188;4;NULL;NULL;628A1D;APT-1600FD FP-MACHINE2;5_FPT;5_FPT_BASIC;2026-02-09 00:00:00.000;2;1,4333;1,2333;1,25
RV25.000094-038;49;196;4;NULL;NULL;628A1D;9;6_DEP;6_DEP;2026-02-09 00:00:00.000;4;0,8833;0,7833;0,7333
RV25.000094-039;25;100;4;NULL;NULL;628A1D;2;4_AOI;4_AOI_SIDEB;2026-02-19 00:00:00.000;1;1,2167;0,9;0,8667
RV25.000094-039;24;96;4;NULL;NULL;628A1D;APT-1600FD FP-MACHINE2;5_FPT;5_FPT_BASIC;2026-02-19 00:00:00.000;2;1,6667;1,25;1,25
RV25.000094-039;24;96;4;NULL;NULL;628A1D;9;6_DEP;6_DEP;2026-02-19 00:00:00.000;3;1,4333;0,8333;0,8667
RV25.000094-040;14;56;4;NULL;NULL;628A1D;8;1_SMT;1_SMTA;2026-03-05 00:00:00.000;1;2,75;1,75;2
RV25.000094-040;14;56;4;NULL;NULL;628A1D;2;4_AOI;4_AOI_SIDEB;2026-03-05 00:00:00.000;2;1,4;1,05;0,8667
RV25.000094-040;14;56;4;NULL;NULL;628A1D;APT-1600FD FP-MACHINE2;5_FPT;5_FPT_BASIC;2026-03-05 00:00:00.000;3;1,6333;1,2667;1,1667
RV25.000094-040;14;56;4;NULL;NULL;628A1D;9;6_DEP;6_DEP;2026-03-05 00:00:00.000;4;1,6;0,9333;0,7333
RV25.000094-041;14;56;4;NULL;NULL;628A1D;8;1_SMT;1_SMTA;2026-03-05 00:00:00.000;1;0,75;0,75;0,3833
RV25.000094-041;14;56;4;NULL;NULL;628A1D;2;4_AOI;4_AOI_SIDEB;2026-03-05 00:00:00.000;2;1,1333;0,95;0,8667
RV25.000094-041;14;56;4;NULL;NULL;628A1D;APT-1600FD FP-MACHINE2;5_FPT;5_FPT_BASIC;2026-03-05 00:00:00.000;3;1,55;1,1833;1,1667
RV25.000094-041;14;56;4;NULL;NULL;628A1D;9;6_DEP;6_DEP;2026-03-05 00:00:00.000;4;1,1167;0,7667;0,75
RV25.000094-043;28;112;4;NULL;NULL;628A1D;8;1_SMT;1_SMTA;2026-03-09 00:00:00.000;1;1,5333;0,6333;0,4833
RV25.000094-043;28;112;4;NULL;NULL;628A1D;2;4_AOI;4_AOI_SIDEB;2026-03-09 00:00:00.000;2;1,1167;0,9667;0,8667
RV25.000094-043;28;112;4;NULL;NULL;628A1D;APT-1600FD FP-MACHINE;5_FPT;5_FPT_BASIC;2026-03-09 00:00:00.000;3;2,4833;2,1333;2,3
RV25.000094-043;28;112;4;NULL;NULL;628A1D;9;6_DEP;6_DEP;2026-03-09 00:00:00.000;4;1,1167;0,75;0,7333
RV25.000094-045;14;56;4;NULL;NULL;628A1D;8;1_SMT;1_SMTA;2026-03-09 00:00:00.000;1;1;0,6333;0,45
RV25.000094-045;14;56;4;NULL;NULL;628A1D;2;4_AOI;4_AOI_SIDEB;2026-03-09 00:00:00.000;2;1,25;0,8833;0,8667
RV25.000094-045;14;56;4;NULL;NULL;628A1D;APT-1600FD FP-MACHINE;5_FPT;5_FPT_BASIC;2026-03-09 00:00:00.000;3;1,5;1,1333;1,1667
RV25.000094-045;13;52;4;NULL;NULL;628A1D;9;6_DEP;6_DEP;2026-03-09 00:00:00.000;4;1,5167;1,1333;1,1
RV25.000094-046;14;56;4;NULL;NULL;628A1D;8;1_SMT;1_SMTA;2026-03-30 00:00:00.000;1;1,55;0,4833;0,5
RV25.000094-046;14;56;4;NULL;NULL;628A1D;2;4_AOI;4_AOI_SIDEB;2026-03-30 00:00:00.000;2;1,6;1,1167;1
RV25.000094-046;14;56;4;NULL;NULL;628A1D;APT-1600FD FP-MACHINE;5_FPT;5_FPT_BASIC;2026-03-30 00:00:00.000;3;1,7667;1,4167;1,25
RV25.000094-046;14;56;4;NULL;NULL;628A1D;9;6_DEP;6_DEP;2026-03-30 00:00:00.000;4;2,1333;1,0667;1,1
RV25.000094-049;56;224;4;NULL;NULL;628A1D;8;1_SMT;1_SMTA;2026-03-09 00:00:00.000;1;1,4833;1,1333;1,0667
RV25.000094-049;56;224;4;NULL;NULL;628A1D;2;4_AOI;4_AOI_SIDEB;2026-03-09 00:00:00.000;2;1,0167;0,8667;0,8667
RV25.000094-049;56;224;4;NULL;NULL;628A1D;APT-1600FD FP-MACHINE;5_FPT;5_FPT_BASIC;2026-03-09 00:00:00.000;3;1,2833;1,1833;1,1667
RV25.000094-049;56;224;4;NULL;NULL;628A1D;9;6_DEP;6_DEP;2026-03-09 00:00:00.000;4;1,2667;1,1667;1,1
RV25.000094-050;56;224;4;NULL;NULL;628A1D;8;1_SMT;1_SMTA;2026-03-19 00:00:00.000;1;1,95;1,2333;1,1333
RV25.000094-050;56;224;4;NULL;NULL;628A1D;2;4_AOI;4_AOI_SIDEB;2026-03-19 00:00:00.000;2;0,9667;0,8833;0,8667
RV25.000094-050;56;224;4;NULL;NULL;628A1D;APT-1600FD FP-MACHINE2;5_FPT;5_FPT_BASIC;2026-03-19 00:00:00.000;3;1,6167;1,25;1,25
RV25.000094-050;56;224;4;NULL;NULL;628A1D;9;6_DEP;6_DEP;2026-03-19 00:00:00.000;4;1,1;0,9333;0,8833
RV25.000094-051;28;112;4;NULL;NULL;628A1D;8;1_SMT;1_SMTA;2026-04-29 00:00:00.000;1;1,9167;1,0333;0,5667
RV25.000094-051;28;112;4;NULL;NULL;628A1D;11;4_AOI;4_AOI_SIDEB;2026-04-29 00:00:00.000;2;1,3333;1,0167;0,8
RV25.000094-051;28;112;4;NULL;NULL;628A1D;APT-1600FD FP-MACHINE2;5_FPT;5_FPT_BASIC;2026-04-29 00:00:00.000;3;1,8833;1,35;1,4167
RV25.000094-051;27;108;4;NULL;NULL;628A1D;9;6_DEP;6_DEP;2026-04-29 00:00:00.000;4;0,9333;0,75;0,7333
RV25.000095-001;250;250;1;NULL;NULL;54511E;2;4_AOI;4_AOI_SIDEA;2026-01-08 00:00:00.000;1;0,5;0,45;0,4167
RV25.000095-001;250;250;1;NULL;NULL;54511E;APT-1600FD FP-MACHINE3;5_FPT;5_FPT_BASIC;2026-01-08 00:00:00.000;2;0,5;0,4167;0,3333
RV25.000095-001;196;196;1;NULL;NULL;54511E;9;6_DEP;6_DEP;2026-01-08 00:00:00.000;3;0,5833;0,4167;0,3667
RV25.000095-002;250;250;1;NULL;NULL;54511E;2;4_AOI;4_AOI_SIDEA;2026-01-08 00:00:00.000;1;0,5333;0,45;0,4167
RV25.000095-002;250;250;1;NULL;NULL;54511E;APT-1600FD FP-MACHINE;5_FPT;5_FPT_BASIC;2026-01-08 00:00:00.000;2;0,7333;0,4667;0,3333
RV25.000095-002;248;248;1;NULL;NULL;54511E;9;6_DEP;6_DEP;2026-01-08 00:00:00.000;3;0,5667;0,4;0,3833
RV25.000095-003;250;250;1;NULL;NULL;54511E;2;4_AOI;4_AOI_SIDEA;2026-02-04 00:00:00.000;1;0,45;0,4167;0,3833
RV25.000095-003;250;250;1;NULL;NULL;54511E;APT-1600FD FP-MACHINE3;5_FPT;5_FPT_BASIC;2026-02-04 00:00:00.000;2;0,4167;0,3667;0,3333
RV25.000095-003;250;250;1;NULL;NULL;54511E;9;6_DEP;6_DEP;2026-02-04 00:00:00.000;3;0,5;0,4;0,3667
RV25.000095-004;250;250;1;NULL;NULL;54511E;2;4_AOI;4_AOI_SIDEA;2026-02-04 00:00:00.000;1;0,4167;0,3667;0,3667
RV25.000095-004;248;248;1;NULL;NULL;54511E;APT-1600FD FP-MACHINE3;5_FPT;5_FPT_BASIC;2026-02-04 00:00:00.000;2;0,4833;0,4167;0,3333
RV25.000095-004;88;88;1;NULL;NULL;54511E;9;6_DEP;6_DEP;2026-02-04 00:00:00.000;3;0,55;0,45;0,3667
RV25.000099-001;187;374;2;NULL;NULL;591X1F;8;1_SMT;1_SMTA;2026-05-18 00:00:00.000;1;1,6667;1,3667;1,25
RV25.000099-001;118;236;2;NULL;NULL;591X1F;2;4_AOI;4_AOI_SMT;2026-05-18 00:00:00.000;2;0,8167;0,7;0,6167
RV25.000099-001;135;270;2;NULL;NULL;591X1F;11;4_AOI;4_AOI_SMT;2026-05-18 00:00:00.000;3;0,6333;0,6;1,0667
RV25.000099-001;241;482;2;NULL;NULL;591X1F;10;2_ODD;2_ODDA;2026-05-18 00:00:00.000;4;0,75;0,6667;0,6
RV25.000099-001;250;500;2;2;254;591X1F;4;3_SEL;3_SELA;2026-05-18 00:00:00.000;5;3,3;1,4667;1,4667
RV25.000099-001;250;500;2;2;250;591X1F;4;3_SEL;3_SELB;2026-05-18 00:00:00.000;6;1,8333;1,4667;1,4667
RV25.000099-001;250;500;2;NULL;NULL;591X1F;11;4_AOI;4_AOI_THT;2026-05-18 00:00:00.000;7;1,3167;1,1333;1,0667
RV25.000099-001;165;330;2;NULL;NULL;591X1F;APT-1600FD FP-MACHINE3;5_FPT;5_FPT_BASIC;2026-05-18 00:00:00.000;8;1,9167;1,7;1,6667
RV25.000099-001;250;500;2;NULL;NULL;591X1F;9;6_DEP;6_DEP;2026-05-18 00:00:00.000;9;0,75;0,5833;0,55
RV25.000099-001;85;170;2;NULL;NULL;591X1F;APT-1600FD FP-MACHINE2;5_FPT;5_FPT_BASIC;2026-05-18 00:00:00.000;10;1,8333;1,6;1,5833
RV25.000100-001;477;477;1;NULL;NULL;6911AC;8;1_SMT;1_SMTB;2026-05-26 00:00:00.000;1;0,7;0,6333;0,5333
RV25.000100-001;500;500;1;NULL;NULL;6911AC;10;2_ODD;2_ODDA;2026-05-26 00:00:00.000;2;0,7167;0,6333;0,5167
RV25.000100-001;500;500;1;NULL;NULL;6911AC;8;1_SMT;1_SMTA;2026-05-26 00:00:00.000;3;0,5;0,45;0,5333
RV25.000100-001;470;470;1;NULL;NULL;6911AC;APT-1600FD FP-MACHINE;5_FPT;5_FPT_BASIC;2026-05-26 00:00:00.000;4;0,7;0,4;0,3833
RV25.000100-001;500;500;1;2;259;6911AC;4;3_SEL;3_SELA;2026-05-26 00:00:00.000;5;1;0,6;1,2
RV25.000100-001;300;300;1;NULL;NULL;6911AC;2;4_AOI;4_AOI_SIDEA;2026-05-26 00:00:00.000;6;0,9167;0,8667;0,8333
RV25.000100-001;200;200;1;NULL;NULL;6911AC;11;4_AOI;4_AOI_SIDEA;2026-05-26 00:00:00.000;7;0,9333;0,8333;0,7667
RV25.000103-001;105;420;4;NULL;NULL;14741D;8;1_SMT;1_SMTB;2026-03-31 00:00:00.000;1;0,8;0,65;0,4667
RV25.000103-001;105;420;4;NULL;NULL;14741D;8;1_SMT;1_SMTA;2026-03-31 00:00:00.000;2;1,7333;1;0,4667
RV25.000103-001;105;420;4;NULL;NULL;14741D;2;4_AOI;4_AOI_SIDEB;2026-03-31 00:00:00.000;3;1,3833;1,2167;1,15
RV25.000103-001;105;420;4;NULL;NULL;14741D;APT-1600FD FP-MACHINE2;5_FPT;5_FPT_BASIC;2026-03-31 00:00:00.000;4;2,4833;1,9;1,75
RV25.000103-001;105;420;4;NULL;NULL;14741D;9;6_DEP;6_DEP;2026-03-31 00:00:00.000;5;0,8833;0,7;0,65
RV25.000103-002;145;580;4;NULL;NULL;14741D;8;1_SMT;1_SMTB;2026-08-10 00:00:00.000;1;0,6833;0,55;0,55
RV25.000103-002;145;580;4;NULL;NULL;14741D;8;1_SMT;1_SMTA;2026-08-10 00:00:00.000;2;1,1;0,85;0,55
RV25.000103-002;145;580;4;NULL;NULL;14741D;10;2_ODD;2_ODDA;2026-08-10 00:00:00.000;3;1,0667;0,7833;0,6
RV25.000103-002;145;580;4;NULL;NULL;14741D;2;4_AOI;4_AOI_SIDEB;2026-08-10 00:00:00.000;4;1,1167;1,0333;1,05
RV25.000103-002;145;580;4;NULL;NULL;14741D;APT-1600FD FP-MACHINE;5_FPT;5_FPT_BASIC;2026-08-10 00:00:00.000;5;2,0667;1,8333;1,6833
RV25.000103-002;145;580;4;NULL;NULL;14741D;9;6_DEP;6_DEP;2026-08-10 00:00:00.000;6;0,8167;0,6833;0,6333
RV25.000105-001;100;2000;20;NULL;NULL;61711A;8;1_SMT;1_SMTA;2026-04-22 00:00:00.000;1;1,0833;0,8833;0,7167
RV25.000105-001;100;2000;20;NULL;NULL;61711A;11;4_AOI;4_AOI_SIDEA;2026-04-22 00:00:00.000;2;0,7667;0,6333;0,6167
RV25.000105-001;100;2000;20;NULL;NULL;61711A;9;6_DEP;6_DEP;2026-04-22 00:00:00.000;3;2,5;2,3167;2,2
RV25.000105-001;44;880;20;NULL;NULL;61711A;APT-1600FD FP-MACHINE;5_FPT;5_FPT_BASIC;2026-04-22 00:00:00.000;4;1,2333;1,1167;1,1
RV25.000105-001;56;1120;20;NULL;NULL;61711A;APT-1600FD FP-MACHINE3;5_FPT;5_FPT_BASIC;2026-04-22 00:00:00.000;5;1,35;1,1667;1,1667
RV25.000108-001;15;30;2;2;18;015G1C;4;3_SEL;3_SELB;2026-04-14 00:00:00.000;2;4,3167;3,5833;3,5833
RV25.000109-001;25;250;10;NULL;NULL;115S1C;APT-1600FD FP-MACHINE2;5_FPT;5_FPT_BASIC;2026-03-24 00:00:00.000;1;1,0833;0,8833;0,8333
RV25.000109-001;25;250;10;NULL;NULL;115S1C;8;1_SMT;1_SMTA;2026-03-24 00:00:00.000;2;1,7167;1,1167;0,8167
RV25.000109-001;25;250;10;NULL;NULL;115S1C;2;4_AOI;4_AOI_SIDEB;2026-03-24 00:00:00.000;3;1,6;1,0833;1,0833
RV25.000109-002;25;250;10;NULL;NULL;115S1C;8;1_SMT;1_SMTB;2026-06-03 00:00:00.000;1;0,9333;0,7333;0,75
RV25.000109-002;27;270;10;NULL;NULL;115S1C;8;1_SMT;1_SMTA;2026-06-03 00:00:00.000;2;2,3167;1,5833;0,75
RV25.000109-002;27;270;10;NULL;NULL;115S1C;2;4_AOI;4_AOI_SIDEB;2026-06-03 00:00:00.000;3;1,3333;1;1,0167
RV25.000109-002;27;270;10;NULL;NULL;115S1C;APT-1600FD FP-MACHINE2;5_FPT;5_FPT_BASIC;2026-06-03 00:00:00.000;4;1,4667;1,1;0,75
RV25.000109-002;12;120;10;NULL;NULL;115S1C;9;6_DEP;6_DEP;2026-06-03 00:00:00.000;5;2,0667;1,65;1,2333
RV25.000109-003;23;230;10;NULL;NULL;115S1C;8;1_SMT;1_SMTB;2026-07-14 00:00:00.000;1;0,8;0,5833;0,6333
RV25.000109-003;25;250;10;NULL;NULL;115S1C;8;1_SMT;1_SMTA;2026-07-14 00:00:00.000;2;1,95;1,15;0,6333
RV25.000109-003;25;250;10;NULL;NULL;115S1C;2;4_AOI;4_AOI_SIDEB;2026-07-14 00:00:00.000;3;1,3833;0,9833;0,9667
RV25.000109-003;24;240;10;NULL;NULL;115S1C;APT-1600FD FP-MACHINE;5_FPT;5_FPT_BASIC;2026-07-14 00:00:00.000;4;1,5667;0,95;0,8333
RV25.000109-003;25;250;10;NULL;NULL;115S1C;9;6_DEP;6_DEP;2026-07-14 00:00:00.000;5;1,8333;1,2333;1,2167
RV25.000109-004;10;100;10;NULL;NULL;115SAC;8;1_SMT;1_SMTA;2026-03-23 00:00:00.000;1;1,8167;1,3167;0,6833
RV25.000109-004;10;100;10;NULL;NULL;115SAC;APT-1600FD FP-MACHINE3;5_FPT;5_FPT_BASIC;2026-03-23 00:00:00.000;2;1,85;1,35;0,8333
RV25.000109-004;10;100;10;NULL;NULL;115SAC;2;4_AOI;4_AOI_SIDEB;2026-03-23 00:00:00.000;4;3,4667;1,6;1,2833
RV26.000005-001;76;152;2;NULL;NULL;89521A;8;1_SMT;1_SMTB;2026-06-15 00:00:00.000;1;0,9833;0,7167;0,4333
RV26.000005-001;40;80;2;4;21;89521A;3;3_SEL;3_SELA;2026-06-15 00:00:00.000;2;2,4;1,8;3,6
RV26.000005-001;40;80;2;NULL;NULL;89521A;2;4_AOI;4_AOI_SIDEA;2026-06-15 00:00:00.000;3;1,2333;1,0333;1
RV26.000005-001;40;80;2;NULL;NULL;89521A;APT-1600FD FP-MACHINE2;5_FPT;5_FPT_BASIC;2026-06-15 00:00:00.000;4;1,0833;0,8333;0,6667
RV26.000005-001;39;78;2;NULL;NULL;89521A;9;6_DEP;6_DEP;2026-06-15 00:00:00.000;5;0,85;0,4667;0,45
RV26.000005-002;38;76;2;NULL;NULL;89521A;8;1_SMT;1_SMTB;2026-06-16 00:00:00.000;1;0,4333;0,4333;0,4333
RV26.000005-002;36;72;2;NULL;NULL;89521A;APT-1600FD FP-MACHINE2;5_FPT;5_FPT_BASIC;2026-06-15 00:00:00.000;2;0,9167;0,6333;0,6667
RV26.000005-002;36;72;2;4;19;89521A;3;3_SEL;3_SELA;2026-06-15 00:00:00.000;3;2,1833;1,7167;3,4333
RV26.000005-002;36;72;2;NULL;NULL;89521A;2;4_AOI;4_AOI_SIDEA;2026-06-15 00:00:00.000;4;1,1333;1;1
RV26.000005-002;36;72;2;NULL;NULL;89521A;9;6_DEP;6_DEP;2026-06-15 00:00:00.000;5;0,4667;0,4667;0,45
RV26.000009-001;7;42;6;6;10;364MAA;3;3_SEL;3_SELA;2026-07-02 00:00:00.000;2;5,2;3,5833;3,5833
RV26.000013-001;25;250;10;NULL;NULL;12591B;8;1_SMT;1_SMTB;2026-07-27 00:00:00.000;1;1,8;1,2;0,5
RV26.000013-001;25;250;10;NULL;NULL;12591B;8;1_SMT;1_SMTA;2026-07-27 00:00:00.000;2;0,8333;0,6333;0,5
RV26.000013-001;25;250;10;NULL;NULL;12591B;11;4_AOI;4_AOI_SIDEA;2026-07-27 00:00:00.000;3;1,3833;1,05;0,8
RV26.000013-001;25;250;10;NULL;NULL;12591B;APT-1600FD FP-MACHINE3;5_FPT;5_FPT_BASIC;2026-07-27 00:00:00.000;4;0,9;0,7;0,6667
RV26.000013-001;25;250;10;NULL;NULL;12591B;9;6_DEP;6_DEP;2026-07-27 00:00:00.000;5;1,3;1,1;1,1
RV26.000014-001;30;150;5;NULL;NULL;128P1A;8;1_SMT;1_SMTA;2026-06-03 00:00:00.000;1;1,2167;0,8833;0,75
RV26.000014-001;30;150;5;NULL;NULL;128P1A;2;4_AOI;4_AOI_SMT;2026-06-03 00:00:00.000;2;0,7667;0,5333;0,4667
RV26.000014-001;30;150;5;NULL;NULL;128P1A;11;4_AOI;4_AOI_SIDEB;2026-06-03 00:00:00.000;3;3,0333;1,85;1,6
RV26.000014-001;29;145;5;10;16;128P1A;3;3_SEL;3_SELA;2026-06-03 00:00:00.000;4;4,1833;2,7333;5,1667
RV26.000014-001;34;170;5;NULL;NULL;128P1A;APT-1600FD FP-MACHINE2;5_FPT;5_FPT_BASIC;2026-06-03 00:00:00.000;5;1,55;1,1167;1,25
RV26.000014-001;29;145;5;NULL;NULL;128P1A;9;6_DEP;6_DEP;2026-06-03 00:00:00.000;6;1,1;0,9333;0,8667
RV26.000014-002;30;150;5;NULL;NULL;128P1A;2;4_AOI;4_AOI_SMT;2026-08-04 00:00:00.000;1;0,7;0,45;0,45
RV26.000014-002;30;150;5;NULL;NULL;128P1A;8;1_SMT;1_SMTA;2026-08-04 00:00:00.000;2;1,8167;1,4833;1,25
RV26.000014-002;30;150;5;NULL;NULL;128P1A;10;2_ODD;2_ODDA;2026-08-04 00:00:00.000;3;5,2333;4,4;4,25
RV26.000014-002;30;150;5;NULL;NULL;128P1A;11;4_AOI;4_AOI_SIDEB;2026-08-04 00:00:00.000;4;1,6833;1,2667;1,2167
RV26.000014-002;30;150;5;NULL;NULL;128P1A;APT-1600FD FP-MACHINE;5_FPT;5_FPT_BASIC;2026-08-04 00:00:00.000;5;1,5167;1,35;1,1667
RV26.000014-002;30;150;5;NULL;NULL;128P1A;9;6_DEP;6_DEP;2026-08-04 00:00:00.000;6;1,15;0,9833;0,8667
RV26.000015-005;107;535;5;NULL;NULL;128B1C;8;1_SMT;1_SMTA;2026-06-02 00:00:00.000;1;1,2333;1;0,7333
RV26.000015-005;108;540;5;5;111;128B1C;4;3_SEL;3_SELA;2026-06-02 00:00:00.000;2;4,1167;2,8333;2,8333
RV26.000015-005;108;540;5;NULL;NULL;128B1C;11;4_AOI;4_AOI_SIDEB;2026-06-02 00:00:00.000;3;1,3333;1,1;1,05
RV26.000015-005;108;540;5;NULL;NULL;128B1C;APT-1600FD FP-MACHINE2;5_FPT;5_FPT_BASIC;2026-06-02 00:00:00.000;4;2,1667;1,7;1,5833
RV26.000015-006;101;505;5;NULL;NULL;128B1C;8;1_SMT;1_SMTA;2026-06-24 00:00:00.000;1;1,4667;0,9833;0,7833
RV26.000015-006;101;505;5;NULL;NULL;128B1C;10;2_ODD;2_ODDA;2026-06-24 00:00:00.000;2;3,15;2,5;1,9833
RV26.000015-006;101;505;5;NULL;NULL;128B1C;11;4_AOI;4_AOI_SIDEB;2026-06-24 00:00:00.000;3;1,3333;1,1833;1,0833
RV26.000015-006;100;501;5;10;51;128B1C;3;3_SEL;3_SELA;2026-06-24 00:00:00.000;4;2,0667;1,5833;3,1667
RV26.000015-006;100;500;5;NULL;NULL;128B1C;APT-1600FD FP-MACHINE;5_FPT;5_FPT_BASIC;2026-06-24 00:00:00.000;5;2,2833;1,7333;1,6667
RV26.000015-013;123;493;4;4;125;628F1A;3;3_SEL;3_SELA;2026-05-22 00:00:00.000;1;3,65;3;2,9667
RV26.000015-013;125;500;4;NULL;NULL;628F1A;2;4_AOI;4_AOI_SIDEA;2026-05-22 00:00:00.000;2;1,5667;1,35;1,3
RV26.000015-013;126;504;4;NULL;NULL;628F1A;APT-1600FD FP-MACHINE2;5_FPT;5_FPT_BASIC;2026-05-22 00:00:00.000;3;1,25;0,6167;0,5
RV26.000015-013;125;500;4;NULL;NULL;628F1A;9;6_DEP;6_DEP;2026-05-22 00:00:00.000;4;1,2;0,8167;0,6167
RV26.000015-014;125;500;4;NULL;NULL;628F1A;2;4_AOI;4_AOI_SIDEA;2026-06-23 00:00:00.000;1;2,1833;1,75;1,3667
RV26.000015-014;42;168;4;4;42;628F1A;3;3_SEL;3_SELA;2026-06-23 00:00:00.000;3;3,4833;3,1167;3,1167
RV26.000015-014;64;256;4;NULL;NULL;628F1A;APT-1600FD FP-MACHINE3;5_FPT;5_FPT_BASIC;2026-06-23 00:00:00.000;4;1,3;0,75;0,5
RV26.000015-014;125;500;4;NULL;NULL;628F1A;9;6_DEP;6_DEP;2026-06-23 00:00:00.000;5;1,2167;0,8;0,6167
RV26.000015-014;61;244;4;NULL;NULL;628F1A;APT-1600FD FP-MACHINE;5_FPT;5_FPT_BASIC;2026-06-23 00:00:00.000;6;1,0833;0,6833;0,5
RV26.000018-001;25;250;10;NULL;NULL;125A1A;8;1_SMT;1_SMTB;2026-06-01 00:00:00.000;1;0,8833;0,4833;0,3833
RV26.000018-001;25;250;10;NULL;NULL;125A1A;8;1_SMT;1_SMTA;2026-06-01 00:00:00.000;2;1;0,8;0,3833
RV26.000018-001;25;250;10;NULL;NULL;125A1A;APT-1600FD FP-MACHINE3;5_FPT;5_FPT_BASIC;2026-06-01 00:00:00.000;3;0,9667;0,7667;0,6167
RV26.000018-001;25;250;10;NULL;NULL;125A1A;11;4_AOI;4_AOI_SIDEB;2026-06-01 00:00:00.000;4;0,7667;0,7667;0,6333
RV26.000018-002;26;260;10;NULL;NULL;125A1A;11;4_AOI;4_AOI_SIDEB;2026-06-01 00:00:00.000;1;0,8333;0,65;0,6333
RV26.000018-002;26;260;10;NULL;NULL;125A1A;8;1_SMT;1_SMTB;2026-06-01 00:00:00.000;2;1;0,6167;0,3333
RV26.000018-002;26;260;10;NULL;NULL;125A1A;8;1_SMT;1_SMTA;2026-06-01 00:00:00.000;3;1,1167;0,55;0,3333
RV26.000018-002;26;260;10;NULL;NULL;125A1A;APT-1600FD FP-MACHINE3;5_FPT;5_FPT_BASIC;2026-06-01 00:00:00.000;4;0,9833;0,6;0,5833
RV26.000020-001;13;78;6;NULL;NULL;029V1B;8;1_SMT;1_SMTA;2026-06-23 00:00:00.000;1;1,7333;0,5833;0,6167
RV26.000020-001;13;78;6;NULL;NULL;029V1B;11;4_AOI;4_AOI_SIDEA;2026-06-23 00:00:00.000;2;1,4;0,4;0,4
RV26.000021-001;25;50;2;NULL;NULL;074M1A;7;1_SMT;1_SMTA;2026-06-17 00:00:00.000;1;0,9333;0,3333;0,2833
RV26.000021-001;25;50;2;NULL;NULL;074M1A;10;2_ODD;2_ODDA;2026-06-17 00:00:00.000;2;0,8833;0,6833;0,4833
RV26.000021-001;25;50;2;4;13;074M1A;3;3_SEL;3_SELA;2026-06-17 00:00:00.000;3;1,1;0,6833;1,3333
RV26.000021-001;25;50;2;NULL;NULL;074M1A;2;4_AOI;4_AOI_SIDEA;2026-06-17 00:00:00.000;4;1,1667;0,8333;0,8167
RV26.000021-001;25;50;2;NULL;NULL;074M1A;APT-1600FD FP-MACHINE3;5_FPT;5_FPT_BASIC;2026-06-17 00:00:00.000;5;0,65;0,45;0,3333
RV26.000021-001;25;50;2;NULL;NULL;074M1A;9;6_DEP;6_DEP;2026-06-17 00:00:00.000;6;0,8333;0,6333;0,5333
RV26.000021-002;25;50;2;NULL;NULL;074M1A;7;1_SMT;1_SMTA;2026-06-17 00:00:00.000;1;0,55;0,35;0,2833
RV26.000021-002;25;50;2;NULL;NULL;074M1A;10;2_ODD;2_ODDA;2026-06-17 00:00:00.000;2;1,7;0,7;0,4833
RV26.000021-002;25;50;2;NULL;NULL;074M1A;2;4_AOI;4_AOI_SIDEA;2026-06-17 00:00:00.000;3;1,1667;0,9833;0,8333
RV26.000021-002;25;50;2;4;13;074M1A;3;3_SEL;3_SELA;2026-06-17 00:00:00.000;4;2,05;2,05;3,9667
RV26.000021-002;25;50;2;NULL;NULL;074M1A;APT-1600FD FP-MACHINE3;5_FPT;5_FPT_BASIC;2026-06-17 00:00:00.000;5;0,7;0,3;0,3333
RV26.000021-002;25;50;2;NULL;NULL;074M1A;9;6_DEP;6_DEP;2026-06-17 00:00:00.000;6;0,65;0,65;0,5333
RV26.000021-003;25;50;2;NULL;NULL;074M1A;7;1_SMT;1_SMTA;2026-06-17 00:00:00.000;1;0,5167;0,3167;0,2833
RV26.000021-003;25;50;2;NULL;NULL;074M1A;10;2_ODD;2_ODDA;2026-06-17 00:00:00.000;2;0,8167;0,8167;0,4833
RV26.000021-003;25;50;2;NULL;NULL;074M1A;2;4_AOI;4_AOI_SIDEA;2026-06-17 00:00:00.000;3;1,0167;0,8167;0,8167
RV26.000021-003;25;50;2;4;13;074M1A;3;3_SEL;3_SELA;2026-06-17 00:00:00.000;4;1,3;0,8;1,6
RV26.000021-003;25;50;2;NULL;NULL;074M1A;APT-1600FD FP-MACHINE3;5_FPT;5_FPT_BASIC;2026-06-17 00:00:00.000;5;0,5;0,3;0,3333
RV26.000021-003;25;50;2;NULL;NULL;074M1A;9;6_DEP;6_DEP;2026-06-17 00:00:00.000;6;0,7333;0,5333;0,5333
RV26.000033-001;50;50;1;NULL;NULL;074H1A;7;1_SMT;1_SMTA;2026-07-29 00:00:00.000;1;0,5167;0,3167;0,25
RV26.000033-001;50;50;1;NULL;NULL;074H1A;2;4_AOI;4_AOI_SIDEA;2026-07-29 00:00:00.000;2;1,3667;1,2;1,2
RV26.000033-001;50;50;1;NULL;NULL;074H1A;APT-1600FD FP-MACHINE;5_FPT;5_FPT_BASIC;2026-07-29 00:00:00.000;3;0,6833;0,4833;0,3333
RV26.000072-026;146;2190;15;NULL;NULL;3976HH;7;1_SMT;1_SMTB;2026-06-29 00:00:00.000;1;0,5;0,5;0,5
RV26.000072-026;146;2190;15;NULL;NULL;3976HH;7;1_SMT;1_SMTA;2026-06-29 00:00:00.000;2;0,6333;0,55;0,5
RV26.000072-026;145;2175;15;NULL;NULL;3976HH;APT-1600FD FP-MACHINE2;5_FPT;5_FPT_PREMIUM;2026-06-24 00:00:00.000;3;1,0167;0,9167;0,8333
RV26.000072-026;145;2175;15;NULL;NULL;3976HH;2;4_AOI;4_AOI_SIDEB;2026-06-24 00:00:00.000;4;0,6;0,5833;0,5667
